ticker,sector,pe_ratio,ps_ratio,pb_ratio,peg_ratio,free_cash_flow,earnings_growth,pe_vs_sector,price,above_sma50,above_sma200,rsi,macd_bullish,volume_today,avg_volume_30d,volume_spike,fundamentals_score,technicals_score,score,headline_count,sentiment_score,sentiment_norm,macro_adjustment,growth_score,value_score,growth_composite,momentum_score,confidence_pct,sources_present,ai_summary
CSGP,Real Estate,153.66666,3.1517901,1.4115846,0.1,412700000.0,12.61,110.24259655172415,,False,False,16.181208099261184,False,4933970.0,6748515.666666667,False,100.0,0,61.14663572593603,7.0,0.2505112290382385,65.73317862968014,3,99.78902953586498,69.85997679445202,76.4256385380735,33.006612520388046,100.0,4,"CSGP trades at an attractive PEG ratio of 0.10, and is priced above its sector's average P/E, and is trading below its 200-day average, and recent news sentiment has been notably positive."
HIG,Financial Services,8.932059,1.1661863,1.7763296,0.12,5507500032.0,0.361,-8.939436122058824,,False,False,26.215448617944716,False,2385142.0,1666098.0666666667,False,83.32166853303472,0,52.05627176964599,10.0,0.1663881719112396,57.8076046489018,3,69.83122362869199,58.6641418171561,54.662617004974564,28.564828480419102,100.0,4,"HIG trades at an attractive PEG ratio of 0.12, and is priced below its sector's average P/E, and is trading below its 200-day average, and recent news sentiment has been notably positive."
MU,Technology,14.314004,9.022052,11.925797,0.16,29214251008.0,10.605,-102.33676873658537,,False,False,74.585203643973,True,17877625.0,25358057.5,False,62.4737541993281,25,48.030013039387526,10.0,-0.013770586252212525,40.83411824844942,3,99.57805907172997,49.85937025686427,78.78805317505592,34.289316806890106,100.0,4,"MU trades at an attractive PEG ratio of 0.16, and is priced below its sector's average P/E, and is trading below its 200-day average and showing bullish MACD momentum, and recent news sentiment has been roughly neutral."
CVS,Healthcare,22.89737,0.2696827,1.3951735,0.2,8076000256.0,1.888,-10.441169444444444,,False,False,28.540880687795735,False,12009345.0,7604081.5,True,49.96500559910414,25,42.57299302328171,10.0,0.15456507205963135,56.693702518424224,0,93.0379746835443,44.733058737226116,75.79595253032343,38.5892964413589,100.0,4,"CVS trades at an attractive PEG ratio of 0.20, and is priced below its sector's average P/E, and is trading below its 200-day average and seeing an unusual volume spike, and recent news sentiment has been notably positive."
LUV,Industrials,26.156248,0.6807888,2.890992,0.2,-834750016.0,0.205,-10.192906809210523,,False,False,70.95927848591118,True,5776657.0,5689051.9,False,49.96500559910414,25,41.331038928513635,10.0,0.08865377306938171,50.48393204458386,0,56.856540084388186,43.80159316615006,49.84797126353011,36.41587677551477,100.0,4,"LUV trades at an attractive PEG ratio of 0.20, and is priced below its sector's average P/E, and is trading below its 200-day average and showing bullish MACD momentum, and recent news sentiment has been roughly neutral."
MCHP,Technology,119.838234,8.638654,6.8594275,0.24,1364762496.0,,3.187461263414633,,False,False,75.40051351526115,True,5172674.0,8148055.8,False,41.6258398656215,25,39.62292814573913,9.0,0.19715742932425606,60.706501031047274,0,27.109704641350213,40.33147907402999,30.047443352049875,39.15985934742869,100.0,4,"MCHP trades at an attractive PEG ratio of 0.24, and is priced above its sector's average P/E, and is trading below its 200-day average and showing bullish MACD momentum, and recent news sentiment has been notably positive."
ON,Technology,55.438713,5.397746,4.6340938,0.19,1656649984.0,0.366,-61.21205973658537,,False,False,69.55504959491952,True,11335525.0,10652484.166666666,False,52.59842635704604,25,37.75833130494155,10.0,-0.1638429045677185,26.695197221354167,0,70.25316455696202,41.81333539743075,56.84673491200883,28.353161663178565,100.0,4,"ON trades at an attractive PEG ratio of 0.19, and is priced below its sector's average P/E, and is trading below its 200-day average and showing bullish MACD momentum, and recent news sentiment has been notably negative."
GPN,Industrials,38.582157,2.1305852,0.9452061,0.19,7867763200.0,-0.952,2.2330021907894775,,False,False,16.957604561652516,False,2421083.0,2487912.7666666666,False,52.59842635704604,0,35.80001232483514,8.0,0.1965959556400776,60.65360232082211,0,0.21097046413502107,40.65709616235094,6.213039556976726,26.488603447992343,100.0,4,"GPN trades at an attractive PEG ratio of 0.19, and is priced above its sector's average P/E, and is trading below its 200-day average, and recent news sentiment has been notably positive."
VST,Utilities,24.43339,2.53124,16.194256,0.35,37125000.0,-0.062,5.452544064516129,,False,False,46.5043186020278,True,10751775.0,5032489.166666667,True,28.52143657014878,50,35.49248212178267,10.0,-0.014247584342956542,40.78917832607862,-3,17.932489451476794,35.73123869100106,26.631660448641618,44.6283560711424,100.0,4,"VST trades at an attractive PEG ratio of 0.35, and is priced above its sector's average P/E, and is trading below its 200-day average and showing bullish MACD momentum and seeing an unusual volume spike, and recent news sentiment has been roughly neutral."
EME,Industrials,24.25903,1.8480937,8.451285,0.32,978281600.0,0.348,-12.090124809210526,,False,False,74.24310002873057,True,356833.0,366454.43333333335,False,31.201882698768195,25,34.758054790013674,10.0,0.187918221950531,59.83603787783991,0,68.67088607594937,33.9465353009369,59.05322404094855,37.81280152712079,100.0,4,"EME trades at an attractive PEG ratio of 0.32, and is priced below its sector's average P/E, and is trading below its 200-day average and showing bullish MACD momentum, and recent news sentiment has been notably positive."
NVDA,Technology,30.202276,19.040558,25.19245,0.29,41809874944.0,1.278,-86.44849673658537,,False,False,82.35296517584341,True,126384437.0,126103934.56666666,False,34.4369038884813,25,34.53441481174339,10.0,0.09879141449928283,51.43904030963403,0,90.084388185654,34.62799837953388,73.20297576092119,35.19735449722005,100.0,4,"NVDA trades at an attractive PEG ratio of 0.29, and is priced below its sector's average P/E, and is trading below its 200-day average and showing bullish MACD momentum, and recent news sentiment has been roughly neutral."
DAL,Industrials,13.777778,0.8000838,2.4909303,0.21,2817374976.0,-0.254,-22.571376809210527,,False,False,65.95090789777925,True,7551123.0,6697824.1,False,47.5823868181091,25,34.30607569253858,10.0,-0.2272643268108368,20.720008121947412,0,8.860759493670885,37.90743330915757,13.27453245776436,25.760241524492507,100.0,4,"DAL trades at an attractive PEG ratio of 0.21, and is priced below its sector's average P/E, and is trading below its 200-day average and showing bullish MACD momentum, and recent news sentiment has been notably negative."
ABBV,Healthcare,75.07345,7.2939634,-79.11879,0.54,16870250496.0,2.904,41.73491055555555,,False,False,49.28940224623409,False,7540753.0,4240071.766666667,True,18.461490605947493,25,34.057670772676374,10.0,0.6142236590385437,100.0,-3,95.35864978902954,32.3268943635685,81.75105485232068,50.59614906059475,100.0,4,"ABBV trades at an attractive PEG ratio of 0.54, and is priced above its sector's average P/E, and is trading below its 200-day average and seeing an unusual volume spike, and recent news sentiment has been notably positive."
FIS,Technology,5.1582184,1.4226887,1.0804029,0.17,2653125120.0,,-111.49255433658537,,False,False,13.864289025822913,False,7930343.0,6294224.766666667,False,58.794710493379874,0,32.4358367502695,10.0,-0.1299213409423828,29.8910851412428,0,27.109704641350213,39.76048906721434,21.965901763069425,16.34135084877297,100.0,4,"FIS trades at an attractive PEG ratio of 0.17, and is priced below its sector's average P/E, and is trading below its 200-day average, and recent news sentiment has been roughly neutral."
ALGN,Healthcare,24.460869,2.4137404,2.3675659,0.61,594111360.0,-0.121,-8.877670444444444,,False,False,44.17024806468073,True,1679816.0,901567.2,True,16.33492739522332,50,31.595429326509148,3.0,0.06996895869572957,48.72355999329327,-3,13.71308016877637,29.60949043612798,24.471512117472784,46.186738737174984,100.0,4,"ALGN trades at an attractive PEG ratio of 0.61, and is priced below its sector's average P/E, and is trading below its 200-day average and showing bullish MACD momentum and seeing an unusual volume spike, and recent news sentiment has been roughly neutral."
CIEN,Technology,87.17898,9.178266,18.089779,0.4,633368384.0,4.229,-29.47179273658537,,False,False,74.36533657769031,True,2473302.0,2536986.7333333334,False,24.947508398656215,25,31.189230238219352,10.0,0.30709598064422605,71.06425729412025,-3,97.67932489451476,31.878143633311765,80.48195315557236,41.117240892807715,100.0,4,"CIEN trades at an attractive PEG ratio of 0.40, and is priced below its sector's average P/E, and is trading below its 200-day average and showing bullish MACD momentum, and recent news sentiment has been notably positive."
COF,Financial Services,12.533076,2.4884307,1.1625234,0.17,,,-5.338419122058825,,False,False,29.363709710077657,False,2489407.0,3417183.566666667,False,58.794710493379874,0,30.2515353309998,9.0,-0.24584361579683092,18.96957804489429,0,27.109704641350213,38.12226300276206,20.873751053434574,12.518823365050988,100.0,4,"COF trades at an attractive PEG ratio of 0.17, and is priced below its sector's average P/E, and is trading below its 200-day average, and recent news sentiment has been notably negative."
PTC,Technology,18.647913,7.0621567,6.1348476,1.35,1031425152.0,-0.12,-98.00285973658536,,False,False,68.3116935875409,True,29525582.0,2500516.066666667,True,7.342602961303969,50,28.838202574129877,10.0,0.13839395642280578,55.17015620771545,-3,13.924050632911392,25.1810852079397,25.26385106380952,47.54381496883081,100.0,4,"PTC has a reasonable PEG ratio of 1.35, and is priced below its sector's average P/E, and is trading below its 200-day average and showing bullish MACD momentum and seeing an unusual volume spike, and recent news sentiment has been roughly neutral."
CHRW,Industrials,26.833971,0.9666957,10.117283,1.92,480618368.0,0.238,-9.515183809210527,,False,False,50.1644067475339,True,8655249.0,1614118.3,True,5.141989781634939,50,27.982140150751448,5.0,0.1455167531967163,55.84122374507863,-3,60.75949367088608,23.961377430742758,58.115767944128116,47.55862728894101,100.0,4,"CHRW has a reasonable PEG ratio of 1.92, and is priced below its sector's average P/E, and is trading below its 200-day average and showing bullish MACD momentum and seeing an unusual volume spike, and recent news sentiment has been roughly neutral."
FTV,Technology,30.2,4.0532293,2.864989,0.98,939112512.0,0.04,-86.45077273658536,,False,False,56.28079182226515,True,3652988.0,2285839.6,True,10.14123454532989,50,27.46158982732203,3.0,-0.001500089963277181,41.99017140961789,-3,33.54430379746836,24.883266438640618,37.68002979918964,43.21068344789926,100.0,4,"FTV trades at an attractive PEG ratio of 0.98, and is priced below its sector's average P/E, and is trading below its 200-day average and showing bullish MACD momentum and seeing an unusual volume spike, and recent news sentiment has been roughly neutral."
SW,Consumer Cyclical,44.642105,0.7101136,1.231703,0.26,1215000064.0,,5.28558069230769,,False,False,44.06092208024575,False,3612043.0,4410281.433333334,False,38.41846842966664,0,27.431027827913287,10.0,0.09109134078025818,50.71358517281649,0,27.109704641350213,30.658118833722455,24.048151766226795,21.591601653452432,100.0,4,"SW trades at an attractive PEG ratio of 0.26, and is priced above its sector's average P/E, and is trading below its 200-day average, and recent news sentiment has been roughly neutral."
AVGO,Technology,46.297577,19.421,17.359928,0.35,30596499456.0,2.153,-70.35319573658538,,False,False,61.1026439055027,True,21357358.0,25209841.933333334,False,28.52143657014878,25,27.010946648902767,10.0,0.0,42.13150096167908,-3,93.88185654008439,29.68258708634113,74.93044967422698,31.348168993602556,100.0,4,"AVGO trades at an attractive PEG ratio of 0.35, and is priced below its sector's average P/E, and is trading below its 200-day average and showing bullish MACD momentum, and recent news sentiment has been roughly neutral."
PEG,Utilities,17.084578,2.7285907,1.9737333,3.22,107750000.0,-0.427,-1.8962679354838698,,False,False,34.95520542204396,True,5451592.0,3432459.7333333334,True,3.037774825593122,50,24.630280557557626,10.0,0.01788383424282074,43.816409430203606,-3,6.329113924050633,20.895126309886415,18.812020689855803,43.13952078313058,100.0,4,"PEG trades at a relatively high PEG ratio of 3.22, and is priced below its sector's average P/E, and is trading below its 200-day average and showing bullish MACD momentum and seeing an unusual volume spike, and recent news sentiment has been roughly neutral."
HPE,Technology,35.237114,2.1672637,3.4241633,0.55,4738625024.0,4.102,-81.41365873658538,,False,False,84.58091594325336,True,15722318.0,24392117.266666666,False,18.12455461671587,25,23.692175878240658,10.0,0.07216684222221374,48.930631503592586,-3,97.46835443037975,24.46432749556841,78.12091125162507,32.688176487929,100.0,4,"HPE trades at an attractive PEG ratio of 0.55, and is priced below its sector's average P/E, and is trading below its 200-day average and showing bullish MACD momentum, and recent news sentiment has been roughly neutral."
LEN,Consumer Cyclical,14.510721,0.5608542,0.82093585,11.3,1227246208.0,-0.482,-24.84580330769231,,False,False,49.36769924459366,True,10634062.0,4907455.4,True,0.8155863203480364,50,23.293314036492433,,,42.13150096167908,-3,4.852320675105485,19.309076936460684,17.60977456874175,42.327583968622484,75.0,3,"LEN trades at a relatively high PEG ratio of 11.30, and is priced below its sector's average P/E, and is trading below its 200-day average and showing bullish MACD momentum and seeing an unusual volume spike, and no reliable sentiment data was available today."
FSLR,Technology,10.860666,3.5201988,1.8344077,0.32,1598684800.0,0.233,-105.79010673658537,,False,False,33.002323893905626,False,1538255.0,2237751.8333333335,False,31.201882698768195,0,22.467147406781503,,,42.13150096167908,0,60.02109704641351,25.04085476351278,46.22791802865736,17.866213606464495,75.0,3,"FSLR trades at an attractive PEG ratio of 0.32, and is priced below its sector's average P/E, and is trading below its 200-day average, and no reliable sentiment data was available today."
GM,Consumer Cyclical,35.97758,0.37944645,1.1348592,0.27,21933750272.0,-0.262,-3.378944307692308,,False,False,35.59251972526748,False,6488023.0,7286540.766666667,False,36.9929700136867,0,22.110795198875223,10.0,-0.15721336007118225,27.31979346358104,0,8.438818565400844,26.293751027749177,8.639152342138694,13.261224713622033,100.0,4,"GM trades at an attractive PEG ratio of 0.27, and is priced below its sector's average P/E, and is trading below its 200-day average, and recent news sentiment has been notably negative."
FICO,Technology,19.965546,6.222469,-3.6350937,0.58,774413504.0,0.412,-96.68522673658536,,False,False,16.680693631423978,False,1167512.0,754963.7333333333,True,17.18345754334479,25,21.90885608684097,,,42.13150096167908,-3,71.94092827004219,22.879799670258734,59.57179988519744,30.214371090922157,75.0,3,"FICO trades at an attractive PEG ratio of 0.58, and is priced below its sector's average P/E, and is trading below its 200-day average and seeing an unusual volume spike, and no reliable sentiment data was available today."
FIX,Industrials,42.152313,5.3696313,18.711851,0.58,1841915392.0,0.919,5.803158190789475,,False,False,79.81309481753715,True,251073.0,329665.76666666666,False,17.18345754334479,25,21.90885608684097,,,42.13150096167908,-3,86.28691983122363,22.879799670258734,69.61399397802444,30.214371090922157,75.0,3,"FIX trades at an attractive PEG ratio of 0.58, and is priced above its sector's average P/E, and is trading below its 200-day average and showing bullish MACD momentum, and no reliable sentiment data was available today."
WDC,Technology,16.405647,12.325203,21.115946,0.79,2268750080.0,9.841,-100.24512573658536,,False,False,51.09691599311117,True,11266920.0,7224310.666666667,True,12.597098388308503,50,21.780451026097783,10.0,-0.36165218353271483,8.058783756794782,-3,99.36708860759494,21.26707659650432,80.36284040099594,31.580284153709027,100.0,4,"WDC trades at an attractive PEG ratio of 0.79, and is priced below its sector's average P/E, and is trading below its 200-day average and showing bullish MACD momentum and seeing an unusual volume spike, and recent news sentiment has been notably negative."
GNRC,Industrials,49.471264,2.8635564,4.412639,0.61,289056512.0,0.92,13.122109190789473,,False,False,76.3134779339629,True,930490.0,1355619.6666666667,False,16.33492739522332,25,21.527017520186313,,,42.13150096167908,-3,86.49789029535864,22.370681581385853,69.76167330291895,30.12951807611001,75.0,3,"GNRC trades at an attractive PEG ratio of 0.61, and is priced above its sector's average P/E, and is trading below its 200-day average and showing bullish MACD momentum, and no reliable sentiment data was available today."
IR,Industrials,32.325104,3.8373947,2.9945486,0.62,1107425024.0,,-4.024050809210522,,False,False,66.82845169689102,True,4237795.0,4414669.833333333,False,16.070331972690823,25,21.407949580046687,,,42.13150096167908,-3,27.109704641350213,22.211924327866356,28.189943345113054,30.10305853385676,75.0,3,"IR trades at an attractive PEG ratio of 0.62, and is priced below its sector's average P/E, and is trading below its 200-day average and showing bullish MACD momentum, and no reliable sentiment data was available today."
ADI,Technology,49.774345,14.629386,6.052947,0.62,4147339008.0,1.635,-66.87642773658537,,False,False,87.53024457568102,True,2130351.0,3268821.7,False,16.070331972690823,25,21.407949580046687,,,42.13150096167908,-3,92.19409282700421,22.211924327866356,73.74901507507086,30.10305853385676,75.0,3,"ADI trades at an attractive PEG ratio of 0.62, and is priced below its sector's average P/E, and is trading below its 200-day average and showing bullish MACD momentum, and no reliable sentiment data was available today."
ZBRA,Technology,34.432632,3.060366,5.1825895,0.63,576750016.0,1.215,-82.21814073658537,,False,False,79.71299775839371,True,348268.0,541818.9333333333,False,15.814136404841891,25,21.292661574514668,,,42.13150096167908,-3,89.66244725738397,22.058206987156996,71.97686317633668,30.077438977071868,75.0,3,"ZBRA trades at an attractive PEG ratio of 0.63, and is priced below its sector's average P/E, and is trading below its 200-day average and showing bullish MACD momentum, and no reliable sentiment data was available today."
AIG,Financial Services,13.758243,1.4690056,0.9707182,0.63,7365000192.0,-0.101,-4.1132521220588245,,False,False,47.456044514457034,True,4297504.0,4568703.466666667,False,15.814136404841891,25,21.292661574514668,,,42.13150096167908,-3,15.611814345991561,22.058206987156996,20.141420138362,30.077438977071868,75.0,3,"AIG trades at an attractive PEG ratio of 0.63, and is priced below its sector's average P/E, and is trading below its 200-day average and showing bullish MACD momentum, and no reliable sentiment data was available today."
AMD,Technology,161.1607,24.968311,15.337088,0.64,8841499648.0,1.595,44.509927263414625,,False,False,83.40456982402135,True,13607612.0,20163140.4,False,15.565946948488243,25,21.180976319155526,,,42.13150096167908,-3,91.9831223628692,21.909293313344808,73.60133575017635,30.052620031436504,75.0,3,"AMD trades at an attractive PEG ratio of 0.64, and is priced above its sector's average P/E, and is trading below its 200-day average and showing bullish MACD momentum, and no reliable sentiment data was available today."
BE,Industrials,377.17105,27.119242,52.165604,0.65,531637504.0,,340.82189519078946,,False,False,59.31133113227409,True,7474549.0,15806244.966666667,False,15.325394090791628,25,21.072727533192047,,,42.13150096167908,-3,27.109704641350213,21.76496159872684,28.189943345113054,30.02856474566684,75.0,3,"BE trades at an attractive PEG ratio of 0.65, and is priced above its sector's average P/E, and is trading below its 200-day average and showing bullish MACD momentum, and no reliable sentiment data was available today."
COO,Healthcare,19.50859,2.547881,1.2958229,0.54,542649984.0,3.571,-13.829949444444441,,False,False,67.80820077085185,True,3948533.0,4398401.1,False,18.461490605947493,25,20.8425206317971,10.0,-0.08711282014846802,33.92424929560363,-3,97.0464135021097,22.41553175790904,76.32491438103715,27.469636314056018,100.0,4,"COO trades at an attractive PEG ratio of 0.54, and is priced below its sector's average P/E, and is trading below its 200-day average and showing bullish MACD momentum, and recent news sentiment has been roughly neutral."
STX,Technology,63.819427,16.541046,92.8404,0.49,1943750016.0,1.488,-52.83134573658537,,False,False,62.100066848942845,True,5584376.0,3952035.8666666667,False,20.352457892451493,25,20.526391728251966,10.0,-0.14904966354370117,28.088928383243967,-3,91.35021097046413,22.67481399295749,71.75404051764929,25.616370723380538,100.0,4,"STX trades at an attractive PEG ratio of 0.49, and is priced below its sector's average P/E, and is trading below its 200-day average and showing bullish MACD momentum, and recent news sentiment has been roughly neutral."
RVTY,Healthcare,75.29187,6.030349,2.4290323,0.73,604992128.0,0.012,41.95333055555556,,False,False,69.75610378535177,True,1549597.0,2080503.2333333334,False,13.638228842289344,25,20.313503171366023,,,42.13150096167908,-3,30.69620253164557,20.75266244962547,30.70049186831981,29.859848220816612,75.0,3,"RVTY trades at an attractive PEG ratio of 0.73, and is priced above its sector's average P/E, and is trading below its 200-day average and showing bullish MACD momentum, and no reliable sentiment data was available today."
PCG,Utilities,8.949276,1.4351214,0.84151,0.51,-6150125056.0,0.398,-10.031569935483871,,False,False,32.922718919967124,True,30655201.0,51255430.03333333,False,19.55157762993215,25,20.27743709354867,10.0,-0.14313539266586303,28.64613580039601,-3,71.09704641350211,22.27786694801869,57.63254606949108,25.73130529313182,100.0,4,"PCG trades at an attractive PEG ratio of 0.51, and is priced below its sector's average P/E, and is trading below its 200-day average and showing bullish MACD momentum, and recent news sentiment has been roughly neutral."
KEYS,Technology,51.98512,9.936634,9.95646,0.76,1867124992.0,1.091,-64.66565273658537,,False,False,96.83311103500657,True,850643.0,1101061.4333333333,False,13.097114987917724,25,20.07000193689879,,,42.13150096167908,-3,88.81856540084388,20.427994137002496,71.38614587675862,29.80573683537945,75.0,3,"KEYS trades at an attractive PEG ratio of 0.76, and is priced below its sector's average P/E, and is trading below its 200-day average and showing bullish MACD momentum, and no reliable sentiment data was available today."
HWM,Industrials,49.476295,10.041992,16.020237,0.8,1189874944.0,0.33,13.127140190789476,,False,False,58.91892716691301,True,2250820.0,3467157.3333333335,False,12.438759798432251,25,19.77374210163033,,,42.13150096167908,-3,67.19409282700421,20.032981023311212,56.24901507507085,29.739901316430903,75.0,3,"HWM trades at an attractive PEG ratio of 0.80, and is priced above its sector's average P/E, and is trading below its 200-day average and showing bullish MACD momentum, and no reliable sentiment data was available today."
AES,Utilities,5.580524,0.8140071,2.150072,0.81,-3089125120.0,,-13.40032193548387,,False,False,73.91291728344383,True,9213300.0,8254966.666666667,False,12.284330803367757,25,19.704249053851306,,,42.13150096167908,-3,27.109704641350213,19.940323626272516,28.189943345113054,29.724458416924453,75.0,3,"AES trades at an attractive PEG ratio of 0.81, and is priced below its sector's average P/E, and is trading below its 200-day average and showing bullish MACD momentum, and no reliable sentiment data was available today."
TER,Technology,61.06181,15.568473,20.236265,0.82,437381248.0,3.858,-55.588962736585366,,False,False,90.79992987320166,True,1677831.0,2399831.033333333,False,12.133668369158496,25,19.63645095845714,,,42.13150096167908,-3,97.25738396624473,19.849926165746957,77.29331887253922,29.709392173503527,75.0,3,"TER trades at an attractive PEG ratio of 0.82, and is priced below its sector's average P/E, and is trading below its 200-day average and showing bullish MACD momentum, and no reliable sentiment data was available today."
HII,Industrials,15.880811,0.7964003,1.9767374,0.82,-300249984.0,0.365,-20.468343809210523,,False,False,39.491937747925846,True,566052.0,477018.4,False,12.133668369158496,25,19.63645095845714,,,42.13150096167908,-3,70.042194092827,19.849926165746957,58.242685961146805,29.709392173503527,75.0,3,"HII trades at an attractive PEG ratio of 0.82, and is priced below its sector's average P/E, and is trading below its 200-day average and showing bullish MACD momentum, and no reliable sentiment data was available today."
JBL,Technology,30.86564,0.8770826,19.552986,0.82,1275500032.0,0.89,-85.78513273658537,,False,False,55.532035973248256,True,1044796.0,1294479.8666666667,False,12.133668369158496,25,19.63645095845714,,,42.13150096167908,-3,85.44303797468355,19.849926165746957,69.0232766784464,29.709392173503527,75.0,3,"JBL trades at an attractive PEG ratio of 0.82, and is priced below its sector's average P/E, and is trading below its 200-day average and showing bullish MACD momentum, and no reliable sentiment data was available today."
VRT,Industrials,57.38009,8.505583,20.521076,0.85,2696537600.0,0.53,21.030935190789478,,False,False,63.22443923440074,True,4337359.0,4887138.633333334,False,11.702951057242608,25,19.44262816809499,,,42.13150096167908,-3,77.0042194092827,19.591495778597427,63.116103682665795,29.66632044231194,75.0,3,"VRT trades at an attractive PEG ratio of 0.85, and is priced above its sector's average P/E, and is trading below its 200-day average and showing bullish MACD momentum, and no reliable sentiment data was available today."
PNR,Industrials,13.603092,2.126113,2.247296,0.85,558312512.0,-0.111,-22.746062809210525,,False,False,22.222195689809567,True,2229899.0,3449383.3,False,11.702951057242608,25,19.44262816809499,,,42.13150096167908,-3,14.767932489451477,19.591495778597427,19.55070283878394,29.66632044231194,75.0,3,"PNR trades at an attractive PEG ratio of 0.85, and is priced below its sector's average P/E, and is trading below its 200-day average and showing bullish MACD momentum, and no reliable sentiment data was available today."
BKNG,Consumer Cyclical,17.553215,4.3442693,-11.129622,0.87,7725875200.0,1.3,-21.80330930769231,,False,False,30.122824797737323,True,8304850.0,7866228.333333333,False,11.43230876163262,25,19.320839135070496,,,42.13150096167908,-3,90.29535864978902,19.429110401231434,72.41990115102021,29.63925621275094,75.0,3,"BKNG trades at an attractive PEG ratio of 0.87, and is priced below its sector's average P/E, and is trading below its 200-day average and showing bullish MACD momentum, and no reliable sentiment data was available today."
BLK,Financial Services,25.52537,6.347219,2.869084,0.89,7578124800.0,0.196,7.653874877941174,,False,False,50.288561405547526,True,610515.0,565533.8333333334,False,11.173830164701739,25,19.2045237664516,,,42.13150096167908,-3,56.0126582278481,19.274023243072904,48.422010855661576,29.613408353057853,75.0,3,"BLK trades at an attractive PEG ratio of 0.89, and is priced above its sector's average P/E, and is trading below its 200-day average and showing bullish MACD momentum, and no reliable sentiment data was available today."
CCL,Consumer Cyclical,10.969957,1.2455417,2.4356773,0.89,1807624960.0,0.05,-28.38656730769231,,False,False,75.81330099562551,True,21583951.0,24863458.366666667,False,11.173830164701739,25,19.2045237664516,,,42.13150096167908,-3,34.91561181434599,19.274023243072904,33.6540783662101,29.613408353057853,75.0,3,"CCL trades at an attractive PEG ratio of 0.89, and is priced below its sector's average P/E, and is trading below its 200-day average and showing bullish MACD momentum, and no reliable sentiment data was available today."
TXT,Industrials,14.265537,0.8609772,1.617104,0.9,452750016.0,0.052,-22.083617809210523,,False,False,31.19569769418632,True,1644540.0,1816704.6666666667,False,11.048898842851813,25,19.148304671619133,,,42.13150096167908,-3,35.654008438818565,19.19906444996295,34.170956003340905,29.60091522087286,75.0,3,"TXT trades at an attractive PEG ratio of 0.90, and is priced below its sector's average P/E, and is trading below its 200-day average and showing bullish MACD momentum, and no reliable sentiment data was available today."
LII,Industrials,15.923721,2.3540397,9.62143,0.9,277737504.0,0.001,-20.425433809210524,,False,False,45.793696434481525,True,439023.0,491020.76666666666,False,11.048898842851813,25,19.148304671619133,,,42.13150096167908,-3,29.957805907172997,19.19906444996295,30.183614231189004,29.60091522087286,75.0,3,"LII trades at an attractive PEG ratio of 0.90, and is priced below its sector's average P/E, and is trading below its 200-day average and showing bullish MACD momentum, and no reliable sentiment data was available today."
MRVL,Technology,89.226974,25.795332,12.834161,0.91,2408049920.0,0.5,-27.42379873658537,,False,False,82.64293969163019,True,12506520.0,19783377.333333332,False,10.926713264339243,25,19.093321161288475,,,42.13150096167908,-3,75.42194092827003,19.12575310285541,62.00850874595693,29.5886966630216,75.0,3,"MRVL trades at an attractive PEG ratio of 0.91, and is priced below its sector's average P/E, and is trading below its 200-day average and showing bullish MACD momentum, and no reliable sentiment data was available today."
SMCI,Technology,13.248466,0.7152137,2.7669933,0.91,-8248783872.0,4.347,-103.40230673658536,,False,False,76.39344672367451,True,22032582.0,36744969.4,False,10.926713264339243,25,19.093321161288475,,,42.13150096167908,-3,97.8902953586498,19.12575310285541,77.73635684722277,29.5886966630216,75.0,3,"SMCI trades at an attractive PEG ratio of 0.91, and is priced below its sector's average P/E, and is trading below its 200-day average and showing bullish MACD momentum, and no reliable sentiment data was available today."
COHR,Technology,80.98059,9.178956,5.9899464,0.92,-649981632.0,,-35.67018273658536,,False,False,70.1745849140479,True,5407129.0,6343824.3,False,10.807183894055212,25,19.039532944660664,,,42.13150096167908,-3,27.109704641350213,19.054035480684988,28.189943345113054,29.5767437259932,75.0,3,"COHR trades at an attractive PEG ratio of 0.92, and is priced below its sector's average P/E, and is trading below its 200-day average and showing bullish MACD momentum, and no reliable sentiment data was available today."
PYPL,Financial Services,10.285444,1.3742799,2.3663723,0.93,4423124992.0,-0.031,-7.586051122058825,,False,False,44.09356213754844,True,8263466.0,12826515.533333333,False,10.69022504786331,25,18.986901463874304,,,42.13150096167908,-3,21.09704641350211,18.983860172969848,23.981082585619383,29.56504784137401,75.0,3,"PYPL trades at an attractive PEG ratio of 0.93, and is priced below its sector's average P/E, and is trading below its 200-day average and showing bullish MACD momentum, and no reliable sentiment data was available today."
FLEX,Technology,45.081085,1.4737244,7.841504,0.94,625750016.0,0.52,-71.56968773658537,,False,False,67.15824452638422,True,2604240.0,3067474.6666666665,False,10.575754687760597,25,18.935389801828084,,,42.13150096167908,-3,76.58227848101265,18.91517795690822,62.82074503287676,29.553600805363736,75.0,3,"FLEX trades at an attractive PEG ratio of 0.94, and is priced below its sector's average P/E, and is trading below its 200-day average and showing bullish MACD momentum, and no reliable sentiment data was available today."
TEL,Technology,21.442703,3.285204,4.7921634,0.94,2336875008.0,0.192,-95.20806973658537,,False,False,75.0794458992015,True,1156976.0,1894272.5333333334,False,10.575754687760597,25,18.935389801828084,,,42.13150096167908,-3,55.06329113924051,18.91517795690822,47.75745389363627,29.553600805363736,75.0,3,"TEL trades at an attractive PEG ratio of 0.94, and is priced below its sector's average P/E, and is trading below its 200-day average and showing bullish MACD momentum, and no reliable sentiment data was available today."
APTV,Consumer Cyclical,43.455444,0.45267692,1.044801,0.95,1615874944.0,-0.353,4.098919692307689,,False,False,48.73341824761224,True,2621688.0,4582692.933333334,False,10.463694229975836,25,18.88496259582494,,,42.13150096167908,-3,6.751054852320674,18.847941682237362,13.93888849279238,29.54239475958526,75.0,3,"APTV trades at an attractive PEG ratio of 0.95, and is priced above its sector's average P/E, and is trading below its 200-day average and showing bullish MACD momentum, and no reliable sentiment data was available today."
LULU,Consumer Cyclical,7.665844,0.92947304,2.1710954,0.95,1148515840.0,-0.059,-31.69068030769231,,False,False,41.14181612024503,True,7039442.0,7004794.733333333,False,10.463694229975836,25,18.88496259582494,,,42.13150096167908,-3,18.143459915611814,18.847941682237362,21.913572037096177,29.54239475958526,75.0,3,"LULU trades at an attractive PEG ratio of 0.95, and is priced below its sector's average P/E, and is trading below its 200-day average and showing bullish MACD momentum, and no reliable sentiment data was available today."
DECK,Consumer Cyclical,11.345119,1.9762213,4.764762,0.97,871420352.0,0.011,-28.01140530769231,,False,False,57.777776139690815,True,2800375.0,3288115.8333333335,False,10.24650488911465,25,18.78722739243741,,,42.13150096167908,-3,30.37974683544304,18.71762807772065,30.478972880978034,29.520675825499143,75.0,3,"DECK trades at an attractive PEG ratio of 0.97, and is priced below its sector's average P/E, and is trading below its 200-day average and showing bullish MACD momentum, and no reliable sentiment data was available today."
GLW,Technology,73.1055,8.0759535,11.496068,0.98,734499968.0,0.185,-43.54527273658536,,False,False,69.86509951130766,True,6537179.0,8299532.633333334,False,10.14123454532989,25,18.739855737734267,,,42.13150096167908,-3,54.641350210970465,18.654465871449794,47.46209524384723,29.510148791120667,75.0,3,"GLW trades at an attractive PEG ratio of 0.98, and is priced below its sector's average P/E, and is trading below its 200-day average and showing bullish MACD momentum, and no reliable sentiment data was available today."
APH,Technology,43.635,7.4178925,13.8876505,0.99,3818374912.0,0.593,-73.01577273658538,,False,False,84.20103119882813,True,9412079.0,11849415.966666667,False,10.038090875156946,25,18.69344108615644,,,42.13150096167908,-3,79.32489451476793,18.59257966934603,64.74057625650545,29.499834424103373,75.0,3,"APH trades at an attractive PEG ratio of 0.99, and is priced below its sector's average P/E, and is trading below its 200-day average and showing bullish MACD momentum, and no reliable sentiment data was available today."
CSCO,Technology,33.87988,7.024124,8.853488,1.03,11182624768.0,0.521,-82.77089273658537,,False,False,56.65015063793757,True,17678851.0,16903951.7,False,9.645544091586125,25,18.51679503354957,,,42.13150096167908,-3,76.79324894514767,18.357051599203537,62.96842435777127,29.46057974574629,75.0,3,"CSCO has a reasonable PEG ratio of 1.03, and is priced below its sector's average P/E, and is trading below its 200-day average and showing bullish MACD momentum, and no reliable sentiment data was available today."
TSN,Consumer Defensive,31.919752,0.3266358,1.0062269,1.04,1191250048.0,2.041,1.6716171666666675,,False,False,43.29268718176948,True,3920528.0,3517404.2666666666,False,9.552125506072874,25,18.474756670068608,,,42.13150096167908,-3,93.45991561181435,18.301000447895586,74.63509102443795,29.451237887194967,75.0,3,"TSN has a reasonable PEG ratio of 1.04, and is priced above its sector's average P/E, and is trading below its 200-day average and showing bullish MACD momentum, and no reliable sentiment data was available today."
SBUX,Consumer Cyclical,54.583813,2.8079023,-14.024952,1.04,3065537536.0,0.857,15.227288692307688,,False,False,39.84795857422022,True,8822206.0,6692366.866666666,False,9.552125506072874,25,18.474756670068608,,,42.13150096167908,-3,84.81012658227847,18.301000447895586,68.58023870376283,29.451237887194967,75.0,3,"SBUX has a reasonable PEG ratio of 1.04, and is priced above its sector's average P/E, and is trading below its 200-day average and showing bullish MACD momentum, and no reliable sentiment data was available today."
TXN,Technology,44.88584,13.844483,14.952086,1.05,3545250048.0,0.518,-71.76493273658537,,False,False,81.57622863641095,True,3772126.0,5609904.2,False,9.46048632218845,25,18.433519037320618,,,42.13150096167908,-3,76.37130801687763,18.24601693756493,62.673065707982246,29.442073968806522,75.0,3,"TXN has a reasonable PEG ratio of 1.05, and is priced below its sector's average P/E, and is trading below its 200-day average and showing bullish MACD momentum, and no reliable sentiment data was available today."
CARR,Industrials,40.384056,2.0937328,3.4973328,1.07,861750016.0,-0.118,4.034901190789476,,False,False,47.06702519138753,True,4873589.0,6713486.3,False,9.282346600244896,25,18.35335616244602,,,42.13150096167908,-3,14.135021097046414,18.1391331043988,19.107664864100396,29.424259996612168,75.0,3,"CARR has a reasonable PEG ratio of 1.07, and is priced above its sector's average P/E, and is trading below its 200-day average and showing bullish MACD momentum, and no reliable sentiment data was available today."
CMI,Industrials,26.743484,2.080769,5.608277,1.07,2229374976.0,0.047,-9.605670809210526,,False,False,43.07537460731045,True,802501.0,1114790.0333333334,False,9.282346600244896,25,18.35335616244602,,,42.13150096167908,-3,34.38818565400844,18.1391331043988,33.284880053973815,29.424259996612168,75.0,3,"CMI has a reasonable PEG ratio of 1.07, and is priced below its sector's average P/E, and is trading below its 200-day average and showing bullish MACD momentum, and no reliable sentiment data was available today."
AMAT,Technology,46.788612,13.955704,16.793535,1.07,3075375104.0,0.428,-69.86216073658537,,False,False,95.03673694782135,True,4632077.0,6322339.233333333,False,9.282346600244896,25,18.35335616244602,,,42.13150096167908,-3,72.9957805907173,18.1391331043988,60.310196509670014,29.424259996612168,75.0,3,"AMAT has a reasonable PEG ratio of 1.07, and is priced below its sector's average P/E, and is trading below its 200-day average and showing bullish MACD momentum, and no reliable sentiment data was available today."
MPWR,Technology,90.01764,22.21898,18.669216,1.08,444316128.0,0.858,-26.633132736585367,,False,False,84.36940401142914,True,665911.0,678747.0333333333,False,9.19575090207789,25,18.314388098270868,,,42.13150096167908,-3,85.0210970464135,18.087175685498597,68.72791802865736,29.415600426795468,75.0,3,"MPWR has a reasonable PEG ratio of 1.08, and is priced below its sector's average P/E, and is trading below its 200-day average and showing bullish MACD momentum, and no reliable sentiment data was available today."
RCL,Consumer Cyclical,16.97716,3.9373379,7.186006,1.12,-1516249984.0,-0.046,-22.37936430769231,,False,False,67.9649995747838,True,3025593.0,2821929.7666666666,False,8.86483162693969,25,18.165474424458676,,,42.13150096167908,-3,19.40928270042194,17.888624120415678,22.799647986463263,29.38250849928165,75.0,3,"RCL has a reasonable PEG ratio of 1.12, and is priced below its sector's average P/E, and is trading below its 200-day average and showing bullish MACD momentum, and no reliable sentiment data was available today."
LLY,Healthcare,38.37261,12.789999,30.080523,1.13,11065900032.0,0.262,5.034070555555559,,False,False,52.61442303139353,True,1975581.0,2321586.033333333,False,8.785762419605785,25,18.12989328115842,,,42.13150096167908,-3,62.447257383966246,17.841182596015333,52.92623026494428,29.37460157854826,75.0,3,"LLY has a reasonable PEG ratio of 1.13, and is priced above its sector's average P/E, and is trading below its 200-day average and showing bullish MACD momentum, and no reliable sentiment data was available today."
DHI,Consumer Cyclical,12.700667,1.1173793,1.5702196,1.13,2413900032.0,-0.048,-26.65585730769231,,False,False,39.59999975585922,False,4889959.0,2669128.6333333333,True,8.785762419605785,25,18.12989328115842,,,42.13150096167908,-3,19.198312236286917,17.841182596015333,22.65196866156875,29.37460157854826,75.0,3,"DHI has a reasonable PEG ratio of 1.13, and is priced below its sector's average P/E, and is trading below its 200-day average and seeing an unusual volume spike, and no reliable sentiment data was available today."
DLTR,Consumer Defensive,13.786845,1.0582587,6.2018523,1.14,1049587520.0,1.972,-16.461289833333332,,False,False,48.32179574257414,True,2191744.0,2827518.1333333333,False,8.708080391347913,25,18.094936368442376,,,42.13150096167908,-3,93.24894514767934,17.79457337906061,74.48741169954344,29.366833375722468,75.0,3,"DLTR has a reasonable PEG ratio of 1.14, and is priced below its sector's average P/E, and is trading below its 200-day average and showing bullish MACD momentum, and no reliable sentiment data was available today."
CAH,Healthcare,32.24343,0.21231678,-18.841024,1.15,4752500224.0,0.688,-1.0951094444444465,,False,False,43.817678939774595,True,1721705.0,1747356.8333333333,False,8.631749354885828,25,18.06058740203444,,,42.13150096167908,-3,82.70042194092827,17.74877475718336,67.10344545481769,29.35920027207626,75.0,3,"CAH has a reasonable PEG ratio of 1.15, and is priced below its sector's average P/E, and is trading below its 200-day average and showing bullish MACD momentum, and no reliable sentiment data was available today."
EFX,Industrials,25.105635,2.599635,3.8284962,1.17,947537472.0,0.007,-11.243519809210525,,False,False,11.225653993393976,False,2534030.0,1656997.6666666667,True,8.483001694087921,25,17.99365095467538,,,42.13150096167908,-3,30.168776371308013,17.659526160704615,30.331293556083516,29.34432550599647,75.0,3,"EFX has a reasonable PEG ratio of 1.17, and is priced below its sector's average P/E, and is trading below its 200-day average and seeing an unusual volume spike, and no reliable sentiment data was available today."
LHX,Industrials,23.879032,1.9235356,2.2179153,1.18,1608999936.0,0.283,-12.470122809210526,,False,False,15.811481015166137,True,1273471.0,1638419.0333333334,False,8.410518723783857,25,17.961033618038552,,,42.13150096167908,-3,64.13502109704642,17.616036378522175,54.1076648641004,29.337077208966065,75.0,3,"LHX has a reasonable PEG ratio of 1.18, and is priced below its sector's average P/E, and is trading below its 200-day average and showing bullish MACD momentum, and no reliable sentiment data was available today."
PPL,Utilities,19.497042,2.6384714,1.6477473,1.2,-1938375040.0,0.212,0.5161960645161301,,False,False,43.04206660288263,True,6789873.0,7241722.433333334,False,8.26917693169093,25,17.897429811596737,,,42.13150096167908,-3,57.383966244725734,17.53123130326642,49.38192646747592,29.32294302975677,75.0,3,"PPL has a reasonable PEG ratio of 1.20, and is priced above its sector's average P/E, and is trading below its 200-day average and showing bullish MACD momentum, and no reliable sentiment data was available today."
NCLH,Consumer Cyclical,9.179012,0.6724362,2.6539352,1.26,-1680301312.0,6.163,-30.17751230769231,,False,False,65.80884982560366,True,21567763.0,18568525.433333334,False,7.872073801525089,25,17.718733403022107,,,42.13150096167908,-3,98.73417721518987,17.292969425166916,78.32707414680081,29.283232716740187,75.0,3,"NCLH has a reasonable PEG ratio of 1.26, and is priced below its sector's average P/E, and is trading below its 200-day average and showing bullish MACD momentum, and no reliable sentiment data was available today."
SYK,Healthcare,29.556479,4.2343426,4.560747,1.29,4108875008.0,0.441,-3.7820604444444434,,False,False,42.88234386633308,True,3315984.0,2863689.466666667,False,7.687374671215396,25,17.635618794382744,,,42.13150096167908,-3,73.83966244725738,17.1821499469811,60.900913809248074,29.264762803709218,75.0,3,"SYK has a reasonable PEG ratio of 1.29, and is priced below its sector's average P/E, and is trading below its 200-day average and showing bullish MACD momentum, and no reliable sentiment data was available today."
NRG,Utilities,25.340315,0.6142906,4.8414526,0.37,772374976.0,,6.35946906451613,,False,False,24.953452870009727,False,3221403.0,2838370.1,False,26.975954117611455,0,17.56547954526097,,,42.13150096167908,-3,27.109704641350213,22.505297614818733,23.189943345113054,17.44362074834882,75.0,3,"NRG trades at an attractive PEG ratio of 0.37, and is priced above its sector's average P/E, and is trading below its 200-day average, and no reliable sentiment data was available today."
HLT,Consumer Cyclical,46.351906,13.939561,-11.319511,1.32,1393874944.0,0.141,6.995381692307689,,False,False,64.2804032751985,True,1417792.0,1603483.0666666667,False,7.511070955919781,25,17.556282122499717,,,42.13150096167908,-3,48.734177215189874,17.07636771780373,43.32707414680082,29.247132432179654,75.0,3,"HLT has a reasonable PEG ratio of 1.32, and is priced above its sector's average P/E, and is trading below its 200-day average and showing bullish MACD momentum, and no reliable sentiment data was available today."
L,Financial Services,12.949755,1.1555513,1.1299429,1.32,1262000000.0,0.156,-4.921740122058825,,False,False,31.63971269061382,True,1129702.0,984633.4,False,7.511070955919781,25,17.556282122499717,,,42.13150096167908,-3,52.109704641350206,17.07636771780373,45.68994334511305,29.247132432179654,75.0,3,"L has a reasonable PEG ratio of 1.32, and is priced below its sector's average P/E, and is trading below its 200-day average and showing bullish MACD momentum, and no reliable sentiment data was available today."
AOS,Industrials,15.8690815,2.0349317,4.203808,1.34,484612512.0,-0.15,-20.480073309210525,,False,False,45.855372662575235,True,1455932.0,1447464.4,False,7.397920810282295,25,17.50536455696285,,,42.13150096167908,-3,12.658227848101266,17.00847763042124,18.07390958983879,29.23581741761591,75.0,3,"AOS has a reasonable PEG ratio of 1.34, and is priced below its sector's average P/E, and is trading below its 200-day average and showing bullish MACD momentum, and no reliable sentiment data was available today."
NKE,Consumer Cyclical,16.171429,1.0958776,3.387869,1.36,1766875008.0,-0.021,-23.18509530769231,,False,False,30.31825538769624,False,67893335.0,40281137.833333336,True,7.288098610104736,25,17.45594456688295,,,42.13150096167908,-3,22.151898734177212,16.942584310314704,24.719479210091954,29.224835197598154,75.0,3,"NKE has a reasonable PEG ratio of 1.36, and is priced below its sector's average P/E, and is trading below its 200-day average and seeing an unusual volume spike, and no reliable sentiment data was available today."
DPZ,Consumer Cyclical,16.852041,1.9559605,-2.4684458,1.36,531496512.0,0.068,-22.50448330769231,,False,False,34.86928913944776,True,597275.0,816019.1666666666,False,7.288098610104736,25,17.45594456688295,,,42.13150096167908,-3,37.76371308016878,16.942584310314704,35.64774925228605,29.224835197598154,75.0,3,"DPZ has a reasonable PEG ratio of 1.36, and is priced below its sector's average P/E, and is trading below its 200-day average and showing bullish MACD momentum, and no reliable sentiment data was available today."
WAB,Industrials,39.228493,4.1150513,4.401049,1.37,1101374976.0,0.189,2.8793381907894755,,False,False,64.56402983060572,True,1002913.0,777937.1,False,7.234389942864617,25,17.431775666624894,,,42.13150096167908,-3,54.85232067510548,16.91035910997063,47.60977456874174,29.21946433087414,75.0,3,"WAB has a reasonable PEG ratio of 1.37, and is priced above its sector's average P/E, and is trading below its 200-day average and showing bullish MACD momentum, and no reliable sentiment data was available today."
HRL,Consumer Defensive,32.387096,0.90978223,1.408925,1.39,621551616.0,-0.672,2.138961166666668,,False,False,36.4999771118164,True,6148564.0,5699078.8,False,7.129290968121362,25,17.38448112799043,,,42.13150096167908,-3,2.9535864978902953,16.847299725124678,11.280660644691114,29.208954433399814,75.0,3,"HRL has a reasonable PEG ratio of 1.39, and is priced above its sector's average P/E, and is trading below its 200-day average and showing bullish MACD momentum, and no reliable sentiment data was available today."
FERG,Industrials,21.941929,1.3714348,6.954826,1.39,,0.069,-14.407225809210527,,False,False,67.45963941562879,True,1312016.0,1441613.8666666667,False,7.129290968121362,25,17.38448112799043,,,42.13150096167908,-3,37.9746835443038,16.847299725124678,35.795428577180566,29.208954433399814,75.0,3,"FERG has a reasonable PEG ratio of 1.39, and is priced below its sector's average P/E, and is trading below its 200-day average and showing bullish MACD momentum, and no reliable sentiment data was available today."
Q,Technology,46.975,5.2849107,3.7931135,1.39,772249984.0,-0.343,-69.67577273658537,,False,False,88.40380893697129,True,1901716.0,1574037.2,False,7.129290968121362,25,17.38448112799043,,,42.13150096167908,-3,6.962025316455696,16.847299725124678,14.086567817686895,29.208954433399814,75.0,3,"Q has a reasonable PEG ratio of 1.39, and is priced below its sector's average P/E, and is trading below its 200-day average and showing bullish MACD momentum, and no reliable sentiment data was available today."
SWK,Industrials,21.92665,0.88821083,1.511673,1.39,1419049984.0,2.478,-14.422504809210526,,False,False,59.70462120220361,True,1608972.0,1654449.0666666667,False,7.129290968121362,25,17.38448112799043,,,42.13150096167908,-3,94.72573839662446,16.847299725124678,75.52116697380502,29.208954433399814,75.0,3,"SWK has a reasonable PEG ratio of 1.39, and is priced below its sector's average P/E, and is trading below its 200-day average and showing bullish MACD momentum, and no reliable sentiment data was available today."
A,Healthcare,33.785007,6.5506773,6.5595675,1.39,1060374976.0,0.085,0.4464675555555573,,False,False,72.71075631735587,True,1768860.0,2593965.3333333335,False,7.129290968121362,25,17.38448112799043,,,42.13150096167908,-3,40.50632911392405,16.847299725124678,37.56758047591474,29.208954433399814,75.0,3,"A has a reasonable PEG ratio of 1.39, and is priced above its sector's average P/E, and is trading below its 200-day average and showing bullish MACD momentum, and no reliable sentiment data was available today."
TDY,Technology,29.977747,4.5035434,2.630721,1.4,912675008.0,0.212,-86.67302573658537,,False,False,67.32912903448877,True,169217.0,259143.9,False,7.0778675411934096,25,17.361340585872853,,,42.13150096167908,-3,57.383966244725734,16.81644566896791,49.38192646747592,29.203812090707018,75.0,3,"TDY has a reasonable PEG ratio of 1.40, and is priced below its sector's average P/E, and is trading below its 200-day average and showing bullish MACD momentum, and no reliable sentiment data was available today."
URI,Industrials,25.830248,3.972544,7.2602186,1.4,1706249984.0,0.255,-10.518906809210524,,False,False,69.58448259179067,True,422169.0,468968.9666666667,False,7.0778675411934096,25,17.361340585872853,,,42.13150096167908,-3,62.130801687763714,16.81644566896791,52.704711277602506,29.203812090707018,75.0,3,"URI has a reasonable PEG ratio of 1.40, and is priced below its sector's average P/E, and is trading below its 200-day average and showing bullish MACD momentum, and no reliable sentiment data was available today."
DDOG,Technology,552.83,25.021578,22.720285,1.43,1051412352.0,14.985,436.17922726341465,,False,False,89.52683389921086,True,2347252.0,3488085.066666667,False,6.927912513018897,25,17.293860823194322,,,42.13150096167908,-3,100.0,16.7264726520632,79.21315009616791,29.18881658788957,75.0,3,"DDOG has a reasonable PEG ratio of 1.43, and is priced above its sector's average P/E, and is trading below its 200-day average and showing bullish MACD momentum, and no reliable sentiment data was available today."
CMG,Consumer Cyclical,28.302752,3.142217,17.78098,1.44,1116464384.0,-0.013,-11.05377230769231,,False,False,23.667356674298787,False,23553086.0,14081106.2,True,6.879315976110489,25,17.271992381585537,,,42.13150096167908,-3,23.20675105485232,16.697314729918155,25.45787583456453,29.183956934198726,75.0,3,"CMG has a reasonable PEG ratio of 1.44, and is priced below its sector's average P/E, and is trading below its 200-day average and seeing an unusual volume spike, and no reliable sentiment data was available today."
ACN,Technology,15.579073,1.608975,3.6826208,1.45,11181248512.0,0.464,-101.07169973658537,,False,False,53.39087520719778,True,6984005.0,6192790.166666667,False,6.831389736262889,25,17.250425573654116,,,42.13150096167908,-3,74.47257383966245,16.668558986009593,61.343951783931615,29.179164310213967,75.0,3,"ACN has a reasonable PEG ratio of 1.45, and is priced below its sector's average P/E, and is trading below its 200-day average and showing bullish MACD momentum, and no reliable sentiment data was available today."
DOV,Industrials,23.131802,3.0596914,3.3442888,1.47,906472128.0,0.141,-13.217352809210524,,False,False,51.78394547370999,True,915004.0,1311173.4666666666,False,6.737493429622689,25,17.208172235666026,,,42.13150096167908,-3,48.734177215189874,16.612221202025474,43.32707414680082,29.169774679549946,75.0,3,"DOV has a reasonable PEG ratio of 1.47, and is priced below its sector's average P/E, and is trading below its 200-day average and showing bullish MACD momentum, and no reliable sentiment data was available today."
CAT,Industrials,36.510548,5.2171,20.101439,1.48,5048999936.0,0.682,0.16139319078947523,,False,False,73.9844753205289,True,2268195.0,2312323.1666666665,False,6.691496928059079,25,17.187473809962402,,,42.13150096167908,-3,82.27848101265823,16.58462330108731,66.80808680502867,29.165175029393588,75.0,3,"CAT has a reasonable PEG ratio of 1.48, and is priced above its sector's average P/E, and is trading below its 200-day average and showing bullish MACD momentum, and no reliable sentiment data was available today."
PPG,Basic Materials,15.124999,1.4250972,2.7717218,1.5,1104625024.0,-0.015,-37.73744466666666,,False,False,51.140361620351506,True,1588572.0,1607629.0666666667,False,6.601343784994401,25,17.146904895583297,,,42.13150096167908,-3,22.78481012658228,16.530531415248504,25.162517184775503,29.156159715087117,75.0,3,"PPG has a reasonable PEG ratio of 1.50, and is priced below its sector's average P/E, and is trading below its 200-day average and showing bullish MACD momentum, and no reliable sentiment data was available today."
MRSH,Financial Services,20.83496,2.910191,5.3646636,1.5,4785249792.0,0.073,2.963464877941174,,False,False,28.58598599187954,True,2113950.0,2629871.6666666665,False,6.601343784994401,25,17.146904895583297,,,42.13150096167908,-3,38.607594936708864,16.530531415248504,36.23846655186411,29.156159715087117,75.0,3,"MRSH has a reasonable PEG ratio of 1.50, and is priced above its sector's average P/E, and is trading below its 200-day average and showing bullish MACD momentum, and no reliable sentiment data was available today."
PWR,Industrials,78.28408,3.122542,10.655793,1.52,1955491328.0,0.947,41.93492519078948,,False,False,78.1784192532462,True,934355.0,913071.8333333334,False,6.513563093063006,25,17.10740358421417,,,42.13150096167908,-3,87.13080168776372,16.477863000089666,70.20471127760251,29.14738164589398,75.0,3,"PWR has a reasonable PEG ratio of 1.52, and is priced above its sector's average P/E, and is trading below its 200-day average and showing bullish MACD momentum, and no reliable sentiment data was available today."
MDT,Healthcare,21.61425,2.9973302,2.2417307,1.55,5412499968.0,0.407,-11.724289444444445,,False,False,19.02195685890723,False,43792366.0,13426905.533333333,True,6.3861395080013015,25,17.050062970936402,,,42.13150096167908,-3,71.72995780590718,16.401408849052643,59.42412056030293,29.13463928738781,75.0,3,"MDT has a reasonable PEG ratio of 1.55, and is priced below its sector's average P/E, and is trading below its 200-day average and seeing an unusual volume spike, and no reliable sentiment data was available today."
ETR,Utilities,25.785166,3.5728168,2.580827,1.55,-4400858112.0,-0.019,6.80432006451613,,False,False,41.20736747673133,True,2128141.0,2843434.7,False,6.3861395080013015,25,17.050062970936402,,,42.13150096167908,-3,22.362869198312236,16.401408849052643,24.867158534986473,29.13463928738781,75.0,3,"ETR has a reasonable PEG ratio of 1.55, and is priced above its sector's average P/E, and is trading below its 200-day average and showing bullish MACD momentum, and no reliable sentiment data was available today."
ANET,Technology,65.268135,24.755938,17.634024,1.55,3891512576.0,0.357,-51.382637736585366,,False,False,77.82893304396075,True,3493550.0,4737621.666666667,False,6.3861395080013015,25,17.050062970936402,,,42.13150096167908,-3,69.62025316455697,16.401408849052643,57.94732731135778,29.13463928738781,75.0,3,"ANET has a reasonable PEG ratio of 1.55, and is priced below its sector's average P/E, and is trading below its 200-day average and showing bullish MACD momentum, and no reliable sentiment data was available today."
PNC,Financial Services,12.129956,3.613607,1.5138061,1.55,,0.249,-5.741539122058825,,False,False,16.694765488060057,False,2882942.0,1777571.4,True,6.3861395080013015,25,17.050062970936402,,,42.13150096167908,-3,61.39240506329114,16.401408849052643,52.18783364047171,29.13463928738781,75.0,3,"PNC has a reasonable PEG ratio of 1.55, and is priced below its sector's average P/E, and is trading below its 200-day average and seeing an unusual volume spike, and no reliable sentiment data was available today."
MAS,Industrials,15.774193,1.7715815,-36.985413,1.57,897124992.0,0.245,-20.574961809210524,,False,False,47.39480727376139,True,1468440.0,2177441.3333333335,False,6.3038958352650845,25,17.013053318205102,,,42.13150096167908,-3,61.18143459915611,16.35206264541091,52.04015431557718,29.126414920114186,75.0,3,"MAS has a reasonable PEG ratio of 1.57, and is priced below its sector's average P/E, and is trading below its 200-day average and showing bullish MACD momentum, and no reliable sentiment data was available today."
GEHC,Healthcare,15.112643,1.4062158,2.7055724,1.6,1573124992.0,0.168,-18.225896444444444,,False,False,51.3801831054407,True,4284935.0,3365661.1666666665,False,6.184385498320269,25,16.95927366657994,,,42.13150096167908,-3,52.95358649789029,16.280356443244024,46.28066064469111,29.114463886419706,75.0,3,"GEHC has a reasonable PEG ratio of 1.60, and is priced below its sector's average P/E, and is trading below its 200-day average and showing bullish MACD momentum, and no reliable sentiment data was available today."
DTE,Utilities,19.816166,1.5802813,2.1416826,1.6,-2596624896.0,0.224,0.8353200645161287,,False,False,33.33175082414945,True,1852083.0,1746026.1,False,6.184385498320269,25,16.95927366657994,,,42.13150096167908,-3,58.64978902953587,16.280356443244024,50.26800241684301,29.114463886419706,75.0,3,"DTE has a reasonable PEG ratio of 1.60, and is priced above its sector's average P/E, and is trading below its 200-day average and showing bullish MACD momentum, and no reliable sentiment data was available today."
KKR,Financial Services,28.741213,3.216267,2.8333857,0.39,,0.4,10.869717877941174,,False,False,25.417733332869773,False,4844244.0,3826191.466666667,False,25.58898268584719,0,16.941342400967052,,,42.13150096167908,-3,71.30801687763713,21.673114755760174,54.128761910513894,17.304923605172394,75.0,3,"KKR trades at an attractive PEG ratio of 0.39, and is priced above its sector's average P/E, and is trading below its 200-day average, and no reliable sentiment data was available today."
MGM,Consumer Cyclical,18.623457,0.42736134,3.0194156,0.39,878991104.0,5.194,-20.733067307692313,,False,False,10.05484585000083,False,5031876.0,4005129.2,False,25.58898268584719,0,16.941342400967052,,,42.13150096167908,-3,98.52320675105484,21.673114755760174,73.1793948219063,17.304923605172394,75.0,3,"MGM trades at an attractive PEG ratio of 0.39, and is priced below its sector's average P/E, and is trading below its 200-day average, and no reliable sentiment data was available today."
LRCX,Technology,60.034718,18.62645,34.694492,1.62,3090484480.0,0.348,-56.61605473658537,,False,False,93.39957353051089,True,6052653.0,8564411.766666668,False,6.107171000788022,25,16.924527142690426,,,42.13150096167908,-3,68.67088607594937,16.234027744724674,57.282770349332466,29.10674243666648,75.0,3,"LRCX has a reasonable PEG ratio of 1.62, and is priced below its sector's average P/E, and is trading below its 200-day average and showing bullish MACD momentum, and no reliable sentiment data was available today."
P,Technology,197.09589,11.248957,31.122648,1.62,-114351752.0,0.5,80.44511726341463,,False,False,92.16643495803609,True,4951334.0,6427301.133333334,False,6.107171000788022,25,16.924527142690426,,,42.13150096167908,-3,75.42194092827003,16.234027744724674,62.00850874595693,29.10674243666648,75.0,3,"P has a reasonable PEG ratio of 1.62, and is priced above its sector's average P/E, and is trading below its 200-day average and showing bullish MACD momentum, and no reliable sentiment data was available today."
FFIV,Technology,36.536255,7.8460736,6.757896,1.62,717135488.0,0.114,-80.11451773658537,,False,False,63.34409079735702,True,374889.0,523022.9666666667,False,6.107171000788022,25,16.924527142690426,,,42.13150096167908,-3,45.46413502109704,16.234027744724674,41.038044610935835,29.10674243666648,75.0,3,"FFIV has a reasonable PEG ratio of 1.62, and is priced below its sector's average P/E, and is trading below its 200-day average and showing bullish MACD momentum, and no reliable sentiment data was available today."
PLTR,Technology,163.27586,73.93497,46.558506,1.63,2159104512.0,2.154,46.62508726341463,,False,False,76.97436460649992,True,17670382.0,25337286.066666666,False,6.069274314882626,25,16.907473634032996,,,42.13150096167908,-3,94.09282700421942,16.211289733181438,75.07812899912149,29.10295276807594,75.0,3,"PLTR has a reasonable PEG ratio of 1.63, and is priced above its sector's average P/E, and is trading below its 200-day average and showing bullish MACD momentum, and no reliable sentiment data was available today."
HAS,Consumer Cyclical,16.525938,2.6199806,18.505608,1.63,688150016.0,,-22.83058630769231,,False,False,47.06912640489563,True,2127011.0,1639290.3666666667,False,6.069274314882626,25,16.907473634032996,,,42.13150096167908,-3,27.109704641350213,16.211289733181438,28.189943345113054,29.10295276807594,75.0,3,"HAS has a reasonable PEG ratio of 1.63, and is priced below its sector's average P/E, and is trading below its 200-day average and showing bullish MACD momentum, and no reliable sentiment data was available today."
VMC,Basic Materials,28.958729,3.9208274,3.754032,1.64,843600000.0,0.027,-23.903714666666662,,False,False,40.77523673371887,True,1015536.0,1191907.8666666667,False,6.031839783683392,25,16.890628094993343,,,42.13150096167908,-3,31.434599156118143,16.188829014461895,31.217369505450606,29.099209314956017,75.0,3,"VMC has a reasonable PEG ratio of 1.64, and is priced below its sector's average P/E, and is trading below its 200-day average and showing bullish MACD momentum, and no reliable sentiment data was available today."
TT,Industrials,35.078987,4.663601,12.026979,1.64,3121687552.0,0.071,-1.2701678092105269,,False,False,86.3011015806504,True,1370981.0,1136869.3666666667,False,6.031839783683392,25,16.890628094993343,,,42.13150096167908,-3,38.291139240506325,16.188829014461895,36.01694756452233,29.099209314956017,75.0,3,"TT has a reasonable PEG ratio of 1.64, and is priced below its sector's average P/E, and is trading below its 200-day average and showing bullish MACD momentum, and no reliable sentiment data was available today."
MSFT,Technology,29.257936,11.751927,8.816923,1.68,16545500160.0,0.317,-87.39283673658537,,False,False,64.75777943519381,True,26287910.0,21816347.0,False,5.8865581506958895,25,16.825251360148968,,,42.13150096167908,-3,66.03375527426161,16.101660034669393,55.43677878815103,29.084681151657268,75.0,3,"MSFT has a reasonable PEG ratio of 1.68, and is priced below its sector's average P/E, and is trading below its 200-day average and showing bullish MACD momentum, and no reliable sentiment data was available today."
HSIC,Healthcare,24.556852,0.70542634,2.9859266,1.69,446000000.0,0.171,-8.781687444444444,,False,False,39.33764802745102,False,1904334.0,1074494.4666666666,True,5.851312310740341,25,16.80939073216897,,,42.13150096167908,-3,53.37552742616034,16.08051253069607,46.57601929448014,29.08115656766171,75.0,3,"HSIC has a reasonable PEG ratio of 1.69, and is priced below its sector's average P/E, and is trading below its 200-day average and seeing an unusual volume spike, and no reliable sentiment data was available today."
TPR,Consumer Cyclical,16.086657,2.8993545,33.85929,1.69,1399924992.0,,-23.269867307692312,,False,False,52.66210457944808,True,2370531.0,3281527.7,False,5.851312310740341,25,16.80939073216897,,,42.13150096167908,-3,27.109704641350213,16.08051253069607,28.189943345113054,29.08115656766171,75.0,3,"TPR has a reasonable PEG ratio of 1.69, and is priced below its sector's average P/E, and is trading below its 200-day average and showing bullish MACD momentum, and no reliable sentiment data was available today."
CSX,Industrials,27.57558,6.0544987,6.2391477,1.71,1953250048.0,0.227,-8.773574809210526,,False,False,39.414808506838554,True,8034847.0,10262678.233333332,False,5.782057326968036,25,16.77822598947143,,,42.13150096167908,-3,58.86075949367089,16.038959540432685,50.41568174173753,29.074231069284483,75.0,3,"CSX has a reasonable PEG ratio of 1.71, and is priced below its sector's average P/E, and is trading below its 200-day average and showing bullish MACD momentum, and no reliable sentiment data was available today."
DD,Basic Materials,35.13172,2.525141,1.2817395,1.72,1835250048.0,1.496,-17.730723666666663,,False,False,58.77034445365735,True,700644.0,1105114.8,False,5.7480338029636195,25,16.762915403669446,,,42.13150096167908,-3,91.56118143459916,16.018545426030034,73.30597710038732,29.07082871688404,75.0,3,"DD has a reasonable PEG ratio of 1.72, and is priced below its sector's average P/E, and is trading below its 200-day average and showing bullish MACD momentum, and no reliable sentiment data was available today."
STE,Healthcare,25.803179,3.4085877,2.8555775,1.74,798862528.0,0.14,-7.535360444444443,,False,False,44.589535774169946,True,738852.0,640385.0666666667,False,5.681159979920454,25,16.732822183300023,,,42.13150096167908,-3,48.31223628691983,15.978421132204135,43.03171549701178,29.064141334579723,75.0,3,"STE has a reasonable PEG ratio of 1.74, and is priced below its sector's average P/E, and is trading below its 200-day average and showing bullish MACD momentum, and no reliable sentiment data was available today."
GWW,Industrials,32.81918,3.223971,14.672199,1.75,1247750016.0,0.205,-3.529974809210522,,False,False,53.66152666256086,True,207110.0,254957.0,False,5.648296272596385,25,16.718033515004187,,,42.13150096167908,-3,56.856540084388186,15.958702907809693,49.012728155239635,29.060854963847316,75.0,3,"GWW has a reasonable PEG ratio of 1.75, and is priced below its sector's average P/E, and is trading below its 200-day average and showing bullish MACD momentum, and no reliable sentiment data was available today."
IEX,Industrials,33.854675,4.8379645,4.3441896,1.77,555612480.0,0.109,-2.4944798092105245,,False,False,72.1098424846987,True,691945.0,582158.1666666666,False,5.583682881925333,25,16.688957489202217,,,42.13150096167908,-3,44.40928270042194,15.919934873407062,40.29964798646326,29.05439362478021,75.0,3,"IEX has a reasonable PEG ratio of 1.77, and is priced below its sector's average P/E, and is trading below its 200-day average and showing bullish MACD momentum, and no reliable sentiment data was available today."
JCI,Industrials,44.30791,3.801182,7.047221,1.79,2984124928.0,0.153,7.958755190789475,,False,False,87.18368276498859,True,2904999.0,3083123.3,False,5.520513365906148,25,16.660531206993582,,,42.13150096167908,-3,51.58227848101266,15.882033163795551,45.320745032876765,29.048076673178294,75.0,3,"JCI has a reasonable PEG ratio of 1.79, and is priced above its sector's average P/E, and is trading below its 200-day average and showing bullish MACD momentum, and no reliable sentiment data was available today."
XEL,Utilities,19.5863,3.0552204,1.8555336,1.79,-7907999744.0,0.24,0.605454064516131,,False,False,43.742850185435316,True,4458408.0,5688923.6,False,5.520513365906148,25,16.660531206993582,,,42.13150096167908,-3,60.970464135021096,15.882033163795551,51.89247499068267,29.048076673178294,75.0,3,"XEL has a reasonable PEG ratio of 1.79, and is priced above its sector's average P/E, and is trading below its 200-day average and showing bullish MACD momentum, and no reliable sentiment data was available today."
MAR,Consumer Cyclical,36.841618,12.56657,-20.59072,1.8,2060375040.0,0.043,-2.514906307692314,,False,False,75.75904978440055,True,1216939.0,1524244.6333333333,False,5.489455020530049,25,16.646554951574338,,,42.13150096167908,-3,33.9662447257384,15.863398156569891,32.989521404184785,29.044970838640683,75.0,3,"MAR has a reasonable PEG ratio of 1.80, and is priced below its sector's average P/E, and is trading below its 200-day average and showing bullish MACD momentum, and no reliable sentiment data was available today."
MLM,Basic Materials,31.566969,5.155489,2.5250947,1.8,593374976.0,-0.232,-21.295474666666664,,False,False,32.85831651766701,True,707061.0,821988.7,False,5.489455020530049,25,16.646554951574338,,,42.13150096167908,-3,9.388185654008439,15.863398156569891,15.784880053973815,29.044970838640683,75.0,3,"MLM has a reasonable PEG ratio of 1.80, and is priced below its sector's average P/E, and is trading below its 200-day average and showing bullish MACD momentum, and no reliable sentiment data was available today."
ISRG,Healthcare,46.614677,13.01389,7.9177217,1.82,2615200000.0,0.265,13.276137555555557,,False,False,60.867012906174054,True,1663497.0,2203329.9,False,5.428362231273765,25,16.61906319640901,,,42.13150096167908,-3,62.869198312236286,15.82674248301612,53.2215889147333,29.038861559715055,75.0,3,"ISRG has a reasonable PEG ratio of 1.82, and is priced above its sector's average P/E, and is trading below its 200-day average and showing bullish MACD momentum, and no reliable sentiment data was available today."
LIN,Basic Materials,31.141382,6.272888,5.6899195,1.86,4160750080.0,0.113,-21.721061666666664,,False,False,68.4211135264484,True,2797550.0,2031765.0,False,5.310118123035798,25,16.565853347701925,,,42.13150096167908,-3,45.14767932489451,15.75579601807334,40.81652562359406,29.027037148891257,75.0,3,"LIN has a reasonable PEG ratio of 1.86, and is priced below its sector's average P/E, and is trading below its 200-day average and showing bullish MACD momentum, and no reliable sentiment data was available today."
EMR,Industrials,35.520786,4.8787847,4.4431367,1.86,3706249984.0,0.23,-0.8283688092105237,,False,False,78.61341566988398,True,2130319.0,2366847.3,False,5.310118123035798,25,16.565853347701925,,,42.13150096167908,-3,59.28270042194092,15.75579601807334,50.71104039152655,29.027037148891257,75.0,3,"EMR has a reasonable PEG ratio of 1.86, and is priced below its sector's average P/E, and is trading below its 200-day average and showing bullish MACD momentum, and no reliable sentiment data was available today."
SNA,Industrials,18.725788,3.6028256,3.1453862,1.89,1109474944.0,0.051,-17.623366809210523,,False,False,38.244594271946205,True,223862.0,275218.73333333334,False,5.22471960041949,25,16.527424012524587,,,42.13150096167908,-3,35.33755274261603,15.704556904503555,33.94943701599913,29.018497296629626,75.0,3,"SNA has a reasonable PEG ratio of 1.89, and is priced below its sector's average P/E, and is trading below its 200-day average and showing bullish MACD momentum, and no reliable sentiment data was available today."
NDSN,Industrials,33.84919,6.2533674,5.698148,1.9,613806656.0,0.23,-2.4999648092105247,,False,False,87.9175920553299,True,332593.0,357169.76666666666,False,5.196852714092062,25,16.514883913677245,,,42.13150096167908,-3,59.28270042194092,15.687836772707099,50.71104039152655,29.015710607996883,75.0,3,"NDSN has a reasonable PEG ratio of 1.90, and is priced below its sector's average P/E, and is trading below its 200-day average and showing bullish MACD momentum, and no reliable sentiment data was available today."
CNP,Utilities,22.337276,2.584895,2.121621,1.91,-5191875072.0,0.233,3.356430064516129,,False,False,47.63094333232813,True,7441970.0,6523465.666666667,False,5.169277627621466,25,16.502475124765475,,,42.13150096167908,-3,60.02109704641351,15.671291720824742,51.22791802865736,29.012953099349826,75.0,3,"CNP has a reasonable PEG ratio of 1.91, and is priced above its sector's average P/E, and is trading below its 200-day average and showing bullish MACD momentum, and no reliable sentiment data was available today."
AVY,Consumer Cyclical,18.619934,1.406058,5.5551925,1.92,1004600000.0,0.108,-20.73659030769231,,False,False,46.020237589626085,True,924203.0,1037576.7666666667,False,5.141989781634939,25,16.490195594071537,,,42.13150096167908,-3,44.09282700421941,15.654919013232824,40.07812899912149,29.010224314751174,75.0,3,"AVY has a reasonable PEG ratio of 1.92, and is priced below its sector's average P/E, and is trading below its 200-day average and showing bullish MACD momentum, and no reliable sentiment data was available today."
GEV,Industrials,28.383026,6.3739276,22.051453,1.93,15722125312.0,0.328,-7.966128809210524,,False,False,86.28108534044246,True,1657188.0,2146869.6,False,5.114984711254491,25,16.478043312400338,,,42.13150096167908,-3,66.77215189873418,15.638715971004556,55.95365642528183,29.007523807713127,75.0,3,"GEV has a reasonable PEG ratio of 1.93, and is priced below its sector's average P/E, and is trading below its 200-day average and showing bullish MACD momentum, and no reliable sentiment data was available today."
RL,Consumer Cyclical,23.033398,2.6067228,8.0049925,1.95,880087488.0,0.216,-16.323126307692313,,False,False,73.87239123325158,True,446181.0,673296.0333333333,False,5.061805495736068,25,16.454112665417046,,,42.13150096167908,-3,57.91139240506329,15.606808441693502,49.75112477971221,29.002205886161285,75.0,3,"RL has a reasonable PEG ratio of 1.95, and is priced below its sector's average P/E, and is trading below its 200-day average and showing bullish MACD momentum, and no reliable sentiment data was available today."
TSCO,Consumer Cyclical,16.364584,1.039386,6.252736,1.96,103175000.0,-0.15,-22.99194030769231,,False,False,33.33334425743834,False,16717993.0,9485019.766666668,True,5.035622871769089,25,16.442330484631906,,,42.13150096167908,-3,12.658227848101266,15.591098867313315,18.07390958983879,28.999587623764587,75.0,3,"TSCO has a reasonable PEG ratio of 1.96, and is priced below its sector's average P/E, and is trading below its 200-day average and seeing an unusual volume spike, and no reliable sentiment data was available today."
LNT,Utilities,20.153605,3.7636967,2.2139955,1.98,-1138625024.0,-0.04,1.1727590645161285,,False,False,39.440219369555194,True,2969579.0,2558399.3,False,4.984051036682616,25,16.419123158842993,,,42.13150096167908,-3,20.675105485232066,15.560155766261431,23.685723935830353,28.99443044025594,75.0,3,"LNT has a reasonable PEG ratio of 1.98, and is priced above its sector's average P/E, and is trading below its 200-day average and showing bullish MACD momentum, and no reliable sentiment data was available today."
HUBB,Industrials,28.457668,4.0809817,6.491498,1.98,495812512.0,-0.009,-7.891486809210523,,False,False,79.34317694781457,True,399951.0,472224.4666666667,False,4.984051036682616,25,16.419123158842993,,,42.13150096167908,-3,23.523206751054854,15.560155766261431,25.679394821906303,28.99443044025594,75.0,3,"HUBB has a reasonable PEG ratio of 1.98, and is priced below its sector's average P/E, and is trading below its 200-day average and showing bullish MACD momentum, and no reliable sentiment data was available today."
SO,Utilities,20.190361,3.1939068,2.4358976,1.98,-3913374976.0,0.304,1.209515064516129,,False,False,35.53830229792017,True,6571733.0,6413584.433333334,False,4.984051036682616,25,16.419123158842993,,,42.13150096167908,-3,65.40084388185655,15.560155766261431,54.99374081346749,28.99443044025594,75.0,3,"SO has a reasonable PEG ratio of 1.98, and is priced above its sector's average P/E, and is trading below its 200-day average and showing bullish MACD momentum, and no reliable sentiment data was available today."
KLAC,Technology,56.516396,19.878572,42.579254,1.98,2624587520.0,0.138,-60.13437673658537,,False,False,92.4252033338152,True,7837240.0,9053631.333333334,False,4.984051036682616,25,16.419123158842993,,,42.13150096167908,-3,47.67932489451477,15.560155766261431,42.58867752232825,28.99443044025594,75.0,3,"KLAC has a reasonable PEG ratio of 1.98, and is priced below its sector's average P/E, and is trading below its 200-day average and showing bullish MACD momentum, and no reliable sentiment data was available today."
WEC,Utilities,19.669903,3.2561152,2.4217649,1.99,-2353637376.0,0.197,0.6890570645161311,,False,False,40.85714846239195,True,2764863.0,2615832.1,False,4.958653851564653,25,16.40769442553991,,,42.13150096167908,-3,56.434599156118146,15.544917455190653,48.717369505450606,28.991890721744145,75.0,3,"WEC has a reasonable PEG ratio of 1.99, and is priced above its sector's average P/E, and is trading below its 200-day average and showing bullish MACD momentum, and no reliable sentiment data was available today."
FTNT,Technology,65.06361,17.947592,87.10028,1.99,2265587456.0,0.439,-51.58716273658537,,False,False,65.01051512079175,True,3057345.0,4161304.8333333335,False,4.958653851564653,25,16.40769442553991,,,42.13150096167908,-3,73.41772151898735,15.544917455190653,60.60555515945905,28.991890721744145,75.0,3,"FTNT has a reasonable PEG ratio of 1.99, and is priced below its sector's average P/E, and is trading below its 200-day average and showing bullish MACD momentum, and no reliable sentiment data was available today."
BF-B,Consumer Defensive,16.948387,3.0790203,3.0359414,1.99,685625024.0,0.057,-13.299747833333331,,False,False,49.7499942779541,True,2325855.0,2401461.8333333335,False,4.958653851564653,25,16.40769442553991,,,42.13150096167908,-3,36.392405063291136,15.544917455190653,34.6878336404717,28.991890721744145,75.0,3,"BF-B has a reasonable PEG ratio of 1.99, and is priced below its sector's average P/E, and is trading below its 200-day average and showing bullish MACD momentum, and no reliable sentiment data was available today."
ROK,Industrials,42.61985,5.6332483,14.466692,2.0,1303874944.0,0.404,6.270695190789475,,False,False,82.70004878749971,True,710467.0,692868.9,False,4.933510638297872,25,16.396379979569858,,,42.13150096167908,-3,71.51898734177216,15.529831527230586,59.27644123540842,28.989376400417466,75.0,3,"ROK trades at a relatively high PEG ratio of 2.00, and is priced above its sector's average P/E, and is trading below its 200-day average and showing bullish MACD momentum, and no reliable sentiment data was available today."
BEN,Financial Services,22.367348,1.791655,1.421592,0.41,-2990862592.0,1.067,4.495852877941175,,False,False,48.36455494018993,False,3363286.0,3639906.2,False,24.337325540108708,0,16.378096685384733,,,42.13150096167908,-3,88.18565400843882,20.922120468317086,65.94310790207507,17.179757890598548,75.0,3,"BEN trades at an attractive PEG ratio of 0.41, and is priced above its sector's average P/E, and is trading below its 200-day average, and no reliable sentiment data was available today."
NI,Utilities,21.037233,2.7561724,1.980669,2.03,-1772999936.0,-0.584,2.05638706451613,,False,False,34.89583592034039,True,4072915.0,5454007.166666667,False,4.8595672968187165,25,16.363105475904238,,,42.13150096167908,-3,3.5864978902953584,15.485465522343091,11.723698619374659,28.98198206626955,75.0,3,"NI trades at a relatively high PEG ratio of 2.03, and is priced above its sector's average P/E, and is trading below its 200-day average and showing bullish MACD momentum, and no reliable sentiment data was available today."
ALLE,Industrials,20.140236,3.0471268,6.1697516,2.04,484449984.0,0.162,-16.208918809210523,,False,False,48.6467741030292,True,747565.0,1272665.5,False,4.835402806139253,25,16.35223145509848,,,42.13150096167908,-3,52.742616033755276,15.470966827935413,46.1329813197966,28.979565617201605,75.0,3,"ALLE trades at a relatively high PEG ratio of 2.04, and is priced below its sector's average P/E, and is trading below its 200-day average and showing bullish MACD momentum, and no reliable sentiment data was available today."
EVRG,Utilities,20.124681,2.9924278,1.7837167,2.04,-1443362560.0,0.23,1.1438350645161286,,False,False,41.680101364176444,True,1937574.0,2304072.466666667,False,4.835402806139253,25,16.35223145509848,,,42.13150096167908,-3,59.28270042194092,15.470966827935413,50.71104039152655,28.979565617201605,75.0,3,"EVRG trades at a relatively high PEG ratio of 2.04, and is priced above its sector's average P/E, and is trading below its 200-day average and showing bullish MACD momentum, and no reliable sentiment data was available today."
SHW,Basic Materials,29.35115,3.1670547,19.937395,2.06,2506037504.0,0.143,-23.511293666666663,,False,False,45.75807166360188,True,1323255.0,1662365.1666666667,False,4.787777644897205,25,16.330800132539558,,,42.13150096167908,-3,49.789029535864984,15.442391731190185,44.0654707712734,28.9748031010774,75.0,3,"SHW trades at a relatively high PEG ratio of 2.06, and is priced below its sector's average P/E, and is trading below its 200-day average and showing bullish MACD momentum, and no reliable sentiment data was available today."
PANW,Technology,1016.9,28.98342,12.058222,2.06,4240624896.0,,900.2492272634146,,False,False,64.23298534421545,True,4446125.0,6532154.166666667,False,4.787777644897205,25,16.330800132539558,,,42.13150096167908,-3,27.109704641350213,15.442391731190185,28.189943345113054,28.9748031010774,75.0,3,"PANW trades at a relatively high PEG ratio of 2.06, and is priced above its sector's average P/E, and is trading below its 200-day average and showing bullish MACD momentum, and no reliable sentiment data was available today."
ORLY,Consumer Cyclical,26.63492,3.6544127,-37.30547,2.08,1570733824.0,0.103,-12.72160430769231,,False,False,48.722975793535696,True,8286354.0,5862325.133333334,False,4.74106835214058,25,16.309780950799077,,,42.13150096167908,-3,43.459915611814345,15.41436615553621,39.63509102443795,28.970132171801737,75.0,3,"ORLY trades at a relatively high PEG ratio of 2.08, and is priced below its sector's average P/E, and is trading below its 200-day average and showing bullish MACD momentum, and no reliable sentiment data was available today."
ROST,Consumer Cyclical,27.372429,2.9501958,10.731487,2.1,2002041600.0,0.705,-11.98409530769231,,False,False,53.87228021436938,True,2586848.0,2077048.2666666666,False,4.695248760198368,25,16.289162134425084,,,42.13150096167908,-3,83.33333333333334,15.386874400370882,67.54648342950125,28.965550212607514,75.0,3,"ROST trades at a relatively high PEG ratio of 2.10, and is priced below its sector's average P/E, and is trading below its 200-day average and showing bullish MACD momentum, and no reliable sentiment data was available today."
VRSN,Technology,31.7329,15.469467,-11.720875,2.13,832837504.0,0.077,-84.91787273658537,,False,False,40.63677809995755,False,1136244.0,740391.4666666667,True,4.628132738198508,25,16.258959924525143,,,42.13150096167908,-3,39.029535864978904,15.346604787170966,36.533825201653144,28.95883861040753,75.0,3,"VRSN trades at a relatively high PEG ratio of 2.13, and is priced below its sector's average P/E, and is trading below its 200-day average and seeing an unusual volume spike, and no reliable sentiment data was available today."
TROW,Financial Services,10.434739,2.9201682,2.0149674,2.16,2023912448.0,0.286,-7.436756122058824,,False,False,51.58407385692452,True,1848845.0,1478284.8333333333,False,4.562881050143088,25,16.229596664900207,,,42.13150096167908,-3,64.34599156118144,15.307453774337715,54.25534418899491,28.952313441601987,75.0,3,"TROW trades at a relatively high PEG ratio of 2.16, and is priced below its sector's average P/E, and is trading below its 200-day average and showing bullish MACD momentum, and no reliable sentiment data was available today."
AEP,Utilities,20.750435,2.8599315,2.0317671,2.18,-5995950080.0,-0.432,1.7695890645161292,,False,False,44.572025634103206,True,3108393.0,3874679.7666666666,False,4.520377657006072,25,16.210470137988548,,,42.13150096167908,-3,6.118143459915612,15.281951738455504,13.495850518108837,28.948063102288284,75.0,3,"AEP trades at a relatively high PEG ratio of 2.18, and is priced above its sector's average P/E, and is trading below its 200-day average and showing bullish MACD momentum, and no reliable sentiment data was available today."
ODFL,Industrials,34.494232,6.638735,8.183684,2.2,970776000.0,0.323,-1.854922809210528,,False,False,49.27226982045714,True,1798286.0,1843166.2,False,4.478647052835182,25,16.191691366111648,,,42.13150096167908,-3,66.24472573839662,15.256913375952971,55.58445811304554,28.943890041871196,75.0,3,"ODFL trades at a relatively high PEG ratio of 2.20, and is priced below its sector's average P/E, and is trading below its 200-day average and showing bullish MACD momentum, and no reliable sentiment data was available today."
J,Industrials,46.069767,1.1515596,4.9756007,0.42,645677888.0,-0.254,9.720612190789474,,False,False,35.7469514131067,False,603658.0,816788.6,False,23.756199008158696,0,16.11658974600723,,,42.13150096167908,-3,8.860759493670885,20.573444549147077,10.415681741737528,17.121645237403545,75.0,3,"J trades at an attractive PEG ratio of 0.42, and is priced above its sector's average P/E, and is trading below its 200-day average, and no reliable sentiment data was available today."
CMS,Utilities,19.228228,2.2444258,2.1025844,2.3,-2198874880.0,-0.439,0.2473820645161311,,False,False,32.18956804779094,True,5353902.0,3634840.066666667,False,4.280880276547057,25,16.102696316781994,,,42.13150096167908,-3,5.9071729957805905,15.138253310180096,13.34817119321432,28.924113364242384,75.0,3,"CMS trades at a relatively high PEG ratio of 2.30, and is priced above its sector's average P/E, and is trading below its 200-day average and showing bullish MACD momentum, and no reliable sentiment data was available today."
TJX,Consumer Cyclical,24.890741,2.3809521,13.896816,2.35,4398125056.0,0.236,-14.465783307692313,,False,False,70.32185742207812,True,9657717.0,8856870.566666666,False,4.188308594029211,25,16.061039059648962,,,42.13150096167908,-3,60.54852320675106,15.082710300669389,51.59711634089364,28.9148561959906,75.0,3,"TJX trades at a relatively high PEG ratio of 2.35, and is priced below its sector's average P/E, and is trading below its 200-day average and showing bullish MACD momentum, and no reliable sentiment data was available today."
EIX,Utilities,5.591753,1.0746182,1.196321,2.39,82375000.0,0.551,-13.38909293548387,,False,False,45.710611265430366,True,4787840.0,6537711.333333333,False,4.117040018366936,25,16.028968200600936,,,42.13150096167908,-3,77.84810126582279,15.039949155272023,63.70682098224386,28.90772933842437,75.0,3,"EIX trades at a relatively high PEG ratio of 2.39, and is priced below its sector's average P/E, and is trading below its 200-day average and showing bullish MACD momentum, and no reliable sentiment data was available today."
CBOE,Financial Services,21.626656,5.725105,5.156764,2.4,678249984.0,0.502,3.755160877941176,,False,False,50.64567536874624,True,1363249.0,1138571.6333333333,False,4.099594064949608,25,16.02111752156314,,,42.13150096167908,-3,75.73839662447257,15.029481583221626,62.230027733298705,28.905984743082637,75.0,3,"CBOE trades at a relatively high PEG ratio of 2.40, and is priced above its sector's average P/E, and is trading below its 200-day average and showing bullish MACD momentum, and no reliable sentiment data was available today."
WSM,Consumer Cyclical,24.482052,3.5116394,15.031486,2.4,1069320128.0,0.42,-14.874472307692312,,False,False,64.56037316963193,True,1202675.0,1243665.8333333333,False,4.099594064949608,25,16.02111752156314,,,42.13150096167908,-3,72.46835443037975,15.029481583221626,59.94099819743373,28.905984743082637,75.0,3,"WSM trades at a relatively high PEG ratio of 2.40, and is priced below its sector's average P/E, and is trading below its 200-day average and showing bullish MACD momentum, and no reliable sentiment data was available today."
AMGN,Healthcare,25.029814,5.718963,18.639223,2.43,8645624832.0,0.649,-8.308725444444445,,False,False,67.78803618824739,True,3103313.0,2961027.1,False,4.048117733261443,25,15.997953172303465,,,42.13150096167908,-3,81.85654008438819,14.998595784208728,66.51272815523964,28.900837109913823,75.0,3,"AMGN trades at a relatively high PEG ratio of 2.43, and is priced below its sector's average P/E, and is trading below its 200-day average and showing bullish MACD momentum, and no reliable sentiment data was available today."
CB,Financial Services,11.707049,2.0599554,1.6909183,2.49,10488000512.0,-0.007,-6.164446122058825,,False,False,28.25999656479594,False,2715591.0,1675723.0333333334,True,3.9488862504890774,25,15.9532990050559,,,42.13150096167908,-3,23.839662447257385,14.939056894545308,25.900913809248078,28.890913961636585,75.0,3,"CB trades at a relatively high PEG ratio of 2.49, and is priced below its sector's average P/E, and is trading below its 200-day average and seeing an unusual volume spike, and no reliable sentiment data was available today."
NTAP,Technology,31.561354,5.946784,29.335344,2.51,1171374976.0,0.635,-85.08941873658537,,False,False,88.80822058437717,True,3357933.0,2617181.1,False,3.9168633417059646,25,15.9388886961035,,,42.13150096167908,-3,81.22362869198312,14.91984314927544,66.06969018055608,28.887711670758275,75.0,3,"NTAP trades at a relatively high PEG ratio of 2.51, and is priced below its sector's average P/E, and is trading below its 200-day average and showing bullish MACD momentum, and no reliable sentiment data was available today."
APO,Financial Services,41.344086,1.913567,3.3883617,0.43,,0.637,23.472590877941172,,False,False,20.948968102374565,False,3691205.0,2682110.1666666665,False,23.202101617229616,0,15.867245920089143,,,42.13150096167908,-3,81.43459915611815,20.24098611458963,61.21736950545061,17.06623549831064,75.0,3,"APO trades at an attractive PEG ratio of 0.43, and is priced above its sector's average P/E, and is trading below its 200-day average, and no reliable sentiment data was available today."
SNPS,Technology,86.302124,9.940965,3.0043607,2.62,3425542400.0,0.893,-30.34864873658536,,False,False,92.19028786021511,True,2818341.0,2327378.033333333,False,3.7494764196507178,25,15.86356458117864,,,42.13150096167908,-3,85.86497890295358,14.819410996042294,69.31863532823542,28.87097297855275,75.0,3,"SNPS trades at a relatively high PEG ratio of 2.62, and is priced below its sector's average P/E, and is trading below its 200-day average and showing bullish MACD momentum, and no reliable sentiment data was available today."
ETN,Industrials,44.00814,5.5944376,8.295779,2.65,3106125056.0,-0.159,7.658985190789473,,False,False,78.0876558089515,True,1426410.0,1978017.0,False,3.706237190728729,25,15.844106928163743,,,42.13150096167908,-3,11.814345991561181,14.793467458689099,17.48319229026073,28.866649055660552,75.0,3,"ETN trades at a relatively high PEG ratio of 2.65, and is priced above its sector's average P/E, and is trading below its 200-day average and showing bullish MACD momentum, and no reliable sentiment data was available today."
CDNS,Technology,70.27435,16.701223,14.194844,2.68,1609676544.0,1.254,-46.37642273658537,,False,False,96.93147555521996,True,1951705.0,2612120.1666666665,False,3.6639660042452906,25,15.825084894246196,,,42.13150096167908,-3,89.87341772151899,14.768104746799036,72.12454250123119,28.862421937012208,75.0,3,"CDNS trades at a relatively high PEG ratio of 2.68, and is priced below its sector's average P/E, and is trading below its 200-day average and showing bullish MACD momentum, and no reliable sentiment data was available today."
IRM,Real Estate,80.23572,4.421962,-26.105043,2.7,-436093504.0,,36.81165655172414,,False,False,54.063814101754396,True,1602484.0,1638109.4666666666,False,3.636307079756128,25,15.812638378226076,,,42.13150096167908,-3,27.109704641350213,14.75150939210554,28.189943345113054,28.85965604456329,75.0,3,"IRM trades at a relatively high PEG ratio of 2.70, and is priced above its sector's average P/E, and is trading below its 200-day average and showing bullish MACD momentum, and no reliable sentiment data was available today."
UNP,Industrials,22.452187,6.4775505,7.9601216,2.76,4720750080.0,0.066,-13.896967809210526,,False,False,41.51559755169633,True,2241116.0,2452367.2,False,3.555735430157262,25,15.776381135906583,,,42.13150096167908,-3,37.552742616033754,14.70316640234622,35.500069927391536,28.851598879603404,75.0,3,"UNP trades at a relatively high PEG ratio of 2.76, and is priced below its sector's average P/E, and is trading below its 200-day average and showing bullish MACD momentum, and no reliable sentiment data was available today."
MTD,Healthcare,34.744873,7.472157,2408.7969,2.76,693589632.0,0.183,1.4063335555555554,,False,False,73.23628296961294,True,166382.0,194836.06666666668,False,3.555735430157262,25,15.776381135906583,,,42.13150096167908,-3,54.43037974683544,14.70316640234622,47.31441591895271,28.851598879603404,75.0,3,"MTD trades at a relatively high PEG ratio of 2.76, and is priced above its sector's average P/E, and is trading below its 200-day average and showing bullish MACD momentum, and no reliable sentiment data was available today."
CASY,Consumer Cyclical,29.736513,1.2219481,5.5762005,2.8,503306880.0,0.277,-9.620011307692312,,False,False,66.49787691919138,True,605221.0,670714.0333333333,False,3.503939369700848,25,15.7530729087012,,,42.13150096167908,-3,63.50210970464135,14.67208876607237,53.66462688941685,28.846419273557764,75.0,3,"CASY trades at a relatively high PEG ratio of 2.80, and is priced below its sector's average P/E, and is trading below its 200-day average and showing bullish MACD momentum, and no reliable sentiment data was available today."
IDXX,Healthcare,37.039356,9.131303,25.779898,2.84,909368384.0,0.176,3.700816555555555,,False,False,55.42647004775669,True,570110.0,478740.3333333333,False,3.4536023532009525,25,15.730421251276244,,,42.13150096167908,-3,53.58649789029536,14.641886556172434,46.72369861937466,28.84138557190777,75.0,3,"IDXX trades at a relatively high PEG ratio of 2.84, and is priced above its sector's average P/E, and is trading below its 200-day average and showing bullish MACD momentum, and no reliable sentiment data was available today."
AME,Industrials,36.83041,7.3424954,5.1288733,2.86,1492221312.0,0.142,0.48125519078947576,,False,False,79.25033767997895,True,1096710.0,1440290.3333333333,False,3.4289618556135917,25,15.719333027361934,,,42.13150096167908,-3,49.36708860759494,14.627102257620017,43.77011212148436,28.838921522149036,75.0,3,"AME trades at a relatively high PEG ratio of 2.86, and is priced above its sector's average P/E, and is trading below its 200-day average and showing bullish MACD momentum, and no reliable sentiment data was available today."
GRMN,Technology,29.46543,7.177833,6.1003327,2.99,1043656256.0,0.353,-87.18534273658537,,False,False,52.75333337425874,True,729043.0,851664.7666666667,False,3.2768335661611867,25,15.65087529710835,,,42.13150096167908,-3,69.09282700421942,14.535825283948574,57.578128999121496,28.8237086932038,75.0,3,"GRMN trades at a relatively high PEG ratio of 2.99, and is priced below its sector's average P/E, and is trading below its 200-day average and showing bullish MACD momentum, and no reliable sentiment data was available today."
DVA,Healthcare,15.094595,0.8188032,-14.939396,0.44,1042451584.0,0.558,-18.243944444444445,,False,False,33.750360451468,False,451957.0,679255.2333333333,False,22.673190471342767,0,15.629235904440062,,,42.13150096167908,-3,78.05907172995781,19.923639427057523,58.85450030713837,17.013344383721954,75.0,3,"DVA trades at an attractive PEG ratio of 0.44, and is priced below its sector's average P/E, and is trading below its 200-day average, and no reliable sentiment data was available today."
EXPD,Industrials,28.256186,2.096525,11.912856,3.05,797562240.0,0.515,-8.092968809210525,,False,False,47.908756107531836,False,1625165.0,1000032.1666666666,True,3.210994437611294,25,15.621247689260898,,,42.13150096167908,-3,76.16033755274262,14.496321806818639,62.525386383087735,28.817124780348806,75.0,3,"EXPD trades at a relatively high PEG ratio of 3.05, and is priced below its sector's average P/E, and is trading below its 200-day average and seeing an unusual volume spike, and no reliable sentiment data was available today."
TDG,Industrials,33.141037,6.1079745,-6.5049357,3.05,1457374976.0,0.109,-3.2081178092105276,,False,False,52.26889666128868,True,318269.0,381282.3,False,3.210994437611294,25,15.621247689260898,,,42.13150096167908,-3,44.40928270042194,14.496321806818639,40.29964798646326,28.817124780348806,75.0,3,"TDG trades at a relatively high PEG ratio of 3.05, and is priced below its sector's average P/E, and is trading below its 200-day average and showing bullish MACD momentum, and no reliable sentiment data was available today."
PH,Industrials,34.258427,5.723306,7.9870987,3.26,2961750016.0,0.193,-2.0907278092105273,,False,False,72.11420169236054,True,329622.0,594770.7333333333,False,2.9996427565454558,25,15.526139432781271,,,42.13150096167908,-3,55.27426160337553,14.369510798179135,47.90513321853078,28.795989612242224,75.0,3,"PH trades at a relatively high PEG ratio of 3.26, and is priced below its sector's average P/E, and is trading below its 200-day average and showing bullish MACD momentum, and no reliable sentiment data was available today."
KIM,Real Estate,25.917646,6.7565546,1.4383651,3.37,871483392.0,-0.058,-17.506417448275858,,False,False,23.404252441000708,True,5008325.0,5493464.166666667,False,2.8994470676976545,25,15.481051372799762,,,42.13150096167908,-3,18.459915611814345,14.309393384870454,22.135091024437948,28.785970043357445,75.0,3,"KIM trades at a relatively high PEG ratio of 3.37, and is priced below its sector's average P/E, and is trading below its 200-day average and showing bullish MACD momentum, and no reliable sentiment data was available today."
ILMN,Healthcare,54.792908,9.868089,15.625964,3.37,797625024.0,-0.094,21.454368555555554,,False,False,79.10313136968132,True,4220939.0,3474484.6333333333,False,2.8994470676976545,25,15.481051372799762,,,42.13150096167908,-3,16.244725738396625,14.309393384870454,20.584458113045542,28.785970043357445,75.0,3,"ILMN trades at a relatively high PEG ratio of 3.37, and is priced above its sector's average P/E, and is trading below its 200-day average and showing bullish MACD momentum, and no reliable sentiment data was available today."
FAST,Industrials,43.324787,6.648073,14.29498,3.37,916124992.0,0.146,6.975632190789476,,False,False,62.226245742412566,True,5561363.0,6605492.1,False,2.8994470676976545,25,15.481051372799762,,,42.13150096167908,-3,50.210970464135016,14.309393384870454,44.36082942106242,28.785970043357445,75.0,3,"FAST trades at a relatively high PEG ratio of 3.37, and is priced above its sector's average P/E, and is trading below its 200-day average and showing bullish MACD momentum, and no reliable sentiment data was available today."
HST,Real Estate,15.162163,2.500748,2.4061763,3.42,1692375040.0,0.084,-28.26190044827586,,False,False,64.04601978256096,True,10836322.0,8361847.4,False,2.8560342625881607,25,15.461515610500488,,,42.13150096167908,-3,39.9789029535865,14.283345701804759,37.19838216367846,28.781628762846495,75.0,3,"HST trades at a relatively high PEG ratio of 3.42, and is priced below its sector's average P/E, and is trading below its 200-day average and showing bullish MACD momentum, and no reliable sentiment data was available today."
HON,Industrials,7.904762,1.7833652,3.6613264,3.5,2610374912.0,2.639,-28.444392809210527,,False,False,77.26095970185857,True,1740405.0,2881960.1666666665,False,2.7891537354023352,25,15.431419373266866,,,42.13150096167908,-3,94.9367088607595,14.243217385493264,75.66884629869955,28.77494071012791,75.0,3,"HON trades at a relatively high PEG ratio of 3.50, and is priced below its sector's average P/E, and is trading below its 200-day average and showing bullish MACD momentum, and no reliable sentiment data was available today."
PNW,Utilities,18.418427,2.0939062,1.653143,3.68,-929501376.0,-0.095,-0.5624189354838691,,False,False,54.39654361619355,True,1392673.0,1159909.1,False,2.649304372170018,25,15.368487159812325,,,42.13150096167908,-3,16.033755274261605,14.159307767553873,20.43677878815103,28.760955773804678,75.0,3,"PNW trades at a relatively high PEG ratio of 3.68, and is priced below its sector's average P/E, and is trading below its 200-day average and showing bullish MACD momentum, and no reliable sentiment data was available today."
NSC,Industrials,26.982082,5.6641073,4.3701115,3.75,1382249984.0,-0.044,-9.367072809210526,,False,False,46.09331108985878,True,750175.0,1054969.1666666667,False,2.598544232922732,25,15.345645097151046,,,42.13150096167908,-3,19.831223628691983,14.1288516840055,23.095006636252293,28.755879759879953,75.0,3,"NSC trades at a relatively high PEG ratio of 3.75, and is priced below its sector's average P/E, and is trading below its 200-day average and showing bullish MACD momentum, and no reliable sentiment data was available today."
GE,Industrials,36.125,6.276721,18.01894,3.94,6594625024.0,0.194,-0.22415480921052477,,False,False,53.31924084593666,True,5211629.0,4102474.3,False,2.469858629725843,25,15.287736575712444,,,42.13150096167908,-3,55.48523206751055,14.051640322087367,48.05281254342529,28.74301119956026,75.0,3,"GE trades at a relatively high PEG ratio of 3.94, and is priced below its sector's average P/E, and is trading below its 200-day average and showing bullish MACD momentum, and no reliable sentiment data was available today."
WRB,Financial Services,14.3264885,1.7387463,2.7943766,4.54,3045504768.0,0.15,-3.5450066220588248,,False,False,36.56014897301171,True,2316476.0,3143085.8666666667,False,2.134195973578148,25,15.136688380445982,,,42.13150096167908,-3,50.73839662447257,13.85024272839875,44.730027733298705,28.70944493394549,75.0,3,"WRB trades at a relatively high PEG ratio of 4.54, and is priced below its sector's average P/E, and is trading below its 200-day average and showing bullish MACD momentum, and no reliable sentiment data was available today."
SPG,Real Estate,14.213126,11.015589,14.82954,4.58,2595271168.0,-0.125,-29.210937448275857,,False,False,36.36363636363636,True,1040003.0,1230473.4333333333,False,2.1149454515225163,25,15.12802564552095,,,42.13150096167908,-3,13.502109704641349,13.838692415165372,18.66462688941685,28.70751988173993,75.0,3,"SPG trades at a relatively high PEG ratio of 4.58, and is priced below its sector's average P/E, and is trading below its 200-day average and showing bullish MACD momentum, and no reliable sentiment data was available today."
COST,Consumer Defensive,44.48555,1.3503534,11.433806,4.64,7147500032.0,0.15,14.237415166666672,,False,False,62.14449324589015,True,1949392.0,2221983.066666667,False,2.0866919913503494,25,15.115311588443475,,,42.13150096167908,-3,50.73839662447257,13.821740339062071,44.730027733298705,28.704694535722712,75.0,3,"COST trades at a relatively high PEG ratio of 4.64, and is priced above its sector's average P/E, and is trading below its 200-day average and showing bullish MACD momentum, and no reliable sentiment data was available today."
NXPI,Technology,20.663536,4.6276956,5.354859,0.48,3555000064.0,0.726,-95.98723673658537,,False,False,68.55555490315389,True,1892834.0,3256254.466666667,False,20.777925531914896,25,15.100066489361701,10.0,-0.4471891462802887,0.0,-3,83.75527426160338,18.716755319148938,63.62869198312236,15.827792553191491,100.0,4,"NXPI trades at an attractive PEG ratio of 0.48, and is priced below its sector's average P/E, and is trading below its 200-day average and showing bullish MACD momentum, and recent news sentiment has been notably negative."
VTR,Real Estate,150.66666,6.5015416,2.8488393,4.79,1486853504.0,-0.067,107.24259655172415,,False,False,19.210533696703962,False,7548356.0,3573601.8666666667,True,2.019155014529617,25,15.084919948874145,,,42.13150096167908,-3,17.51054852320675,13.781218152969632,21.470534062412632,28.69794083804064,75.0,3,"VTR trades at a relatively high PEG ratio of 4.79, and is priced above its sector's average P/E, and is trading below its 200-day average and seeing an unusual volume spike, and no reliable sentiment data was available today."
EXR,Real Estate,29.339954,8.35449,2.1180203,5.29,1499437568.0,0.06,-14.08410944827586,,False,False,39.920387233095575,True,1118318.0,1381153.9333333333,False,1.821693406181665,25,14.996062225117566,,,42.13150096167908,-3,36.91983122362869,13.662741187960862,35.05703195270799,28.678194677205845,75.0,3,"EXR trades at a relatively high PEG ratio of 5.29, and is priced below its sector's average P/E, and is trading below its 200-day average and showing bullish MACD momentum, and no reliable sentiment data was available today."
UAL,Industrials,10.299625,0.56761646,2.138372,6.5,910124992.0,-0.172,-26.049529809210526,,False,False,61.563934950942375,True,4927777.0,3767159.2333333334,False,1.4695494874666208,25,14.837597461695793,,,42.13150096167908,-3,11.60337552742616,13.451454836731834,17.33551296536622,28.64298028533434,75.0,3,"UAL trades at a relatively high PEG ratio of 6.50, and is priced below its sector's average P/E, and is trading below its 200-day average and showing bullish MACD momentum, and no reliable sentiment data was available today."
CRWD,Technology,4544.5005,51.73996,54.720055,6.97,1995385472.0,,4427.849727263415,,False,False,70.67387613836928,True,4829740.0,11332801.333333334,False,1.3657355712612524,25,14.79088119940338,,,42.13150096167908,-3,27.109704641350213,13.389166487008612,28.189943345113054,28.632598893713805,75.0,3,"CRWD trades at a relatively high PEG ratio of 6.97, and is priced above its sector's average P/E, and is trading below its 200-day average and showing bullish MACD momentum, and no reliable sentiment data was available today."
ESS,Real Estate,42.290825,9.462503,3.2831478,7.02,1043926720.0,-0.718,-1.1332384482758613,,False,False,37.36632404195207,True,432021.0,567977.3666666667,False,1.3555096141882257,25,14.78627951872052,,,42.13150096167908,-3,2.320675105485232,13.383030912764799,10.83762267000757,28.6315762980065,75.0,3,"ESS trades at a relatively high PEG ratio of 7.02, and is priced below its sector's average P/E, and is trading below its 200-day average and showing bullish MACD momentum, and no reliable sentiment data was available today."
UDR,Real Estate,21.41772,7.098475,3.754577,8.17,779827776.0,0.909,-22.00634344827586,,False,False,23.885354961294183,True,3628032.0,3800001.066666667,False,1.154858062367304,25,14.695986320401104,,,42.13150096167908,-3,86.07594936708861,13.262639981672244,69.46631465312993,28.61151114282441,75.0,3,"UDR trades at a relatively high PEG ratio of 8.17, and is priced below its sector's average P/E, and is trading below its 200-day average and showing bullish MACD momentum, and no reliable sentiment data was available today."
CPT,Real Estate,32.135315,6.18858,2.6261566,9.17,139679632.0,-0.757,-11.28874844827586,,False,False,17.27291758217042,True,953556.0,1091028.5333333334,False,1.0212869757632672,25,14.635879331429287,,,42.13150096167908,-3,1.4767932489451476,13.182497329709822,10.246905370429511,28.598154034164004,75.0,3,"CPT trades at a relatively high PEG ratio of 9.17, and is priced below its sector's average P/E, and is trading below its 200-day average and showing bullish MACD momentum, and no reliable sentiment data was available today."
SWKS,Technology,43.47669,3.1440587,2.200745,12.04,448812512.0,-0.686,-73.17408273658538,,False,False,41.59052333768291,False,29215969.0,7895382.3,True,0.7611572846019057,25,14.518820970406672,,,42.13150096167908,-3,2.5316455696202533,13.026419515013005,10.985301994902084,28.57214106504787,75.0,3,"SWKS trades at a relatively high PEG ratio of 12.04, and is priced below its sector's average P/E, and is trading below its 200-day average and seeing an unusual volume spike, and no reliable sentiment data was available today."
INVH,Real Estate,23.908257,5.404361,1.6998239,13.14,1168785536.0,0.605,-19.51580644827586,,False,False,20.459288731282683,True,4897204.0,5124856.8,False,0.6915788451016788,25,14.487510672631572,,,42.13150096167908,-3,79.957805907173,12.98467245131287,65.18361423118901,28.565183221097847,75.0,3,"INVH trades at a relatively high PEG ratio of 13.14, and is priced below its sector's average P/E, and is trading below its 200-day average and showing bullish MACD momentum, and no reliable sentiment data was available today."
BMY,Healthcare,12.953745,2.4424033,5.383066,17.03,8114375168.0,1.531,-20.384794444444445,,False,False,38.53990491234774,False,19237043.0,10837931.433333334,True,0.517621232276353,25,14.409229746860177,,,42.13150096167908,-3,91.77215189873418,12.880297883617674,73.45365642528184,28.547787459815314,75.0,3,"BMY trades at a relatively high PEG ratio of 17.03, and is priced below its sector's average P/E, and is trading below its 200-day average and seeing an unusual volume spike, and no reliable sentiment data was available today."
CF,Basic Materials,8.606825,2.268801,3.0598412,0.5,1276749952.0,0.996,-44.25561866666666,,False,False,12.413058861424119,False,2081361.0,2582512.033333333,False,19.94400895856663,0,14.401104223690801,,,42.13150096167908,-3,87.55274261603375,18.28613051939184,65.50006992739154,16.74042623244434,75.0,3,"CF trades at an attractive PEG ratio of 0.50, and is priced below its sector's average P/E, and is trading below its 200-day average, and no reliable sentiment data was available today."
MET,Financial Services,18.559387,0.77539736,2.251557,0.5,-20953999360.0,0.058,0.6878918779411762,,False,False,26.691209660542796,False,4417239.0,3046987.966666667,False,19.94400895856663,0,14.401104223690801,,,42.13150096167908,-3,36.708860759493675,18.28613051939184,29.90935262781348,16.74042623244434,75.0,3,"MET trades at an attractive PEG ratio of 0.50, and is priced above its sector's average P/E, and is trading below its 200-day average, and no reliable sentiment data was available today."
CCI,Real Estate,27.471544,6.909944,-8.804065,0.52,1036249984.0,-0.675,-15.952519448275858,,False,False,13.109421934643422,False,3256358.0,3275625.2666666666,False,19.17423981393746,0,14.054708108607674,,,42.13150096167908,-3,2.7426160337552745,17.82426903261434,6.1329813197966,16.663449317981424,75.0,3,"CCI trades at an attractive PEG ratio of 0.52, and is priced below its sector's average P/E, and is trading below its 200-day average, and no reliable sentiment data was available today."
GDDY,Technology,14.842262,2.4748423,1881.8867,0.53,1204950016.0,0.298,-101.80851073658536,,False,False,42.74894943326323,False,1556638.0,2388181.2666666666,False,18.811141160810497,0,13.891313714700537,,,42.13150096167908,-3,65.18987341772153,17.60640984073816,49.84606148857298,16.627139452668725,75.0,3,"GDDY trades at an attractive PEG ratio of 0.53, and is priced below its sector's average P/E, and is trading below its 200-day average, and no reliable sentiment data was available today."
ZBH,Healthcare,22.225729,2.0526807,1.3825643,0.55,1072150016.0,0.338,-11.112810444444442,,False,False,19.9079935278848,False,2293166.0,1948342.2,False,18.12455461671587,0,13.582349769857956,,,42.13150096167908,-3,68.14345991561181,17.194457914281383,51.91357203709617,16.558480798259264,75.0,3,"ZBH trades at an attractive PEG ratio of 0.55, and is priced below its sector's average P/E, and is trading below its 200-day average, and no reliable sentiment data was available today."
WDAY,Technology,38.484726,4.4844275,7.0494313,0.56,3046374912.0,2.06,-78.16604673658537,,False,False,44.278863720104894,False,2176447.0,3076184.9,False,17.799652055671093,0,13.436143617387806,,,42.13150096167908,-3,93.67088607594937,16.999516377654516,69.78277034933247,16.525990542154787,75.0,3,"WDAY trades at an attractive PEG ratio of 0.56, and is priced below its sector's average P/E, and is trading below its 200-day average, and no reliable sentiment data was available today."
ADBE,Technology,13.332496,3.578557,7.9364843,0.57,9345125376.0,0.105,-103.31827673658536,,False,False,30.335101115209625,False,3288294.0,5121103.133333334,False,17.48614958448754,0,13.29506750535521,,,42.13150096167908,-3,43.67088607594937,16.811414894944384,34.782770349332466,16.49464029503643,75.0,3,"ADBE trades at an attractive PEG ratio of 0.57, and is priced below its sector's average P/E, and is trading below its 200-day average, and no reliable sentiment data was available today."
KR,Consumer Defensive,32.655556,0.23247659,5.9985714,0.57,2535500032.0,0.153,2.4074211666666656,,False,False,36.12068256781776,False,6101697.0,7421666.566666666,False,17.48614958448754,0,13.29506750535521,,,42.13150096167908,-3,51.58227848101266,16.811414894944384,40.320745032876765,16.49464029503643,75.0,3,"KR trades at an attractive PEG ratio of 0.57, and is priced above its sector's average P/E, and is trading below its 200-day average, and no reliable sentiment data was available today."
XYZ,Technology,136.125,1.8288743,2.077225,0.57,-27105876.0,-0.833,19.474227263414633,,False,False,36.21886825150765,False,3870578.0,4072575.933333333,False,17.48614958448754,0,13.29506750535521,,,42.13150096167908,-3,1.2658227848101267,16.811414894944384,5.099226045534997,16.49464029503643,75.0,3,"XYZ trades at an attractive PEG ratio of 0.57, and is priced above its sector's average P/E, and is trading below its 200-day average, and no reliable sentiment data was available today."
DELL,Technology,32.109882,2.3224864,-247.66367,0.57,6033375232.0,2.729,-84.54089073658537,,False,False,55.00342171972742,False,4171010.0,9231463.666666666,False,17.48614958448754,0,13.29506750535521,,,42.13150096167908,-3,95.14767932489451,16.811414894944384,70.81652562359406,16.49464029503643,75.0,3,"DELL trades at an attractive PEG ratio of 0.57, and is priced below its sector's average P/E, and is trading below its 200-day average, and no reliable sentiment data was available today."
TMUS,Communication Services,17.203762,1.9156804,3.1451058,0.58,11335999488.0,0.053,-13.857514599999998,,False,False,24.50771791620653,False,4245429.0,4729747.633333334,False,17.18345754334479,0,13.15885608684097,,,42.13150096167908,-3,35.970464135021096,16.629799670258734,29.392474990682675,16.464371090922157,75.0,3,"TMUS trades at an attractive PEG ratio of 0.58, and is priced below its sector's average P/E, and is trading below its 200-day average, and no reliable sentiment data was available today."
APP,Communication Services,21.673328,13.817498,29.8887,0.58,3179956224.0,0.57,-9.387948599999998,,False,False,20.57510827121051,False,6817633.0,5083771.1,False,17.18345754334479,0,13.15885608684097,,,42.13150096167908,-3,78.48101265822784,16.629799670258734,59.149858956927396,16.464371090922157,75.0,3,"APP trades at an attractive PEG ratio of 0.58, and is priced below its sector's average P/E, and is trading below its 200-day average, and no reliable sentiment data was available today."
BSX,Healthcare,17.165993,2.9266212,2.4605386,0.6,2451375104.0,0.151,-16.172546444444443,,False,False,37.325359787960956,False,13646690.0,20581229.666666668,False,16.608342665173573,0,12.900054391663925,,,42.13150096167908,-3,51.26582278481012,16.284730743356008,40.09922604553499,16.406859603105033,75.0,3,"BSX trades at an attractive PEG ratio of 0.60, and is priced below its sector's average P/E, and is trading below its 200-day average, and no reliable sentiment data was available today."
C,Financial Services,13.882289,2.6389577,1.1203786,0.6,,0.61,-3.9892061220588246,,False,False,32.512550401647644,False,6600730.0,9379414.333333334,False,16.608342665173573,0,12.900054391663925,,,42.13150096167908,-3,80.16877637130801,16.284730743356008,60.331293556083516,16.406859603105033,75.0,3,"C trades at an attractive PEG ratio of 0.60, and is priced below its sector's average P/E, and is trading below its 200-day average, and no reliable sentiment data was available today."
CHTR,Communication Services,2.8057797,0.25747356,0.7582922,0.62,2198374912.0,0.161,-28.2554969,,False,False,4.6604335029837785,False,3106058.0,2895388.6,False,16.070331972690823,0,12.657949580046687,,,42.13150096167908,-3,52.426160337552744,15.961924327866356,40.911462332454825,16.35305853385676,75.0,3,"CHTR trades at an attractive PEG ratio of 0.62, and is priced below its sector's average P/E, and is trading below its 200-day average, and no reliable sentiment data was available today."
PRU,Financial Services,10.278986,0.6002484,1.2406118,0.65,7527750144.0,0.892,-7.592509122058825,,False,False,24.98135320807316,False,1487431.0,1580511.0333333334,False,15.325394090791628,0,12.322727533192047,,,42.13150096167908,-3,85.65400843881856,15.514961598726838,64.1709560033409,16.278564745666838,75.0,3,"PRU trades at an attractive PEG ratio of 0.65, and is priced below its sector's average P/E, and is trading below its 200-day average, and no reliable sentiment data was available today."
COR,Healthcare,23.380102,0.18059608,19.697899,0.65,2043314048.0,0.119,-9.958437444444442,,False,False,37.35344927118301,False,1095371.0,1254469.0333333334,False,15.325394090791628,0,12.322727533192047,,,42.13150096167908,-3,46.30801687763713,15.514961598726838,36.628761910513894,16.278564745666838,75.0,3,"COR trades at an attractive PEG ratio of 0.65, and is priced below its sector's average P/E, and is trading below its 200-day average, and no reliable sentiment data was available today."
STT,Financial Services,15.55291,3.2249982,2.0270548,0.65,,0.682,-2.318585122058824,,False,False,28.346671311573246,False,1809876.0,1870832.5333333334,False,15.325394090791628,0,12.322727533192047,,,42.13150096167908,-3,82.27848101265823,15.514961598726838,61.808086805028665,16.278564745666838,75.0,3,"STT trades at an attractive PEG ratio of 0.65, and is priced below its sector's average P/E, and is trading below its 200-day average, and no reliable sentiment data was available today."
HAL,Energy,17.25263,1.2239904,2.483145,0.66,2052249984.0,0.161,-1.9363708571428582,,False,False,10.37341738340723,False,9044705.0,11023523.5,False,15.092130713631274,0,12.21775901346989,,,42.13150096167908,-3,52.426160337552744,15.375003572430627,40.911462332454825,16.255238407950802,75.0,3,"HAL trades at an attractive PEG ratio of 0.66, and is priced below its sector's average P/E, and is trading below its 200-day average, and no reliable sentiment data was available today."
WYNN,Consumer Cyclical,18.505995,1.071906,-46.404087,0.67,476188864.0,1.061,-20.850529307692312,,False,False,20.52257836225057,False,1970319.0,2167230.6333333333,False,14.865830422356302,0,12.115923882396153,,,42.13150096167908,-3,87.9746835443038,15.239223397665643,65.79542857718056,16.232608378823308,75.0,3,"WYNN trades at an attractive PEG ratio of 0.67, and is priced below its sector's average P/E, and is trading below its 200-day average, and no reliable sentiment data was available today."
AJG,Financial Services,37.68491,3.8553793,2.455693,0.67,2082300032.0,-0.107,19.813414877941177,,False,False,21.152345380855422,False,1147849.0,1478491.6333333333,False,14.865830422356302,0,12.115923882396153,,,42.13150096167908,-3,14.978902953586498,15.239223397665643,14.698382163678456,16.232608378823308,75.0,3,"AJG trades at an attractive PEG ratio of 0.67, and is priced above its sector's average P/E, and is trading below its 200-day average, and no reliable sentiment data was available today."
CBRE,Real Estate,29.610983,0.8572451,4.4660726,0.69,1637624960.0,-0.042,-13.813080448275858,,False,False,29.082228985050378,False,2003536.0,1890327.8666666667,False,14.43290812600419,0,11.9211088490377,,,42.13150096167908,-3,20.35864978902954,14.979470019854375,18.464204948488586,16.189316149188095,75.0,3,"CBRE trades at an attractive PEG ratio of 0.69, and is priced below its sector's average P/E, and is trading below its 200-day average, and no reliable sentiment data was available today."
SRE,Utilities,22.589596,3.7713146,1.5633252,0.69,-27657750528.0,0.713,3.60875006451613,,False,False,36.41068201955481,False,3599062.0,3862462.066666667,False,14.43290812600419,0,11.9211088490377,,,42.13150096167908,-3,83.54430379746836,14.979470019854375,62.694162754395755,16.189316149188095,75.0,3,"SRE trades at an attractive PEG ratio of 0.69, and is priced above its sector's average P/E, and is trading below its 200-day average, and no reliable sentiment data was available today."
EXPE,Consumer Cyclical,16.25047,1.9888812,25.823326,0.7,3434374912.0,1.887,-23.10605430769231,,False,False,22.285775558531412,False,1291720.0,2120630.6666666665,False,14.225723884178532,0,11.827875940216156,,,42.13150096167908,-3,92.82700421940928,14.855159474758981,69.19205304975439,16.16859772500553,75.0,3,"EXPE trades at an attractive PEG ratio of 0.70, and is priced below its sector's average P/E, and is trading below its 200-day average, and no reliable sentiment data was available today."
ADSK,Technology,28.736706,5.944292,13.687527,0.71,3157499904.0,0.596,-87.91406673658537,,False,False,30.656355723469133,False,3211963.0,2308185.433333333,False,14.024375818178953,0,11.737269310516346,,,42.13150096167908,-3,79.53586497890295,14.734350635159233,59.88825558139997,16.14846291840557,75.0,3,"ADSK trades at an attractive PEG ratio of 0.71, and is priced below its sector's average P/E, and is trading below its 200-day average, and no reliable sentiment data was available today."
IT,Technology,16.97649,1.8343961,-72.27097,0.73,1052553024.0,0.331,-99.67428273658537,,False,False,37.6258056500117,False,626077.0,1059912.5666666667,False,13.638228842289344,0,11.56350317136602,,,42.13150096167908,-3,67.51054852320675,14.502662449625468,51.47053406241263,16.10984822081661,75.0,3,"IT trades at an attractive PEG ratio of 0.73, and is priced below its sector's average P/E, and is trading below its 200-day average, and no reliable sentiment data was available today."
CI,Healthcare,11.214965,0.25386107,1.6785359,0.74,7980125184.0,0.102,-22.123574444444444,,False,False,28.83157055181931,False,1500953.0,1612155.1,False,13.452982657909871,0,11.480142388395258,,,42.13150096167908,-3,43.143459915611814,14.391514738997785,34.41357203709617,16.091323602378665,75.0,3,"CI trades at an attractive PEG ratio of 0.74, and is priced below its sector's average P/E, and is trading below its 200-day average, and no reliable sentiment data was available today."
RDDT,Communication Services,34.98139,10.414542,8.804729,0.74,678068736.0,1.778,3.920113399999998,,False,False,37.67538425797364,False,5197532.0,4527994.4,False,13.452982657909871,0,11.480142388395258,,,42.13150096167908,-3,92.40506329113924,14.391514738997785,68.89669439996537,16.091323602378665,75.0,3,"RDDT trades at an attractive PEG ratio of 0.74, and is priced above its sector's average P/E, and is trading below its 200-day average, and no reliable sentiment data was available today."
CPAY,Technology,24.420668,5.253812,7.446568,0.75,1946175872.0,-0.07,-92.23010473658536,,False,False,35.01255275531065,False,481376.0,469139.2,False,13.272676371780515,0,11.399004559637048,,,42.13150096167908,-3,17.088607594936708,14.28333096732017,16.175175412623602,16.073292973765728,75.0,3,"CPAY trades at an attractive PEG ratio of 0.75, and is priced below its sector's average P/E, and is trading below its 200-day average, and no reliable sentiment data was available today."
LVS,Consumer Cyclical,14.245137,1.7284306,40.813824,0.77,2212875008.0,-0.198,-25.11138730769231,,False,False,9.872596375793918,False,5862845.0,5741474.833333333,False,12.92611363999942,0,11.243051330335554,,,42.13150096167908,-3,10.548523206751055,14.075393328251513,11.597116340893646,16.038636700587617,75.0,3,"LVS trades at an attractive PEG ratio of 0.77, and is priced below its sector's average P/E, and is trading below its 200-day average, and no reliable sentiment data was available today."
PCAR,Industrials,23.023157,2.0694451,2.832647,0.77,1943650048.0,0.042,-13.325997809210524,,False,False,8.235348089462278,False,2755163.0,3213465.433333333,False,12.92611363999942,0,11.243051330335554,,,42.13150096167908,-3,33.755274261603375,14.075393328251513,27.84184207929027,16.038636700587617,75.0,3,"PCAR trades at an attractive PEG ratio of 0.77, and is priced below its sector's average P/E, and is trading below its 200-day average, and no reliable sentiment data was available today."
RJF,Financial Services,14.01918,2.0296433,2.4327514,0.78,,0.42,-3.8523151220588243,,False,False,28.52141030094421,False,1098875.0,1267895.8333333333,False,12.759496942027738,0,11.168073816248299,,,42.13150096167908,-3,72.46835443037975,13.975423309468503,54.94099819743373,16.02197503079045,75.0,3,"RJF trades at an attractive PEG ratio of 0.78, and is priced below its sector's average P/E, and is trading below its 200-day average, and no reliable sentiment data was available today."
EXE,Energy,7.450862,1.6334767,1.0435256,0.79,1466249984.0,-0.455,-11.738138857142857,,False,False,22.695950735721098,False,2395941.0,3129551.3666666667,False,12.597098388308503,0,11.094994467074642,,,42.13150096167908,-3,5.69620253164557,13.877984177236964,8.200491868319807,16.005735175418526,75.0,3,"EXE trades at an attractive PEG ratio of 0.79, and is priced below its sector's average P/E, and is trading below its 200-day average, and no reliable sentiment data was available today."
ALB,Basic Materials,386.55554,2.0846965,1.5316995,0.79,1334340224.0,,333.69309633333336,,False,False,37.42192438281433,False,2028684.0,2388799.466666667,False,12.597098388308503,0,11.094994467074642,,,42.13150096167908,-3,27.109704641350213,13.877984177236964,23.189943345113054,16.005735175418526,75.0,3,"ALB trades at an attractive PEG ratio of 0.79, and is priced above its sector's average P/E, and is trading below its 200-day average, and no reliable sentiment data was available today."
ORCL,Technology,22.332287,6.017725,10.92638,0.79,-45853626368.0,0.545,-94.31848573658536,,False,False,52.3164638140782,False,17008043.0,30837801.433333334,False,12.597098388308503,0,11.094994467074642,,,42.13150096167908,-3,77.42616033755274,13.877984177236964,58.411462332454825,16.005735175418526,75.0,3,"ORCL trades at an attractive PEG ratio of 0.79, and is priced below its sector's average P/E, and is trading below its 200-day average, and no reliable sentiment data was available today."
HSY,Consumer Defensive,21.995901,2.6595917,7.0901403,0.8,1743636352.0,6.31,-8.252233833333332,,False,False,24.640563569089338,False,1584760.0,1411278.6666666667,False,12.438759798432251,0,11.02374210163033,,,42.13150096167908,-3,98.94514767932489,13.782981023311212,73.47475347169532,15.989901316430903,75.0,3,"HSY trades at an attractive PEG ratio of 0.80, and is priced below its sector's average P/E, and is trading below its 200-day average, and no reliable sentiment data was available today."
QCOM,Technology,20.924767,4.381644,6.909084,0.82,10241000448.0,-0.23,-95.72600573658536,,False,False,47.98625010932837,False,12256815.0,13539060.5,False,12.133668369158496,0,10.88645095845714,,,42.13150096167908,-3,9.70464135021097,13.59992616574696,11.006399041315586,15.959392173503526,75.0,3,"QCOM trades at an attractive PEG ratio of 0.82, and is priced below its sector's average P/E, and is trading below its 200-day average, and no reliable sentiment data was available today."
VZ,Communication Services,11.9401045,1.3715141,1.8331201,0.82,17466624000.0,-0.22,-19.1211721,,False,False,13.084103105794412,False,22507493.0,20769123.1,False,12.133668369158496,0,10.88645095845714,,,42.13150096167908,-3,10.126582278481013,13.59992616574696,11.301757691104616,15.959392173503526,75.0,3,"VZ trades at an attractive PEG ratio of 0.82, and is priced below its sector's average P/E, and is trading below its 200-day average, and no reliable sentiment data was available today."
SCHW,Financial Services,17.843351,6.5093455,3.8532038,0.82,,0.426,-0.028144122058826326,,False,False,19.945796163304564,False,5872011.0,8498470.366666667,False,12.133668369158496,0,10.88645095845714,,,42.13150096167908,-3,72.78481012658227,13.59992616574696,55.162517184775496,15.959392173503526,75.0,3,"SCHW trades at an attractive PEG ratio of 0.82, and is priced below its sector's average P/E, and is trading below its 200-day average, and no reliable sentiment data was available today."
CRM,Technology,21.023787,4.3041825,4.927732,0.84,17731874816.0,1.189,-95.62698573658537,,False,False,30.704968211233805,False,6362014.0,14708717.133333333,False,11.843105103183492,0,10.755697488768387,,,42.13150096167908,-3,89.45147679324894,13.425588206161958,66.82918385144217,15.930335846906026,75.0,3,"CRM trades at an attractive PEG ratio of 0.84, and is priced below its sector's average P/E, and is trading below its 200-day average, and no reliable sentiment data was available today."
BAC,Financial Services,12.471132,3.3143604,1.372579,0.85,,0.341,-5.400363122058824,,False,False,14.945317261853717,False,34268492.0,36540543.06666667,False,11.702951057242608,0,10.69262816809499,,,42.13150096167908,-3,68.35443037974683,13.341495778597427,52.061251361990685,15.916320442311937,75.0,3,"BAC trades at an attractive PEG ratio of 0.85, and is priced below its sector's average P/E, and is trading below its 200-day average, and no reliable sentiment data was available today."
CTSH,Technology,12.509677,1.2713431,1.8180397,0.85,2215500032.0,0.038,-104.14109573658537,,False,False,33.356608377897984,False,3470552.0,6448071.733333333,False,11.702951057242608,0,10.69262816809499,,,42.13150096167908,-3,33.12236286919831,13.341495778597427,27.398804104606725,15.916320442311937,75.0,3,"CTSH trades at an attractive PEG ratio of 0.85, and is priced below its sector's average P/E, and is trading below its 200-day average, and no reliable sentiment data was available today."
PSX,Energy,15.412572,0.70727503,3.4159932,0.85,4545375232.0,3.449,-3.7764288571428573,,False,False,49.60379615037299,False,2004183.0,3073606.1,False,11.702951057242608,0,10.69262816809499,,,42.13150096167908,-3,96.62447257383965,13.341495778597427,71.85028089785565,15.916320442311937,75.0,3,"PSX trades at an attractive PEG ratio of 0.85, and is priced below its sector's average P/E, and is trading below its 200-day average, and no reliable sentiment data was available today."
MDLZ,Consumer Defensive,21.503677,1.8923928,2.8116138,0.86,2252375040.0,1.449,-8.744457833333332,,False,False,26.816953043215037,False,7146643.0,7982361.433333334,False,11.566056407718953,0,10.631025575809346,,,42.13150096167908,-3,91.13924050632912,13.259358988883234,68.01061845059829,15.902630977359571,75.0,3,"MDLZ trades at an attractive PEG ratio of 0.86, and is priced below its sector's average P/E, and is trading below its 200-day average, and no reliable sentiment data was available today."
ARES,Financial Services,53.976955,7.3984656,10.6182575,0.87,2159716096.0,0.065,36.10545987794117,,False,False,30.36952918609255,False,1688637.0,2150747.9,False,11.43230876163262,0,10.570839135070496,,,42.13150096167908,-3,37.34177215189873,13.179110401231434,30.352390602497017,15.889256212750938,75.0,3,"ARES trades at an attractive PEG ratio of 0.87, and is priced above its sector's average P/E, and is trading below its 200-day average, and no reliable sentiment data was available today."
SYF,Financial Services,7.3572154,2.3604822,1.5387578,0.88,,0.036,-10.514279722058824,,False,False,32.25806655177354,False,2212809.0,3058856.966666667,False,11.30160083477553,0,10.512020567984806,,,42.13150096167908,-3,32.91139240506329,13.10068564511718,27.25112477971221,15.87618542006523,75.0,3,"SYF trades at an attractive PEG ratio of 0.88, and is priced below its sector's average P/E, and is trading below its 200-day average, and no reliable sentiment data was available today."
INTU,Technology,17.295261,3.547032,4.022949,0.89,6353625088.0,-0.014,-99.35551173658537,,False,False,19.710867481952235,False,2917555.0,4005351.8333333335,False,11.173830164701739,0,10.454523766451599,,,42.13150096167908,-3,22.9957805907173,13.024023243072905,20.310196509670018,15.86340835305785,75.0,3,"INTU trades at an attractive PEG ratio of 0.89, and is priced below its sector's average P/E, and is trading below its 200-day average, and no reliable sentiment data was available today."
CVX,Energy,19.871992,1.9343038,2.1329546,0.91,21934000128.0,3.219,0.6829911428571407,,False,False,29.66226212062395,False,6403501.0,9069346.7,False,10.926713264339243,0,10.343321161288475,,,42.13150096167908,-3,96.20253164556962,12.875753102855409,71.55492224806663,15.8386966630216,75.0,3,"CVX trades at an attractive PEG ratio of 0.91, and is priced above its sector's average P/E, and is trading below its 200-day average, and no reliable sentiment data was available today."
IQV,Healthcare,33.054657,2.5789561,7.0974364,0.94,2149750016.0,-0.006,-0.2838824444444441,,False,False,33.886357199866126,False,1688062.0,1533692.0666666667,False,10.575754687760597,0,10.185389801828084,,,42.13150096167908,-3,24.050632911392405,12.66517795690822,21.04859313414259,15.803600805363736,75.0,3,"IQV trades at an attractive PEG ratio of 0.94, and is priced below its sector's average P/E, and is trading below its 200-day average, and no reliable sentiment data was available today."
KDP,Consumer Defensive,31.202019,2.09238,1.6792606,0.94,4607249920.0,-0.9,0.9538841666666684,,False,False,43.229453680611414,False,11692790.0,10115139.666666666,False,10.575754687760597,0,10.185389801828084,,,42.13150096167908,-3,0.6329113924050633,12.66517795690822,4.656188070851452,15.803600805363736,75.0,3,"KDP trades at an attractive PEG ratio of 0.94, and is priced above its sector's average P/E, and is trading below its 200-day average, and no reliable sentiment data was available today."
BALL,Consumer Cyclical,16.270655,1.0613806,2.6299794,0.95,379875008.0,0.092,-23.08586930769231,,False,False,19.23080814826507,False,2151517.0,1958390.5666666667,False,10.463694229975836,0,10.134962595824941,,,42.13150096167908,-3,41.561181434599156,12.597941682237362,33.30597710038732,15.79239475958526,75.0,3,"BALL trades at an attractive PEG ratio of 0.95, and is priced below its sector's average P/E, and is trading below its 200-day average, and no reliable sentiment data was available today."
LMT,Industrials,18.674162,1.5182372,13.289701,0.95,5562625024.0,4.438,-17.674992809210526,,False,False,19.53072012336979,False,957721.0,1135597.3666666667,False,10.463694229975836,0,10.134962595824941,,,42.13150096167908,-3,98.10126582278481,12.597941682237362,72.88403617211728,15.79239475958526,75.0,3,"LMT trades at an attractive PEG ratio of 0.95, and is priced below its sector's average P/E, and is trading below its 200-day average, and no reliable sentiment data was available today."
META,Communication Services,27.954031,8.280481,7.236637,0.96,21553625088.0,-0.134,-3.107245599999999,,False,False,61.58462099799927,False,14774510.0,21299437.0,False,10.353968365061592,0,10.085585956613532,,,42.13150096167908,-3,13.080168776371309,12.532106163288816,13.369268239627823,15.781422173093835,75.0,3,"META trades at an attractive PEG ratio of 0.96, and is priced below its sector's average P/E, and is trading below its 200-day average, and no reliable sentiment data was available today."
EG,Financial Services,7.758249,0.8359286,0.91999656,0.97,2064625024.0,-0.115,-10.113246122058825,,False,False,30.524817194420407,False,332724.0,390470.8,False,10.24650488911465,0,10.037227392437408,,,42.13150096167908,-3,14.345991561181433,12.46762807772065,14.255344188994911,15.770675825499142,75.0,3,"EG trades at an attractive PEG ratio of 0.97, and is priced below its sector's average P/E, and is trading below its 200-day average, and no reliable sentiment data was available today."
PHM,Consumer Cyclical,11.630612,1.3233092,1.6437131,0.97,1078512896.0,-0.182,-27.72591230769231,,False,False,40.7881736000893,False,1603688.0,1577019.6,False,10.24650488911465,0,10.037227392437408,,,42.13150096167908,-3,11.075949367088606,12.46762807772065,11.966314653129931,15.770675825499142,75.0,3,"PHM trades at an attractive PEG ratio of 0.97, and is priced below its sector's average P/E, and is trading below its 200-day average, and no reliable sentiment data was available today."
AMCR,Consumer Cyclical,17.563025,0.8214639,1.6378027,0.97,1504000000.0,,-21.79349930769231,,False,False,44.623671350949294,False,3036750.0,3294095.0,False,10.24650488911465,0,10.037227392437408,,,42.13150096167908,-3,27.109704641350213,12.46762807772065,23.189943345113054,15.770675825499142,75.0,3,"AMCR trades at an attractive PEG ratio of 0.97, and is priced below its sector's average P/E, and is trading below its 200-day average, and no reliable sentiment data was available today."
MPC,Energy,15.00935,0.8209475,6.4303513,0.97,9249375232.0,3.48,-4.1796508571428586,,False,False,56.199413161387206,False,2122887.0,2813489.566666667,False,10.24650488911465,0,10.037227392437408,,,42.13150096167908,-3,96.83544303797468,12.46762807772065,71.99796022275018,15.770675825499142,75.0,3,"MPC trades at an attractive PEG ratio of 0.97, and is priced below its sector's average P/E, and is trading below its 200-day average, and no reliable sentiment data was available today."
NOW,Technology,85.05,9.54982,11.240707,0.97,5149374976.0,-0.219,-31.60077273658537,,False,False,39.29994459237181,False,7099373.0,13688379.1,False,10.24650488911465,0,10.037227392437408,,,42.13150096167908,-3,10.337552742616033,12.46762807772065,11.44943701599913,15.770675825499142,75.0,3,"NOW trades at an attractive PEG ratio of 0.97, and is priced below its sector's average P/E, and is trading below its 200-day average, and no reliable sentiment data was available today."
NTRS,Financial Services,14.662371,3.4367993,2.4946647,0.97,,0.986,-3.2091241220588245,,False,False,32.540413642312856,False,928906.0,989716.8666666667,False,10.24650488911465,0,10.037227392437408,,,42.13150096167908,-3,87.34177215189874,12.46762807772065,65.35239060249702,15.770675825499142,75.0,3,"NTRS trades at an attractive PEG ratio of 0.97, and is priced below its sector's average P/E, and is trading below its 200-day average, and no reliable sentiment data was available today."
ADM,Consumer Defensive,22.59452,0.4841344,1.6862617,0.99,1164625024.0,3.156,-7.653614833333332,,False,False,28.72926284641835,False,4331744.0,3672471.466666667,False,10.038090875156946,0,9.943441086156442,,,42.13150096167908,-3,95.9915611814346,12.34257966934603,71.40724292317213,15.749834424103371,75.0,3,"ADM trades at an attractive PEG ratio of 0.99, and is priced below its sector's average P/E, and is trading below its 200-day average, and no reliable sentiment data was available today."
UNH,Healthcare,24.34598,0.7542549,3.4802034,1.01,24272250880.0,0.615,-8.992559444444442,,False,False,44.2771844033286,False,5590526.0,4750327.533333333,False,9.837930881554001,0,9.853369089035116,,,42.13150096167908,-3,80.69620253164557,12.222483673184263,60.7004918683198,15.729818424743076,75.0,3,"UNH has a reasonable PEG ratio of 1.01, and is priced below its sector's average P/E, and is trading below its 200-day average, and no reliable sentiment data was available today."
CLX,Consumer Defensive,17.049896,1.4758263,110.22849,1.01,110375000.0,-0.501,-13.198238833333331,,False,False,32.68343227925847,False,2789137.0,3229981.2333333334,False,9.837930881554001,0,9.853369089035116,,,42.13150096167908,-3,4.430379746835443,12.222483673184263,7.314415918952718,15.729818424743076,75.0,3,"CLX has a reasonable PEG ratio of 1.01, and is priced below its sector's average P/E, and is trading below its 200-day average, and no reliable sentiment data was available today."
PODD,Healthcare,25.397001,3.08044,6.6133513,1.04,236900000.0,3.286,-7.9415384444444435,,False,False,25.342923804787333,False,1940303.0,1790203.4333333333,False,9.552125506072874,0,9.72475667006861,,,42.13150096167908,-3,96.41350210970464,12.051000447895586,71.70260157296114,15.701237887194964,75.0,3,"PODD has a reasonable PEG ratio of 1.04, and is priced below its sector's average P/E, and is trading below its 200-day average, and no reliable sentiment data was available today."
TFC,Financial Services,10.650576,2.9744558,0.9644449,1.05,,0.367,-7.220919122058826,,False,False,20.47131422690073,False,10441041.0,7405421.366666666,False,9.46048632218845,0,9.683519037320618,,,42.13150096167908,-3,70.46413502109705,11.996016937564931,53.53804461093584,15.692073968806522,75.0,3,"TFC has a reasonable PEG ratio of 1.05, and is priced below its sector's average P/E, and is trading below its 200-day average, and no reliable sentiment data was available today."
ACGL,Financial Services,7.383412,1.6730845,1.3811879,1.05,4302125056.0,-0.071,-10.488083122058825,,False,False,30.80360488007574,False,2405130.0,3861321.0,False,9.46048632218845,0,9.683519037320618,,,42.13150096167908,-3,16.877637130801688,11.996016937564931,16.02749608772909,15.692073968806522,75.0,3,"ACGL has a reasonable PEG ratio of 1.05, and is priced below its sector's average P/E, and is trading below its 200-day average, and no reliable sentiment data was available today."
DASH,Consumer Cyclical,100.93158,5.228969,8.374601,1.05,5147500032.0,-0.3,61.575055692307686,,False,False,41.55229885041208,False,2920381.0,4095556.033333333,False,9.46048632218845,0,9.683519037320618,,,42.13150096167908,-3,7.59493670886076,11.996016937564931,9.52960579237044,15.692073968806522,75.0,3,"DASH has a reasonable PEG ratio of 1.05, and is priced above its sector's average P/E, and is trading below its 200-day average, and no reliable sentiment data was available today."
VEEV,Healthcare,46.467216,13.271188,6.3230577,1.05,1257709824.0,0.395,13.128676555555558,,False,False,56.87639913907794,False,1324143.0,1775554.7666666666,False,9.46048632218845,0,9.683519037320618,,,42.13150096167908,-3,70.88607594936708,11.996016937564931,53.833403260724864,15.692073968806522,75.0,3,"VEEV has a reasonable PEG ratio of 1.05, and is priced above its sector's average P/E, and is trading below its 200-day average, and no reliable sentiment data was available today."
PFG,Financial Services,15.816239,1.5147985,1.9625622,1.06,1056374976.0,0.028,-2.0552561220588252,,False,False,24.94133296747215,False,1402835.0,1378534.5,False,9.370576179509392,0,9.643059473115041,,,42.13150096167908,-3,31.645569620253166,11.942070851957496,26.365048830345124,15.683082954538616,75.0,3,"PFG has a reasonable PEG ratio of 1.06, and is priced below its sector's average P/E, and is trading below its 200-day average, and no reliable sentiment data was available today."
COP,Energy,17.00662,2.3930206,2.3604243,1.07,7691375104.0,1.07,-2.1823808571428565,,False,False,23.90913182862181,False,5675833.0,6629257.766666667,False,9.282346600244896,0,9.603356162446019,,,42.13150096167908,-3,88.39662447257383,11.889133104398798,66.09078722696958,15.674259996612166,75.0,3,"COP has a reasonable PEG ratio of 1.07, and is priced below its sector's average P/E, and is trading below its 200-day average, and no reliable sentiment data was available today."
SYY,Consumer Defensive,20.86885,0.44436494,13.710284,1.08,1914000000.0,0.053,-9.379284833333333,,False,False,37.51929567998346,False,5239945.0,4118404.8333333335,False,9.19575090207789,0,9.564388098270868,,,42.13150096167908,-3,35.970464135021096,11.837175685498597,29.392474990682675,15.665600426795466,75.0,3,"SYY has a reasonable PEG ratio of 1.08, and is priced below its sector's average P/E, and is trading below its 200-day average, and no reliable sentiment data was available today."
BX,Financial Services,24.97763,8.619283,9.907712,1.09,,0.573,7.106134877941177,,False,False,19.477369783261835,False,4776426.0,4056204.2,False,9.110744115803856,0,9.526135044447551,,,42.13150096167908,-3,78.90295358649789,11.786171613734176,59.445217606716426,15.657099748168061,75.0,3,"BX has a reasonable PEG ratio of 1.09, and is priced above its sector's average P/E, and is trading below its 200-day average, and no reliable sentiment data was available today."
GEN,Technology,13.02924,2.6258159,5.0248084,1.1,1547124992.0,0.64,-103.62153273658537,,False,False,12.499994194351743,False,11810855.0,10304668.5,False,9.02728290746208,0,9.488577500693752,,,42.13150096167908,-3,81.64556962025317,11.73609488872911,61.365048830345124,15.648753627333884,75.0,3,"GEN has a reasonable PEG ratio of 1.10, and is priced below its sector's average P/E, and is trading below its 200-day average, and no reliable sentiment data was available today."
BNY,Financial Services,16.77363,4.5545163,2.443855,1.1,,0.269,-1.097865122058824,,False,False,19.76515601686927,False,3861425.0,3657980.8333333335,False,9.02728290746208,0,9.488577500693752,,,42.13150096167908,-3,63.0801687763713,11.73609488872911,48.369268239627814,15.648753627333884,75.0,3,"BNY has a reasonable PEG ratio of 1.10, and is priced below its sector's average P/E, and is trading below its 200-day average, and no reliable sentiment data was available today."
BDX,Healthcare,42.016277,2.188762,2.015574,1.11,4478374912.0,-0.314,8.67773755555556,,False,False,30.104734349431396,False,1636584.0,1738509.4666666666,False,8.945325504676008,0,9.45169666944002,,,42.13150096167908,-3,7.383966244725738,11.686920447057467,9.381926467475925,15.640557887055277,75.0,3,"BDX has a reasonable PEG ratio of 1.11, and is priced above its sector's average P/E, and is trading below its 200-day average, and no reliable sentiment data was available today."
GS,Financial Services,13.798611,3.8500814,2.4677875,1.12,,0.923,-4.072884122058825,,False,False,28.452652971118965,False,1896103.0,2018203.4333333333,False,8.86483162693969,0,9.415474424458676,,,42.13150096167908,-3,86.70886075949366,11.638624120415676,64.90935262781346,15.632508499281645,75.0,3,"GS has a reasonable PEG ratio of 1.12, and is priced below its sector's average P/E, and is trading below its 200-day average, and no reliable sentiment data was available today."
FOXA,Communication Services,16.492188,1.5593013,2.2852092,1.12,555374976.0,0.031,-14.5690886,,False,False,18.17092204441751,False,5043697.0,4889249.9,False,8.86483162693969,0,9.415474424458676,,,42.13150096167908,-3,32.06751054852321,11.638624120415676,26.660407480134154,15.632508499281645,75.0,3,"FOXA has a reasonable PEG ratio of 1.12, and is priced below its sector's average P/E, and is trading below its 200-day average, and no reliable sentiment data was available today."
NFLX,Communication Services,21.226414,5.8106565,9.321917,1.15,25387552768.0,0.111,-9.834862600000001,,False,False,17.814722643937955,False,36088428.0,32662974.266666666,False,8.631749354885828,0,9.31058740203444,,,42.13150096167908,-3,44.936708860759495,11.498774757183359,35.66884629869955,15.60920027207626,75.0,3,"NFLX has a reasonable PEG ratio of 1.15, and is priced below its sector's average P/E, and is trading below its 200-day average, and no reliable sentiment data was available today."
LOW,Consumer Cyclical,15.173288,1.1136457,-13.540016,1.15,4615374848.0,0.0,-24.18323630769231,,False,False,23.20527076812671,False,2773768.0,3239758.933333333,False,8.631749354885828,0,9.31058740203444,,,42.13150096167908,-3,27.109704641350213,11.498774757183359,23.189943345113054,15.60920027207626,75.0,3,"LOW has a reasonable PEG ratio of 1.15, and is priced below its sector's average P/E, and is trading below its 200-day average, and no reliable sentiment data was available today."
OXY,Energy,16.565342,2.436214,1.7422092,1.16,3788124928.0,9.649,-2.623658857142857,,False,False,32.105268573496545,False,8528237.0,8532304.566666666,False,8.556734370776539,0,9.276830659185258,,,42.13150096167908,-3,99.15611814345992,11.453765766717785,73.62243279658985,15.60169877366533,75.0,3,"OXY has a reasonable PEG ratio of 1.16, and is priced below its sector's average P/E, and is trading below its 200-day average, and no reliable sentiment data was available today."
AFL,Financial Services,12.083871,3.1181006,1.8620757,1.18,5152249856.0,0.468,-5.7876241220588245,,False,False,13.39834569739142,False,1920173.0,2131879.1,False,8.410518723783857,0,9.211033618038552,,,42.13150096167908,-3,74.68354430379746,11.366036378522177,56.49163110882613,15.587077208966061,75.0,3,"AFL has a reasonable PEG ratio of 1.18, and is priced below its sector's average P/E, and is trading below its 200-day average, and no reliable sentiment data was available today."
AZO,Consumer Cyclical,18.40531,2.2326765,-18.145878,1.18,,0.15,-20.95121430769231,,False,False,41.74211962576829,False,218959.0,367835.3,False,8.410518723783857,0,9.211033618038552,,,42.13150096167908,-3,50.73839662447257,11.366036378522177,39.730027733298705,15.587077208966061,75.0,3,"AZO has a reasonable PEG ratio of 1.18, and is priced below its sector's average P/E, and is trading below its 200-day average, and no reliable sentiment data was available today."
APA,Energy,9.270613,1.7922204,2.190091,1.18,2146749952.0,0.263,-9.918387857142857,,False,False,34.65020475352185,False,3808421.0,5605184.033333333,False,8.410518723783857,0,9.211033618038552,,,42.13150096167908,-3,62.65822784810127,11.366036378522177,48.07390958983879,15.587077208966061,75.0,3,"APA has a reasonable PEG ratio of 1.18, and is priced below its sector's average P/E, and is trading below its 200-day average, and no reliable sentiment data was available today."
FDS,Financial Services,18.973234,3.970405,4.8665586,1.18,641526656.0,-0.152,1.1017388779411768,,False,False,42.237147074593636,False,589242.0,911721.4,False,8.410518723783857,0,9.211033618038552,,,42.13150096167908,-3,12.236286919831224,11.366036378522177,12.778550940049765,15.587077208966061,75.0,3,"FDS has a reasonable PEG ratio of 1.18, and is priced above its sector's average P/E, and is trading below its 200-day average, and no reliable sentiment data was available today."
UHS,Healthcare,7.179853,0.5727888,1.3808926,1.19,498316992.0,0.101,-26.15868644444444,,False,False,48.10465451969362,False,580145.0,724858.1666666666,False,8.339253954661373,0,9.178964471933433,,,42.13150096167908,-3,42.616033755274266,11.323277517048686,34.044373724859895,15.579950732053813,75.0,3,"UHS has a reasonable PEG ratio of 1.19, and is priced below its sector's average P/E, and is trading below its 200-day average, and no reliable sentiment data was available today."
LH,Healthcare,25.529362,1.7445995,2.9011729,1.2,892049984.0,0.282,-7.809177444444444,,False,False,28.630576387888354,False,700603.0,763646.7666666667,False,8.26917693169093,0,9.147429811596735,,,42.13150096167908,-3,63.92405063291139,11.28123130326642,48.959985539205874,15.57294302975677,75.0,3,"LH has a reasonable PEG ratio of 1.20, and is priced below its sector's average P/E, and is trading below its 200-day average, and no reliable sentiment data was available today."
AXP,Financial Services,18.447815,2.8952053,5.986413,1.22,,0.11,0.5763198779411738,,False,False,24.059443809423513,False,2827744.0,2976871.466666667,False,8.132469296715804,0,9.085911375857929,,,42.13150096167908,-3,44.72573839662447,11.199206722281344,35.52116697380504,15.559272266259256,75.0,3,"AXP has a reasonable PEG ratio of 1.22, and is priced above its sector's average P/E, and is trading below its 200-day average, and no reliable sentiment data was available today."
GOOG,Communication Services,17.25188,9.431127,6.7555404,1.22,22665000960.0,2.94,-13.8093966,,False,False,48.99964100259213,False,13225512.0,17291337.066666666,False,8.132469296715804,0,9.085911375857929,,,42.13150096167908,-3,95.67510548523207,11.199206722281344,71.18572393583035,15.559272266259256,75.0,3,"GOOG has a reasonable PEG ratio of 1.22, and is priced below its sector's average P/E, and is trading below its 200-day average, and no reliable sentiment data was available today."
SOLV,Healthcare,10.774786,1.8032243,3.1198611,1.22,489000000.0,0.039,-22.563753444444444,,False,False,34.924960213664846,False,1043999.0,890009.9666666667,False,8.132469296715804,0,9.085911375857929,,,42.13150096167908,-3,33.33333333333333,11.199206722281344,27.546483429501237,15.559272266259256,75.0,3,"SOLV has a reasonable PEG ratio of 1.22, and is priced below its sector's average P/E, and is trading below its 200-day average, and no reliable sentiment data was available today."
GOOGL,Communication Services,17.384344,9.503541,6.807411,1.23,22665000960.0,2.94,-13.6769326,,False,False,48.64715737629371,False,24975488.0,26288936.266666666,False,8.065782645508426,0,9.055902382814608,,,42.13150096167908,-3,95.67510548523207,11.159194731556918,71.18572393583035,15.552603601138518,75.0,3,"GOOGL has a reasonable PEG ratio of 1.23, and is priced below its sector's average P/E, and is trading below its 200-day average, and no reliable sentiment data was available today."
FDX,Industrials,15.586524,0.7224295,2.1926544,1.23,5656625152.0,-0.043,-20.762630809210524,,False,False,34.37497003116758,False,1884950.0,1598371.6666666667,False,8.065782645508426,0,9.055902382814608,,,42.13150096167908,-3,20.042194092827003,11.159194731556918,18.24268596114681,15.552603601138518,75.0,3,"FDX has a reasonable PEG ratio of 1.23, and is priced below its sector's average P/E, and is trading below its 200-day average, and no reliable sentiment data was available today."
XYL,Industrials,24.385715,2.6203945,2.2948687,1.24,1183750016.0,0.195,-11.963439809210524,,False,False,25.61913095260587,False,1786190.0,2521613.0,False,8.000171585449554,0,9.026377405788114,,,42.13150096167908,-3,55.69620253164557,11.119828095521594,43.2004918683198,15.546042495132632,75.0,3,"XYL has a reasonable PEG ratio of 1.24, and is priced below its sector's average P/E, and is trading below its 200-day average, and no reliable sentiment data was available today."
REGN,Healthcare,17.964144,4.8146224,2.2981484,1.25,3065299968.0,-0.045,-15.374395444444442,,False,False,34.30925125095068,False,694688.0,721256.2666666667,False,7.935610302351624,0,8.997324828394047,,,42.13150096167908,-3,19.62025316455696,11.081091325662836,17.947327311357782,15.539586366822839,75.0,3,"REGN has a reasonable PEG ratio of 1.25, and is priced below its sector's average P/E, and is trading below its 200-day average, and no reliable sentiment data was available today."
TRGP,Energy,27.476099,3.6811202,19.675497,1.25,65837500.0,0.233,8.287098142857143,,False,False,45.48579156864775,False,1380991.0,1142936.3666666667,False,7.935610302351624,0,8.997324828394047,,,42.13150096167908,-3,60.02109704641351,11.081091325662836,46.22791802865736,15.539586366822839,75.0,3,"TRGP has a reasonable PEG ratio of 1.25, and is priced above its sector's average P/E, and is trading below its 200-day average, and no reliable sentiment data was available today."
EOG,Energy,11.212451,2.8719406,2.376146,1.25,4478750208.0,1.094,-7.976549857142858,,False,False,27.865351162197157,False,2514863.0,3203312.1,False,7.935610302351624,0,8.997324828394047,,,42.13150096167908,-3,89.0295358649789,11.081091325662836,66.53382520165313,15.539586366822839,75.0,3,"EOG has a reasonable PEG ratio of 1.25, and is priced below its sector's average P/E, and is trading below its 200-day average, and no reliable sentiment data was available today."
AKAM,Technology,39.126812,3.5902271,3.2654974,1.26,710060096.0,-0.268,-77.52396073658537,,False,False,54.21859527368984,False,3615571.0,4892775.7,False,7.872073801525089,0,8.968733403022107,,,42.13150096167908,-3,8.122362869198312,11.042969425166916,9.898804104606725,15.533232716740185,75.0,3,"AKAM has a reasonable PEG ratio of 1.26, and is priced below its sector's average P/E, and is trading below its 200-day average, and no reliable sentiment data was available today."
ELV,Healthcare,17.463923,0.425416,1.9059744,1.26,4306375168.0,-0.131,-15.874616444444442,,False,False,14.671795671535762,False,712036.0,1123911.2,False,7.872073801525089,0,8.968733403022107,,,42.13150096167908,-3,13.291139240506327,11.042969425166916,13.516947564522336,15.533232716740185,75.0,3,"ELV has a reasonable PEG ratio of 1.26, and is priced below its sector's average P/E, and is trading below its 200-day average, and no reliable sentiment data was available today."
WFC,Financial Services,11.83721,2.9662335,1.4962337,1.26,,0.25,-6.034285122058824,,False,False,14.482709028066836,False,12758845.0,13640598.166666666,False,7.872073801525089,0,8.968733403022107,,,42.13150096167908,-3,61.60337552742617,11.042969425166916,47.33551296536622,15.533232716740185,75.0,3,"WFC has a reasonable PEG ratio of 1.26, and is priced below its sector's average P/E, and is trading below its 200-day average, and no reliable sentiment data was available today."
WTW,Financial Services,17.828588,2.6487164,3.4853559,1.27,1415624960.0,-0.268,-0.042907122058824854,,False,False,10.610358841022574,False,722556.0,521045.2,False,7.80953787551472,0,8.940592236317439,,,42.13150096167908,-3,8.122362869198312,11.005447869560694,9.898804104606725,15.526979124139148,75.0,3,"WTW has a reasonable PEG ratio of 1.27, and is priced below its sector's average P/E, and is trading below its 200-day average, and no reliable sentiment data was available today."
RMD,Healthcare,21.367208,5.5440307,4.881286,1.27,939248256.0,0.024,-11.971331444444441,,False,False,11.012505906726162,False,951860.0,1274228.6666666667,False,7.80953787551472,0,8.940592236317439,,,42.13150096167908,-3,31.0126582278481,11.005447869560694,25.922010855661576,15.526979124139148,75.0,3,"RMD has a reasonable PEG ratio of 1.27, and is priced below its sector's average P/E, and is trading below its 200-day average, and no reliable sentiment data was available today."
DHR,Healthcare,39.431374,6.193793,2.957116,1.28,4325125120.0,0.597,6.092834555555555,,False,False,56.53734105792976,False,3079987.0,3876989.566666667,False,7.747979073348264,0,8.912890775342536,,,42.13150096167908,-3,79.74683544303798,10.96851258826082,60.03593490629449,15.520823243922504,75.0,3,"DHR has a reasonable PEG ratio of 1.28, and is priced above its sector's average P/E, and is trading below its 200-day average, and no reliable sentiment data was available today."
SLB,Energy,24.289856,2.0519915,2.8620217,1.28,2955124992.0,-0.297,5.100855142857142,,False,False,15.178594888113622,False,8727159.0,14340528.633333333,False,7.747979073348264,0,8.912890775342536,,,42.13150096167908,-3,7.805907172995781,10.96851258826082,9.677285117264955,15.520823243922504,75.0,3,"SLB has a reasonable PEG ratio of 1.28, and is priced above its sector's average P/E, and is trading below its 200-day average, and no reliable sentiment data was available today."
PEP,Consumer Defensive,16.46789,1.7712158,7.7672005,1.29,7831875072.0,1.37,-13.780244833333331,,False,False,17.379587464831346,False,8820758.0,8637151.933333334,False,7.687374671215396,0,8.885618794382744,,,42.13150096167908,-3,90.71729957805907,10.932149946981099,67.71525980080925,15.514762803709216,75.0,3,"PEP has a reasonable PEG ratio of 1.29, and is priced below its sector's average P/E, and is trading below its 200-day average, and no reliable sentiment data was available today."
MTB,Financial Services,11.53594,3.3470612,1.2399023,1.3,,0.255,-6.335555122058825,,False,False,20.672213947317204,False,1094408.0,1031693.6,False,7.627702644499957,0,8.858766382360796,,,42.13150096167908,-3,62.130801687763714,10.896346730951837,47.704711277602506,15.508795601037672,75.0,3,"MTB has a reasonable PEG ratio of 1.30, and is priced below its sector's average P/E, and is trading below its 200-day average, and no reliable sentiment data was available today."
GL,Financial Services,11.0099535,2.0592613,2.0768557,1.3,1163503360.0,0.197,-6.861541622058825,,False,False,13.022434371788648,False,375484.0,430746.13333333336,False,7.627702644499957,0,8.858766382360796,,,42.13150096167908,-3,56.434599156118146,10.896346730951837,43.717369505450606,15.508795601037672,75.0,3,"GL has a reasonable PEG ratio of 1.30, and is priced below its sector's average P/E, and is trading below its 200-day average, and no reliable sentiment data was available today."
HUM,Healthcare,38.19187,0.33306685,2.5254216,1.3,1940999936.0,0.271,4.853330555555559,,False,False,44.893663905193264,False,1517892.0,1049456.4,False,7.627702644499957,0,8.858766382360796,,,42.13150096167908,-3,63.29113924050633,10.896346730951837,48.51694756452234,15.508795601037672,75.0,3,"HUM has a reasonable PEG ratio of 1.30, and is priced above its sector's average P/E, and is trading below its 200-day average, and no reliable sentiment data was available today."
HCA,Healthcare,14.579953,1.23675,-14.272307,1.31,3738125056.0,0.116,-18.758586444444443,,False,False,52.753054870506084,False,1148813.0,1391873.7666666666,False,7.568941641093151,0,8.832323930827734,,,42.13150096167908,-3,45.78059071729958,10.861090128907751,36.259563598277616,15.502919500696992,75.0,3,"HCA has a reasonable PEG ratio of 1.31, and is priced below its sector's average P/E, and is trading below its 200-day average, and no reliable sentiment data was available today."
DXCM,Healthcare,34.484127,6.599181,12.5107975,1.31,1021162496.0,0.436,1.145587555555558,,False,False,42.94956700941387,False,3074334.0,3795724.466666667,False,7.568941641093151,0,8.832323930827734,,,42.13150096167908,-3,73.20675105485233,10.861090128907751,55.45787583456454,15.502919500696992,75.0,3,"DXCM has a reasonable PEG ratio of 1.31, and is priced above its sector's average P/E, and is trading below its 200-day average, and no reliable sentiment data was available today."
KEY,Financial Services,11.732558,2.9215379,1.2506198,1.31,,0.253,-6.138937122058826,,False,False,23.000071843236782,False,12546801.0,13574650.033333333,False,7.568941641093151,0,8.832323930827734,,,42.13150096167908,-3,61.81434599156118,10.861090128907751,47.48319229026073,15.502919500696992,75.0,3,"KEY has a reasonable PEG ratio of 1.31, and is priced below its sector's average P/E, and is trading below its 200-day average, and no reliable sentiment data was available today."
GPC,Consumer Cyclical,504.96,0.6941503,3.8451462,1.32,917241984.0,-0.098,465.60347569230765,,False,False,38.71933916929541,False,707943.0,967468.1,False,7.511070955919781,0,8.806282122499717,,,42.13150096167908,-3,15.822784810126583,10.82636771780373,15.289099463256516,15.497132432179654,75.0,3,"GPC has a reasonable PEG ratio of 1.32, and is priced above its sector's average P/E, and is trading below its 200-day average, and no reliable sentiment data was available today."
UPS,Industrials,17.312267,0.88114977,5.2606606,1.32,5593999872.0,-0.53,-19.036887809210526,,False,False,26.283673869922495,False,4789723.0,4635564.1,False,7.511070955919781,0,8.806282122499717,,,42.13150096167908,-3,4.219409282700422,10.82636771780373,7.166736594058204,15.497132432179654,75.0,3,"UPS has a reasonable PEG ratio of 1.32, and is priced below its sector's average P/E, and is trading below its 200-day average, and no reliable sentiment data was available today."
CDW,Technology,16.096155,0.71242756,6.871216,1.33,676787520.0,0.049,-100.55461773658537,,False,False,23.28192046289128,False,1097552.0,1560551.7333333334,False,7.454070506613679,0,8.780631920311972,,,42.13150096167908,-3,34.59915611814346,10.79216744822007,28.43255937886833,15.491432387249045,75.0,3,"CDW has a reasonable PEG ratio of 1.33, and is priced below its sector's average P/E, and is trading below its 200-day average, and no reliable sentiment data was available today."
TYL,Technology,43.2,5.5338883,4.424559,1.35,594435648.0,0.155,-73.45077273658536,,False,False,25.19632710532359,False,562478.0,894082.6,False,7.342602961303969,0,8.730471524922603,,,42.13150096167908,-3,51.89873417721519,10.725286921034243,40.54226402021854,15.480285632718074,75.0,3,"TYL has a reasonable PEG ratio of 1.35, and is priced below its sector's average P/E, and is trading below its 200-day average, and no reliable sentiment data was available today."
BG,Consumer Defensive,21.378487,0.22455291,1.292358,1.37,-6475375104.0,0.33,-8.869647833333332,,False,False,16.872251359930914,False,1820576.0,1942259.2,False,7.234389942864617,0,8.681775666624894,,,42.13150096167908,-3,67.19409282700421,10.660359109970631,51.24901507507085,15.469464330874137,75.0,3,"BG has a reasonable PEG ratio of 1.37, and is priced below its sector's average P/E, and is trading below its 200-day average, and no reliable sentiment data was available today."
KVUE,Consumer Defensive,20.22093,2.167851,3.1641192,1.37,1907500032.0,0.085,-10.027204833333332,,False,False,35.10614178223483,False,13929771.0,23981162.366666667,False,7.234389942864617,0,8.681775666624894,,,42.13150096167908,-3,40.50632911392405,10.660359109970631,32.56758047591474,15.469464330874137,75.0,3,"KVUE has a reasonable PEG ratio of 1.37, and is priced below its sector's average P/E, and is trading below its 200-day average, and no reliable sentiment data was available today."
AMP,Financial Services,11.949301,2.2053883,6.87665,1.38,2903124992.0,0.117,-5.922194122058825,,False,False,18.139512281899272,False,578998.0,585186.6,False,7.181459662106239,0,8.657957040283623,,,42.13150096167908,-3,45.9915611814346,10.628600941515606,36.40724292317213,15.4641713027983,75.0,3,"AMP has a reasonable PEG ratio of 1.38, and is priced below its sector's average P/E, and is trading below its 200-day average, and no reliable sentiment data was available today."
VRSK,Industrials,25.081411,6.821826,-18.31931,1.38,1055550016.0,-0.034,-11.267743809210526,,False,False,18.285078603003598,False,1077526.0,1222680.8666666667,False,7.181459662106239,0,8.657957040283623,,,42.13150096167908,-3,20.88607594936709,10.628600941515606,18.83340326072487,15.4641713027983,75.0,3,"VRSK has a reasonable PEG ratio of 1.38, and is priced below its sector's average P/E, and is trading below its 200-day average, and no reliable sentiment data was available today."
ABNB,Consumer Cyclical,37.37358,7.465823,12.411681,1.39,3206874880.0,0.334,-1.9829443076923141,,False,False,41.94252172969182,False,4160681.0,4932886.033333333,False,7.129290968121362,0,8.63448112799043,,,42.13150096167908,-3,67.9324894514768,10.597299725124678,51.76589271220166,15.458954433399812,75.0,3,"ABNB has a reasonable PEG ratio of 1.39, and is priced below its sector's average P/E, and is trading below its 200-day average, and no reliable sentiment data was available today."
BA,Industrials,68.828575,1.6193289,24.976671,1.39,5625375232.0,,32.479420190789476,,False,False,34.78013102008494,False,6383321.0,7460280.7,False,7.129290968121362,0,8.63448112799043,,,42.13150096167908,-3,27.109704641350213,10.597299725124678,23.189943345113054,15.458954433399812,75.0,3,"BA has a reasonable PEG ratio of 1.39, and is priced above its sector's average P/E, and is trading below its 200-day average, and no reliable sentiment data was available today."
ROP,Technology,15.140834,4.3402534,1.9218017,1.39,2265687552.0,2.33,-101.50993873658537,,False,False,26.102757230279195,False,712148.0,818074.9333333333,False,7.129290968121362,0,8.63448112799043,,,42.13150096167908,-3,94.30379746835443,10.597299725124678,70.225808324016,15.458954433399812,75.0,3,"ROP has a reasonable PEG ratio of 1.39, and is priced below its sector's average P/E, and is trading below its 200-day average, and no reliable sentiment data was available today."
RF,Financial Services,11.048979,3.186202,1.3212612,1.42,,0.085,-6.8225161220588255,,False,False,16.923107019281318,False,10662802.0,8782543.4,False,6.97719350819362,0,8.566037271022946,,,42.13150096167908,-3,40.50632911392405,10.506041249168035,32.56758047591474,15.443744687407039,75.0,3,"RF has a reasonable PEG ratio of 1.42, and is priced below its sector's average P/E, and is trading below its 200-day average, and no reliable sentiment data was available today."
IBKR,Financial Services,35.337303,22.198214,6.796154,1.43,,0.353,17.465807877941174,,False,False,48.69791749450843,False,2935360.0,3898635.3333333335,False,6.927912513018897,0,8.54386082319432,,,42.13150096167908,-3,69.09282700421942,10.476472652063201,52.578128999121496,15.438816587889566,75.0,3,"IBKR has a reasonable PEG ratio of 1.43, and is priced above its sector's average P/E, and is trading below its 200-day average, and no reliable sentiment data was available today."
STZ,Consumer Defensive,10.791429,2.1366394,2.3534176,1.43,2210487552.0,0.307,-19.45670583333333,,False,False,2.559584012885793,False,2941813.0,2180723.7666666666,False,6.927912513018897,0,8.54386082319432,,,42.13150096167908,-3,65.82278481012658,10.476472652063201,50.28909946325651,15.438816587889566,75.0,3,"STZ has a reasonable PEG ratio of 1.43, and is priced below its sector's average P/E, and is trading below its 200-day average, and no reliable sentiment data was available today."
MA,Financial Services,31.055557,14.0976095,88.27236,1.44,16961250304.0,0.221,13.184061877941176,,False,False,30.93122504420583,False,2404521.0,2771597.3666666667,False,6.879315976110489,0,8.521992381585537,,,42.13150096167908,-3,58.333333333333336,10.447314729918155,45.046483429501244,15.433956934198726,75.0,3,"MA has a reasonable PEG ratio of 1.44, and is priced above its sector's average P/E, and is trading below its 200-day average, and no reliable sentiment data was available today."
NDAQ,Financial Services,26.877552,9.179216,4.3218794,1.44,1691500032.0,0.141,9.006056877941177,,False,False,54.243816576842804,False,3662143.0,3164401.433333333,False,6.879315976110489,0,8.521992381585537,,,42.13150096167908,-3,48.734177215189874,10.447314729918155,38.32707414680082,15.433956934198726,75.0,3,"NDAQ has a reasonable PEG ratio of 1.44, and is priced above its sector's average P/E, and is trading below its 200-day average, and no reliable sentiment data was available today."
FE,Utilities,23.336899,1.6143986,1.9522233,1.44,-2014625024.0,0.083,4.356053064516129,,False,False,27.231056760538678,False,4262964.0,4230992.133333334,False,6.879315976110489,0,8.521992381585537,,,42.13150096167908,-3,39.55696202531646,10.447314729918155,31.903023513889426,15.433956934198726,75.0,3,"FE has a reasonable PEG ratio of 1.44, and is priced above its sector's average P/E, and is trading below its 200-day average, and no reliable sentiment data was available today."
OTIS,Industrials,16.935732,1.6818789,-4.3632026,1.45,1436249984.0,0.13,-19.413422809210523,,False,False,28.626343022147964,False,5405727.0,4517387.566666666,False,6.831389736262889,0,8.500425573654116,,,42.13150096167908,-3,46.62447257383967,10.418558986009595,36.850280897855676,15.429164310213965,75.0,3,"OTIS has a reasonable PEG ratio of 1.45, and is priced below its sector's average P/E, and is trading below its 200-day average, and no reliable sentiment data was available today."
XOM,Energy,21.106821,1.867705,2.599873,1.45,20671000576.0,1.128,1.917820142857142,,False,False,38.30907445369649,False,12460048.0,13946314.933333334,False,6.831389736262889,0,8.500425573654116,,,42.13150096167908,-3,89.24050632911393,10.418558986009595,66.68150452654766,15.429164310213965,75.0,3,"XOM has a reasonable PEG ratio of 1.45, and is priced above its sector's average P/E, and is trading below its 200-day average, and no reliable sentiment data was available today."
PKG,Consumer Cyclical,29.819244,2.1428409,4.3560276,1.47,432950016.0,-0.195,-9.53728030769231,,False,False,45.375803503757346,False,489521.0,593517.3666666667,False,6.737493429622689,0,8.458172235666026,,,42.13150096167908,-3,10.759493670886076,10.362221202025475,11.74479566578816,15.419774679549946,75.0,3,"PKG has a reasonable PEG ratio of 1.47, and is priced below its sector's average P/E, and is trading below its 200-day average, and no reliable sentiment data was available today."
TKO,Communication Services,61.9021,6.320101,3.8748932,1.47,856147520.0,0.144,30.840823399999998,,False,False,23.612609286888016,False,1423363.0,1150585.4333333333,False,6.737493429622689,0,8.458172235666026,,,42.13150096167908,-3,50.0,10.362221202025475,39.21315009616791,15.419774679549946,75.0,3,"TKO has a reasonable PEG ratio of 1.47, and is priced above its sector's average P/E, and is trading below its 200-day average, and no reliable sentiment data was available today."
EQT,Energy,11.860788,3.4405699,1.2659419,1.47,2460903936.0,-0.74,-7.328212857142859,,False,False,35.11602886238401,False,8493051.0,7446421.7,False,6.737493429622689,0,8.458172235666026,,,42.13150096167908,-3,2.109704641350211,10.362221202025475,5.689943345113056,15.419774679549946,75.0,3,"EQT has a reasonable PEG ratio of 1.47, and is priced below its sector's average P/E, and is trading below its 200-day average, and no reliable sentiment data was available today."
T,Communication Services,8.0,1.3054317,1.509716,1.47,10142000128.0,0.062,-23.0612766,,False,False,12.654361141935425,False,34234414.0,35412000.46666667,False,6.737493429622689,0,8.458172235666026,,,42.13150096167908,-3,37.130801687763714,10.362221202025475,30.204711277602506,15.419774679549946,75.0,3,"T has a reasonable PEG ratio of 1.47, and is priced below its sector's average P/E, and is trading below its 200-day average, and no reliable sentiment data was available today."
CRH,Basic Materials,14.602474,1.4233217,2.2898543,1.47,2019124992.0,0.139,-38.25996966666666,,False,False,29.06046832109,False,3939903.0,5183363.433333334,False,6.737493429622689,0,8.458172235666026,,,42.13150096167908,-3,47.9957805907173,10.362221202025475,37.81019650967002,15.419774679549946,75.0,3,"CRH has a reasonable PEG ratio of 1.47, and is priced below its sector's average P/E, and is trading below its 200-day average, and no reliable sentiment data was available today."
AMZN,Consumer Cyclical,20.22526,3.4958732,4.9143796,1.49,3219124992.0,2.423,-19.131264307692312,,False,False,54.395923489700536,False,37819808.0,34357776.93333333,False,6.64611782920102,0,8.417053215476276,,,42.13150096167908,-3,94.51476793248945,10.307395841772474,70.37348764891051,15.41063711950778,75.0,3,"AMZN has a reasonable PEG ratio of 1.49, and is priced below its sector's average P/E, and is trading below its 200-day average, and no reliable sentiment data was available today."
EBAY,Consumer Cyclical,22.55579,3.9704616,10.220357,1.49,1579624960.0,0.55,-16.800734307692313,,False,False,44.959812402833776,False,2757736.0,4666901.2,False,6.64611782920102,0,8.417053215476276,,,42.13150096167908,-3,77.63713080168776,10.307395841772474,58.559141657349336,15.41063711950778,75.0,3,"EBAY has a reasonable PEG ratio of 1.49, and is priced below its sector's average P/E, and is trading below its 200-day average, and no reliable sentiment data was available today."
DG,Consumer Defensive,15.496104,0.6032356,2.8340023,1.49,1738019712.0,0.333,-14.75203083333333,,False,False,35.29110585858869,False,1717598.0,2626746.6,False,6.64611782920102,0,8.417053215476276,,,42.13150096167908,-3,67.72151898734177,10.307395841772474,51.618213387307144,15.41063711950778,75.0,3,"DG has a reasonable PEG ratio of 1.49, and is priced below its sector's average P/E, and is trading below its 200-day average, and no reliable sentiment data was available today."
HD,Consumer Cyclical,19.674597,1.6580391,16.885885,1.49,10762625024.0,0.046,-19.681927307692312,,False,False,22.950080543493485,False,4260429.0,4591037.633333334,False,6.64611782920102,0,8.417053215476276,,,42.13150096167908,-3,34.177215189873415,10.307395841772474,28.137200729079296,15.41063711950778,75.0,3,"HD has a reasonable PEG ratio of 1.49, and is priced below its sector's average P/E, and is trading below its 200-day average, and no reliable sentiment data was available today."
AXON,Industrials,170.87552,10.3924675,9.104194,1.5,222160000.0,-0.182,134.52636519078948,,False,False,36.98941600634178,False,1053306.0,980476.8666666667,False,6.601343784994401,0,8.396904895583297,,,42.13150096167908,-3,11.075949367088606,10.280531415248502,11.966314653129931,15.406159715087117,75.0,3,"AXON has a reasonable PEG ratio of 1.50, and is priced above its sector's average P/E, and is trading below its 200-day average, and no reliable sentiment data was available today."
BRO,Financial Services,19.22082,3.0598543,1.5979543,1.51,1642749952.0,0.071,1.349324877941175,,False,False,17.78166560609546,False,2263044.0,2107321.466666667,False,6.557162774485885,0,8.377023440854465,,,42.13150096167908,-3,38.291139240506325,10.254022808943393,31.016947564522333,15.401741614036265,75.0,3,"BRO has a reasonable PEG ratio of 1.51, and is priced above its sector's average P/E, and is trading below its 200-day average, and no reliable sentiment data was available today."
MMM,Industrials,28.98579,3.3423645,28.509785,1.52,6350125056.0,0.328,-7.363364809210523,,False,False,44.20350811998824,False,2338106.0,2871083.533333333,False,6.513563093063006,0,8.357403584214168,,,42.13150096167908,-3,66.77215189873418,10.227863000089666,50.95365642528183,15.397381645893978,75.0,3,"MMM has a reasonable PEG ratio of 1.52, and is priced below its sector's average P/E, and is trading below its 200-day average, and no reliable sentiment data was available today."
DGX,Healthcare,24.651804,2.2172062,3.3986564,1.52,909625024.0,0.15,-8.686735444444444,,False,False,27.786739685397606,False,1014132.0,1066897.7333333334,False,6.513563093063006,0,8.357403584214168,,,42.13150096167908,-3,50.73839662447257,10.227863000089666,39.730027733298705,15.397381645893978,75.0,3,"DGX has a reasonable PEG ratio of 1.52, and is priced below its sector's average P/E, and is trading below its 200-day average, and no reliable sentiment data was available today."
AMT,Real Estate,22.319118,6.9100833,20.325691,1.53,2920012544.0,1.385,-21.10494544827586,,False,False,18.934707616515922,False,2484177.0,2495522.566666667,False,6.4705333421162425,0,8.338040196288125,,,42.13150096167908,-3,90.92827004219409,10.202045149521608,67.86293912570376,15.393078670799301,75.0,3,"AMT has a reasonable PEG ratio of 1.53, and is priced below its sector's average P/E, and is trading below its 200-day average, and no reliable sentiment data was available today."
CL,Consumer Defensive,33.93307,3.264519,291.18243,1.54,3458374912.0,-0.055,3.684935166666669,,False,False,33.251847423307325,False,6000413.0,5097030.433333334,False,6.428062419103853,0,8.31892828093255,,,42.13150096167908,-3,18.9873417721519,10.176562595714174,17.504289336674237,15.388831578498062,75.0,3,"CL has a reasonable PEG ratio of 1.54, and is priced above its sector's average P/E, and is trading below its 200-day average, and no reliable sentiment data was available today."
JPM,Financial Services,14.240788,4.7417884,2.4989662,1.54,,0.469,-3.6307071220588245,,False,False,26.12207035496354,False,5328422.0,7362230.733333333,False,6.428062419103853,0,8.31892828093255,,,42.13150096167908,-3,74.89451476793249,10.176562595714174,56.63931043372065,15.388831578498062,75.0,3,"JPM has a reasonable PEG ratio of 1.54, and is priced below its sector's average P/E, and is trading below its 200-day average, and no reliable sentiment data was available today."
MCO,Financial Services,28.435913,9.511159,25.656954,1.54,2579124992.0,0.567,10.564417877941175,,False,False,26.621957714534105,False,892531.0,783704.3666666667,False,6.428062419103853,0,8.31892828093255,,,42.13150096167908,-3,78.27004219409282,10.176562595714174,59.002179632032885,15.388831578498062,75.0,3,"MCO has a reasonable PEG ratio of 1.54, and is priced above its sector's average P/E, and is trading below its 200-day average, and no reliable sentiment data was available today."
NEE,Utilities,17.141573,5.543205,2.7851613,1.55,-17766875136.0,0.531,-1.8392729354838693,,False,False,28.714868205261368,False,12344480.0,12005169.333333334,False,6.3861395080013015,0,8.300062970936402,,,42.13150096167908,-3,77.21518987341773,10.151408849052643,58.26378300756031,15.384639287387806,75.0,3,"NEE has a reasonable PEG ratio of 1.55, and is priced below its sector's average P/E, and is trading below its 200-day average, and no reliable sentiment data was available today."
BKR,Energy,18.450161,2.0544505,2.8601336,1.56,4415000064.0,-0.042,-0.7388398571428567,,False,False,45.79438794199881,False,6657514.0,7756073.8,False,6.344754070118013,0,8.281439523888922,,,42.13150096167908,-3,20.35864978902954,10.12657758632267,18.464204948488586,15.380500743599477,75.0,3,"BKR has a reasonable PEG ratio of 1.56, and is priced below its sector's average P/E, and is trading below its 200-day average, and no reliable sentiment data was available today."
WAT,Healthcare,111.42278,9.304672,2.845064,1.58,-142067632.0,,78.08424055555557,,False,False,55.739324454445374,False,1007404.0,675056.8,False,6.263554793258395,0,8.244899849302094,,,42.13150096167908,-3,27.109704641350213,10.077858020206898,23.189943345113054,15.372380815913516,75.0,3,"WAT has a reasonable PEG ratio of 1.58, and is priced above its sector's average P/E, and is trading below its 200-day average, and no reliable sentiment data was available today."
DE,Industrials,37.92107,3.8378878,6.571558,1.59,4516250112.0,0.074,1.5719151907894755,,False,False,51.94436383556201,False,751245.0,1287261.5,False,6.223721185742357,0,8.226974725919877,,,42.13150096167908,-3,38.81856540084388,10.053957855697277,31.386145876758622,15.368397455161912,75.0,3,"DE has a reasonable PEG ratio of 1.59, and is priced above its sector's average P/E, and is trading below its 200-day average, and no reliable sentiment data was available today."
FITB,Financial Services,17.104376,4.562052,1.4258047,1.62,,-0.057,-0.7671191220588263,,False,False,29.319410201357215,False,6862147.0,5801978.233333333,False,6.107171000788022,0,8.174527142690426,,,42.13150096167908,-3,18.776371308016877,9.984027744724674,17.356610011779722,15.35674243666648,75.0,3,"FITB has a reasonable PEG ratio of 1.62, and is priced below its sector's average P/E, and is trading below its 200-day average, and no reliable sentiment data was available today."
V,Financial Services,31.46468,15.601444,19.592474,1.63,20404000768.0,0.102,13.593184877941177,,False,False,28.36904155697681,False,4521760.0,6060265.333333333,False,6.069274314882626,0,8.157473634032998,,,42.13150096167908,-3,43.143459915611814,9.961289733181438,34.41357203709617,15.352952768075939,75.0,3,"V has a reasonable PEG ratio of 1.63, and is priced above its sector's average P/E, and is trading below its 200-day average, and no reliable sentiment data was available today."
CFG,Financial Services,14.010892,3.3189414,1.1292163,1.65,,0.413,-3.8606031220588246,,False,False,22.511646359465843,False,3442883.0,3744369.433333333,False,5.994859004377482,0,8.123986744305682,,,42.13150096167908,-3,72.15189873417721,9.916640546878352,54.719479210091954,15.345511237025425,75.0,3,"CFG has a reasonable PEG ratio of 1.65, and is priced below its sector's average P/E, and is trading below its 200-day average, and no reliable sentiment data was available today."
ALL,Financial Services,4.4959984,0.8101246,1.8006908,1.65,15158625280.0,0.612,-13.375496722058823,,False,False,10.577163288465186,False,1978749.0,2098464.966666667,False,5.994859004377482,0,8.123986744305682,,,42.13150096167908,-3,80.37974683544303,9.916640546878352,60.47897288097803,15.345511237025425,75.0,3,"ALL has a reasonable PEG ratio of 1.65, and is priced below its sector's average P/E, and is trading below its 200-day average, and no reliable sentiment data was available today."
BBY,Consumer Cyclical,14.540765,0.43430492,5.7767053,1.66,1403374976.0,0.701,-24.81575930769231,,False,False,35.96184555876508,False,2925891.0,3977669.7,False,5.958323776629475,0,8.107545891819079,,,42.13150096167908,-3,83.12236286919831,9.894719410229547,62.398804104606725,15.341857714250624,75.0,3,"BBY has a reasonable PEG ratio of 1.66, and is priced below its sector's average P/E, and is trading below its 200-day average, and no reliable sentiment data was available today."
OKE,Energy,15.298792,1.4185249,2.4343858,1.66,899875008.0,0.142,-3.8902088571428575,,False,False,28.299503751034152,False,3195719.0,3638750.6333333333,False,5.958323776629475,0,8.107545891819079,,,42.13150096167908,-3,49.36708860759494,9.894719410229547,38.77011212148436,15.341857714250624,75.0,3,"OKE has a reasonable PEG ratio of 1.66, and is priced below its sector's average P/E, and is trading below its 200-day average, and no reliable sentiment data was available today."
MS,Financial Services,15.362681,3.8380277,2.8051207,1.67,,0.624,-2.5088141220588245,,False,False,23.24958466453674,False,4297606.0,4982423.533333333,False,5.922226096519169,0,8.091301935769442,,,42.13150096167908,-3,81.0126582278481,9.873060802163364,60.922010855661576,15.338247946239592,75.0,3,"MS has a reasonable PEG ratio of 1.67, and is priced below its sector's average P/E, and is trading below its 200-day average, and no reliable sentiment data was available today."
JBHT,Industrials,32.679943,1.6984538,5.8996944,1.69,903028352.0,0.458,-3.6692118092105233,,False,False,23.481229394120746,False,816723.0,1089217.4333333333,False,5.851312310740341,0,8.05939073216897,,,42.13150096167908,-3,74.26160337552743,9.830512530696067,56.196272459037104,15.33115656766171,75.0,3,"JBHT has a reasonable PEG ratio of 1.69, and is priced below its sector's average P/E, and is trading below its 200-day average, and no reliable sentiment data was available today."
IFF,Basic Materials,82.435646,1.9716693,1.520925,1.7,-1720999936.0,-0.916,29.57320233333334,,False,False,41.8740383593343,False,1645957.0,1666065.2333333334,False,5.816481127725448,0,8.043716699812268,,,42.13150096167908,-3,0.42194092827004215,9.80961382088713,4.508508745956938,15.327673449360221,75.0,3,"IFF has a reasonable PEG ratio of 1.70, and is priced above its sector's average P/E, and is trading below its 200-day average, and no reliable sentiment data was available today."
MCK,Healthcare,24.536316,0.2597009,-25.045143,1.7,6801249792.0,-0.176,-8.802223444444444,,False,False,50.94157840359518,False,697614.0,879803.8,False,5.816481127725448,0,8.043716699812268,,,42.13150096167908,-3,11.39240506329114,9.80961382088713,12.187833640471705,15.327673449360221,75.0,3,"MCK has a reasonable PEG ratio of 1.70, and is priced below its sector's average P/E, and is trading below its 200-day average, and no reliable sentiment data was available today."
ULTA,Consumer Cyclical,19.778423,1.7911545,8.787279,1.71,914087360.0,0.133,-19.57810130769231,,False,False,49.65204646032615,False,305682.0,604562.7333333333,False,5.782057326968036,0,8.028225989471432,,,42.13150096167908,-3,46.94092827004219,9.788959540432684,37.07179988519744,15.32423106928448,75.0,3,"ULTA has a reasonable PEG ratio of 1.71, and is priced below its sector's average P/E, and is trading below its 200-day average, and no reliable sentiment data was available today."
BR,Technology,16.570833,2.4021153,6.3843966,1.71,1194499968.0,0.084,-100.07993973658537,,False,False,16.329553344133302,False,701982.0,1034786.0666666667,False,5.782057326968036,0,8.028225989471432,,,42.13150096167908,-3,39.9789029535865,9.788959540432684,32.19838216367846,15.32423106928448,75.0,3,"BR has a reasonable PEG ratio of 1.71, and is priced below its sector's average P/E, and is trading below its 200-day average, and no reliable sentiment data was available today."
MKC,Consumer Defensive,7.577371,1.594285,1.7496543,1.73,742000000.0,-0.571,-22.670763833333332,,False,False,22.18646480786262,False,4343627.0,3424920.9,False,5.714403614496826,0,7.997781818859387,,,42.13150096167908,-3,4.008438818565401,9.748367312949958,7.019057269163689,15.31746569803736,75.0,3,"MKC has a reasonable PEG ratio of 1.73, and is priced below its sector's average P/E, and is trading below its 200-day average, and no reliable sentiment data was available today."
JKHY,Technology,20.79083,3.9989378,4.955607,1.74,352223744.0,-0.104,-95.85994273658537,,False,False,24.592286136417286,False,735225.0,997230.8333333334,False,5.681159979920454,0,7.982822183300021,,,42.13150096167908,-3,15.400843881856542,9.728421132204135,14.993740813467486,15.314141334579721,75.0,3,"JKHY has a reasonable PEG ratio of 1.74, and is priced below its sector's average P/E, and is trading below its 200-day average, and no reliable sentiment data was available today."
USB,Financial Services,11.431137,3.2659714,1.4718204,1.74,,0.216,-6.440358122058825,,False,False,25.339815241043098,False,6291506.0,7646860.2,False,5.681159979920454,0,7.982822183300021,,,42.13150096167908,-3,57.91139240506329,9.728421132204135,44.75112477971221,15.314141334579721,75.0,3,"USB has a reasonable PEG ratio of 1.74, and is priced below its sector's average P/E, and is trading below its 200-day average, and no reliable sentiment data was available today."
YUM,Consumer Cyclical,17.25063,4.2856297,-5.190617,1.74,833249984.0,1.316,-22.10589430769231,,False,False,36.85699129242195,False,3171980.0,2218942.6666666665,False,5.681159979920454,0,7.982822183300021,,,42.13150096167908,-3,90.50632911392405,9.728421132204135,67.56758047591474,15.314141334579721,75.0,3,"YUM has a reasonable PEG ratio of 1.74, and is priced below its sector's average P/E, and is trading below its 200-day average, and no reliable sentiment data was available today."
ABT,Healthcare,32.29032,3.742739,3.3889697,1.79,7209124864.0,-0.475,-1.0482194444444417,,False,False,27.7286155609669,False,11954496.0,8552059.866666667,False,5.520513365906148,0,7.910531206993582,,,42.13150096167908,-3,5.063291139240507,9.632033163795551,7.757453893636262,15.298076673178292,75.0,3,"ABT has a reasonable PEG ratio of 1.79, and is priced below its sector's average P/E, and is trading below its 200-day average, and no reliable sentiment data was available today."
EW,Healthcare,51.922623,7.7126417,4.7368994,1.82,1232412544.0,-0.254,18.58408355555556,,False,False,47.80343760367575,False,3315832.0,3242627.7333333334,False,5.428362231273765,0,7.8690631964090105,,,42.13150096167908,-3,8.860759493670885,9.57674248301612,10.415681741737528,15.288861559715054,75.0,3,"EW has a reasonable PEG ratio of 1.82, and is priced above its sector's average P/E, and is trading below its 200-day average, and no reliable sentiment data was available today."
MSCI,Financial Services,30.18306,12.045216,-14.9307995,1.82,1194705920.0,0.196,12.311564877941176,,False,False,44.09397891817059,False,470557.0,518145.23333333334,False,5.428362231273765,0,7.8690631964090105,,,42.13150096167908,-3,56.0126582278481,9.57674248301612,43.422010855661576,15.288861559715054,75.0,3,"MSCI has a reasonable PEG ratio of 1.82, and is priced above its sector's average P/E, and is trading below its 200-day average, and no reliable sentiment data was available today."
HBAN,Financial Services,11.7615385,3.3662572,1.0386523,1.83,,-0.029,-6.109956622058824,,False,False,28.684082056541413,False,19459574.0,27633572.466666665,False,5.398316597213299,0,7.855542661081801,,,42.13150096167908,-3,21.729957805907173,9.558715102579841,19.424120560302928,15.285856996309006,75.0,3,"HBAN has a reasonable PEG ratio of 1.83, and is priced below its sector's average P/E, and is trading below its 200-day average, and no reliable sentiment data was available today."
PAYX,Technology,19.797619,5.3797398,9.499239,1.84,1887112448.0,0.139,-96.85315373658537,,False,False,9.767217678899286,False,2740893.0,3143386.433333333,False,5.36859754613175,0,7.842169088095103,,,42.13150096167908,-3,47.9957805907173,9.540883671930912,37.81019650967002,15.282885091200852,75.0,3,"PAYX has a reasonable PEG ratio of 1.84, and is priced below its sector's average P/E, and is trading below its 200-day average, and no reliable sentiment data was available today."
SPGI,Financial Services,23.793062,7.148196,3.6584156,1.85,5448249856.0,0.177,5.921566877941174,,False,False,17.933050699600514,False,1686296.0,1938076.5333333334,False,5.33919978208892,0,7.828940094275829,,,42.13150096167908,-3,53.79746835443038,9.523245013505214,41.87137794426917,15.279945314796569,75.0,3,"SPGI has a reasonable PEG ratio of 1.85, and is priced above its sector's average P/E, and is trading below its 200-day average, and no reliable sentiment data was available today."
WY,Real Estate,28.446154,1.9448934,1.4091914,1.86,13625000.0,0.871,-14.97790944827586,,False,False,10.860663186278657,False,7636347.0,6551981.566666666,False,5.310118123035798,0,7.815853347701925,,,42.13150096167908,-3,85.23206751054853,9.50579601807334,63.875597353551875,15.277037148891257,75.0,3,"WY has a reasonable PEG ratio of 1.86, and is priced below its sector's average P/E, and is trading below its 200-day average, and no reliable sentiment data was available today."
WM,Industrials,29.271955,3.2183404,8.328028,1.87,2348375040.0,0.083,-7.077199809210526,,False,False,19.58177621096557,False,2558975.0,2239365.8333333335,False,5.281347497769341,0,7.80290656633202,,,42.13150096167908,-3,39.55696202531646,9.488533642913467,31.903023513889426,15.27416008636461,75.0,3,"WM has a reasonable PEG ratio of 1.87, and is priced below its sector's average P/E, and is trading below its 200-day average, and no reliable sentiment data was available today."
ATO,Utilities,18.837902,5.426903,1.750432,1.9,-2220956928.0,0.233,-0.14294393548387063,,False,False,24.714392102803004,False,842619.0,973637.3,False,5.196852714092062,0,7.764883913677243,,,42.13150096167908,-3,60.02109704641351,9.437836772707099,46.22791802865736,15.265710607996883,75.0,3,"ATO has a reasonable PEG ratio of 1.90, and is priced below its sector's average P/E, and is trading below its 200-day average, and no reliable sentiment data was available today."
KMB,Consumer Defensive,18.81854,1.9099282,18.13189,1.93,941124992.0,-0.323,-11.429594833333333,,False,False,29.270676752286064,False,3157046.0,4375618.2,False,5.114984711254491,0,7.728043312400336,,,42.13150096167908,-3,7.172995780590717,9.388715971004556,9.23424714258141,15.257523807713126,75.0,3,"KMB has a reasonable PEG ratio of 1.93, and is priced below its sector's average P/E, and is trading below its 200-day average, and no reliable sentiment data was available today."
TMO,Healthcare,36.424114,5.4003406,4.750093,1.95,6237250048.0,0.094,3.08557455555556,,False,False,57.566857351467334,False,2107014.0,2072517.1333333333,False,5.061805495736068,0,7.704112665417046,,,42.13150096167908,-3,41.77215189873418,9.356808441693502,33.453656425281835,15.252205886161283,75.0,3,"TMO has a reasonable PEG ratio of 1.95, and is priced above its sector's average P/E, and is trading below its 200-day average, and no reliable sentiment data was available today."
VRTX,Healthcare,29.324404,10.132241,6.2999716,1.97,2627887616.0,0.08,-4.014135444444442,,False,False,40.95395314726459,False,914793.0,989743.1,False,5.009706061243399,0,7.680667919895345,,,42.13150096167908,-3,39.24050632911392,9.325548780997902,31.681504526547652,15.246995942712017,75.0,3,"VRTX has a reasonable PEG ratio of 1.97, and is priced below its sector's average P/E, and is trading below its 200-day average, and no reliable sentiment data was available today."
MSI,Technology,35.855907,6.1584463,28.205015,1.97,1979000064.0,0.095,-80.79486573658536,,False,False,25.241272756596004,False,819150.0,875041.6666666666,False,5.009706061243399,0,7.680667919895345,,,42.13150096167908,-3,41.983122362869196,9.325548780997902,33.60133575017635,15.246995942712017,75.0,3,"MSI has a reasonable PEG ratio of 1.97, and is priced below its sector's average P/E, and is trading below its 200-day average, and no reliable sentiment data was available today."
HOOD,Financial Services,50.268723,20.801762,10.821242,1.97,,0.476,32.39722787794118,,False,False,52.823675923603695,False,19510937.0,22198027.9,False,5.009706061243399,0,7.680667919895345,,,42.13150096167908,-3,75.10548523206751,9.325548780997902,56.786989758615164,15.246995942712017,75.0,3,"HOOD has a reasonable PEG ratio of 1.97, and is priced above its sector's average P/E, and is trading below its 200-day average, and no reliable sentiment data was available today."
VLO,Energy,17.479366,0.9117014,4.8293214,2.0,8416374784.0,4.535,-1.7096348571428592,,False,False,55.01189418682975,False,2546493.0,3447476.433333333,False,4.933510638297872,0,7.646379979569858,,,42.13150096167908,-3,98.31223628691983,9.279831527230586,73.03171549701179,15.239376400417463,75.0,3,"VLO trades at a relatively high PEG ratio of 2.00, and is priced below its sector's average P/E, and is trading below its 200-day average, and no reliable sentiment data was available today."
WMB,Energy,28.211155,7.0285225,6.5833025,2.03,-1516749952.0,0.512,9.022154142857143,,False,False,43.799788564058325,False,5803280.0,7748559.333333333,False,4.8595672968187165,0,7.613105475904238,,,42.13150096167908,-3,75.9493670886076,9.235465522343091,57.377707058193224,15.231982066269548,75.0,3,"WMB trades at a relatively high PEG ratio of 2.03, and is priced above its sector's average P/E, and is trading below its 200-day average, and no reliable sentiment data was available today."
GD,Industrials,20.239172,1.6359385,3.340584,2.04,4400124928.0,0.134,-16.109982809210525,,False,False,10.014038932356328,False,1378294.0,1224846.4666666666,False,4.835402806139253,0,7.6022314550984795,,,42.13150096167908,-3,47.257383966244724,9.220966827935413,37.29331887253921,15.229565617201601,75.0,3,"GD trades at a relatively high PEG ratio of 2.04, and is priced below its sector's average P/E, and is trading below its 200-day average, and no reliable sentiment data was available today."
ED,Utilities,17.031301,2.1613932,1.4872465,2.05,-844875008.0,0.221,-1.9495449354838712,,False,False,40.83251859900478,False,2080275.0,2138935.8333333335,False,4.811474066588371,0,7.591463522300582,,,42.13150096167908,-3,58.333333333333336,9.206609584204884,45.046483429501244,15.227172743246513,75.0,3,"ED trades at a relatively high PEG ratio of 2.05, and is priced below its sector's average P/E, and is trading below its 200-day average, and no reliable sentiment data was available today."
DRI,Consumer Cyclical,19.111961,1.690567,10.939964,2.05,794787520.0,-0.067,-20.24456330769231,,False,False,38.07327616013409,False,1046737.0,1210014.5666666667,False,4.811474066588371,0,7.591463522300582,,,42.13150096167908,-3,17.51054852320675,9.206609584204884,16.470534062412632,15.227172743246513,75.0,3,"DRI trades at a relatively high PEG ratio of 2.05, and is priced below its sector's average P/E, and is trading below its 200-day average, and no reliable sentiment data was available today."
ICE,Financial Services,21.4598,8.090184,2.8884122,2.07,3633625088.0,0.142,3.5883048779411766,,False,False,33.22563707731206,False,2759080.0,2983599.3333333335,False,4.764310174140253,0,7.5702397706989295,,,42.13150096167908,-3,49.36708860759494,9.178311248736014,38.77011212148436,15.222456354001702,75.0,3,"ICE trades at a relatively high PEG ratio of 2.07, and is priced above its sector's average P/E, and is trading below its 200-day average, and no reliable sentiment data was available today."
TECH,Healthcare,62.56897,9.367493,5.373908,2.11,229653120.0,,29.230430555555557,,False,False,53.65878620407327,False,2087225.0,2743214.1666666665,False,4.672664695923534,0,7.528999305501406,,,42.13150096167908,-3,27.109704641350213,9.123323961805983,23.189943345113054,15.21329180618003,75.0,3,"TECH trades at a relatively high PEG ratio of 2.11, and is priced above its sector's average P/E, and is trading below its 200-day average, and no reliable sentiment data was available today."
AON,Financial Services,14.997244,3.2831953,6.0089674,2.11,3190874880.0,-0.03,-2.8742511220588245,,False,False,13.58557266894644,False,1358125.0,1937417.5,False,4.672664695923534,0,7.528999305501406,,,42.13150096167908,-3,21.41350210970464,9.123323961805983,19.202601572961157,15.21329180618003,75.0,3,"AON trades at a relatively high PEG ratio of 2.11, and is priced below its sector's average P/E, and is trading below its 200-day average, and no reliable sentiment data was available today."
IBM,Technology,19.696001,3.0213206,6.0593963,2.11,12049750016.0,-0.018,-96.95477173658537,,False,False,21.50606279869156,False,6309080.0,5484196.0,False,4.672664695923534,0,7.528999305501406,,,42.13150096167908,-3,22.573839662447256,9.123323961805983,20.014837859880984,15.21329180618003,75.0,3,"IBM trades at a relatively high PEG ratio of 2.11, and is priced below its sector's average P/E, and is trading below its 200-day average, and no reliable sentiment data was available today."
EL,Consumer Defensive,186.6,2.2463098,8.868821,2.12,1812125056.0,,156.35186516666667,,False,False,40.993266479784985,False,2786505.0,3135763.5,False,4.650293688858839,0,7.5189323523222935,,,42.13150096167908,-3,27.109704641350213,9.109901357567166,23.189943345113054,15.21105470547356,75.0,3,"EL trades at a relatively high PEG ratio of 2.12, and is priced above its sector's average P/E, and is trading below its 200-day average, and no reliable sentiment data was available today."
DUK,Utilities,17.144579,2.7058895,1.6511472,2.13,-4477374976.0,0.106,-1.83626693548387,,False,False,27.078052483400754,False,4225401.0,3867060.033333333,False,4.628132738198508,0,7.5089599245251435,,,42.13150096167908,-3,43.88185654008439,9.096604787170966,34.93044967422698,15.208838610407527,75.0,3,"DUK trades at a relatively high PEG ratio of 2.13, and is priced below its sector's average P/E, and is trading below its 200-day average, and no reliable sentiment data was available today."
TGT,Consumer Defensive,15.886812,0.64530015,3.895155,2.13,3432999936.0,1.005,-14.36132283333333,,False,False,54.71144013040954,False,5054005.0,3816853.5,False,4.628132738198508,0,7.5089599245251435,,,42.13150096167908,-3,87.76371308016878,9.096604787170966,65.64774925228605,15.208838610407527,75.0,3,"TGT trades at a relatively high PEG ratio of 2.13, and is priced below its sector's average P/E, and is trading below its 200-day average, and no reliable sentiment data was available today."
RTX,Industrials,32.452465,2.6570294,3.742741,2.14,9880000512.0,0.287,-3.896689809210528,,False,False,21.61592678342123,False,3383949.0,3876868.3,False,4.606178899226591,0,7.499080696987782,,,42.13150096167908,-3,64.66244725738397,9.083432483787817,49.476863176336686,15.206643226510336,75.0,3,"RTX trades at a relatively high PEG ratio of 2.14, and is priced below its sector's average P/E, and is trading below its 200-day average, and no reliable sentiment data was available today."
AIZ,Financial Services,12.752993,0.9765272,2.1574454,2.16,2149574912.0,0.305,-5.118502122058825,,False,False,21.913346531762897,False,312564.0,357188.8,False,4.562881050143088,0,7.479596664900205,,,42.13150096167908,-3,65.61181434599156,9.057453774337715,50.141420138362,15.202313441601985,75.0,3,"AIZ trades at a relatively high PEG ratio of 2.16, and is priced below its sector's average P/E, and is trading below its 200-day average, and no reliable sentiment data was available today."
SJM,Consumer Defensive,54.313084,1.3559239,2.1590445,2.17,1464337536.0,,24.064949166666672,,False,False,36.15718871506946,False,960287.0,1399039.5666666667,False,4.541531419489011,0,7.469989331105872,,,42.13150096167908,-3,27.109704641350213,9.044643995945268,23.189943345113054,15.200178478536577,75.0,3,"SJM trades at a relatively high PEG ratio of 2.17, and is priced above its sector's average P/E, and is trading below its 200-day average, and no reliable sentiment data was available today."
EXC,Utilities,15.007353,1.6605452,1.418839,2.19,-2685125120.0,-0.002,-3.97349293548387,,False,False,31.392375235159363,False,9026829.0,8246267.633333334,False,4.499417079568639,0,7.451037878141705,,,42.13150096167908,-3,24.261603375527425,9.019375391993044,21.196272459037104,15.19596704454454,75.0,3,"EXC trades at a relatively high PEG ratio of 2.19, and is priced below its sector's average P/E, and is trading below its 200-day average, and no reliable sentiment data was available today."
CINF,Financial Services,7.655335,1.7833546,1.491944,2.19,2984875008.0,0.855,-10.216160122058824,,False,False,20.302940192158445,False,607310.0,629520.3333333334,False,4.499417079568639,0,7.451037878141705,,,42.13150096167908,-3,84.49367088607595,9.019375391993044,63.358719716421064,15.19596704454454,75.0,3,"CINF trades at a relatively high PEG ratio of 2.19, and is priced below its sector's average P/E, and is trading below its 200-day average, and no reliable sentiment data was available today."
MNST,Consumer Defensive,40.287033,9.245985,9.1025095,2.21,1681231104.0,0.18,10.03889816666667,,False,False,36.26016320677242,False,10393965.0,9732602.166666666,False,4.458064990144563,0,7.432429437900868,,,42.13150096167908,-3,54.008438818565395,8.9945641383386,42.01905726916368,15.191831835602132,75.0,3,"MNST trades at a relatively high PEG ratio of 2.21, and is priced above its sector's average P/E, and is trading below its 200-day average, and no reliable sentiment data was available today."
ES,Utilities,16.759068,1.7407087,1.4909309,2.21,811961344.0,-0.854,-2.221777935483871,,False,False,37.777014607719835,False,2310075.0,2385335.8333333335,False,4.458064990144563,0,7.432429437900868,,,42.13150096167908,-3,0.8438818565400843,8.9945641383386,4.803867395745967,15.191831835602132,75.0,3,"ES trades at a relatively high PEG ratio of 2.21, and is priced below its sector's average P/E, and is trading below its 200-day average, and no reliable sentiment data was available today."
VLTO,Industrials,24.324936,4.133273,7.6147294,2.24,807124992.0,0.101,-12.024218809210524,,False,False,45.86596182548606,False,2269733.0,1732557.7666666666,False,4.397421412573987,0,7.405139827994111,,,42.13150096167908,-3,42.616033755274266,8.958177991796255,34.044373724859895,15.185767477845076,75.0,3,"VLTO trades at a relatively high PEG ratio of 2.24, and is priced below its sector's average P/E, and is trading below its 200-day average, and no reliable sentiment data was available today."
PM,Consumer Defensive,27.231321,6.94333,-34.4162,2.25,9714374656.0,-0.075,-3.0168138333333303,,False,False,38.38014582801373,False,5283694.0,4275723.133333334,False,4.377566256065696,0,7.39620500756538,,,42.13150096167908,-3,16.666666666666664,8.946264897891279,15.879816762834572,15.183781962194246,75.0,3,"PM trades at a relatively high PEG ratio of 2.25, and is priced below its sector's average P/E, and is trading below its 200-day average, and no reliable sentiment data was available today."
BXP,Real Estate,31.919353,3.366129,1.8371702,2.25,880636864.0,-0.232,-11.504710448275858,,False,False,33.684789023861825,False,1458500.0,1350403.3333333333,False,4.377566256065696,0,7.39620500756538,,,42.13150096167908,-3,9.388185654008439,8.946264897891279,10.784880053973815,15.183781962194246,75.0,3,"BXP trades at a relatively high PEG ratio of 2.25, and is priced below its sector's average P/E, and is trading below its 200-day average, and no reliable sentiment data was available today."
BIIB,Healthcare,39.71403,3.2944403,1.7521354,2.27,1266987520.0,-0.848,6.375490555555558,,False,False,55.96655730141864,False,951290.0,951873.0,False,4.338380748948009,0,7.37857152936242,,,42.13150096167908,-3,1.0548523206751055,8.922753593620667,4.951546720640482,15.179863411482478,75.0,3,"BIIB trades at a relatively high PEG ratio of 2.27, and is priced above its sector's average P/E, and is trading below its 200-day average, and no reliable sentiment data was available today."
AWK,Utilities,22.15598,4.808008,2.1779275,2.31,-1785374976.0,0.086,3.1751340645161292,,False,False,24.524652625954673,False,1821071.0,1923719.0333333334,False,4.262045345471997,0,7.3442205977982145,,,42.13150096167908,-3,40.92827004219409,8.87695235153506,32.862939125703775,15.172229871134876,75.0,3,"AWK trades at a relatively high PEG ratio of 2.31, and is priced above its sector's average P/E, and is trading below its 200-day average, and no reliable sentiment data was available today."
TRV,Financial Services,9.688424,1.5360258,2.2717254,2.36,14775124992.0,0.571,-8.183071122058825,,False,False,25.923862146860557,False,900237.0,1370424.5666666667,False,4.170264960996072,0,7.302919424784049,,,42.13150096167908,-3,78.69198312236287,8.821884120849505,59.297538281821915,15.163051832687284,75.0,3,"TRV trades at a relatively high PEG ratio of 2.36, and is priced below its sector's average P/E, and is trading below its 200-day average, and no reliable sentiment data was available today."
D,Utilities,21.114185,2.9620109,1.9224952,2.38,-9181124608.0,-0.58,2.1333390645161288,,False,False,31.66191742550687,False,4046538.0,4809794.6,False,4.134632576434829,0,7.2868848517314895,,,42.13150096167908,-3,3.79746835443038,8.80050469011276,6.871377944269174,15.15948859423116,75.0,3,"D trades at a relatively high PEG ratio of 2.38, and is priced above its sector's average P/E, and is trading below its 200-day average, and no reliable sentiment data was available today."
ROL,Consumer Cyclical,26.99091,3.6404533,9.993269,2.42,501737504.0,0.031,-12.365614307692312,,False,False,22.857144496110166,False,6483505.0,6781850.166666667,False,4.065134702414555,0,7.255610808422366,,,42.13150096167908,-3,32.06751054852321,8.758805965700596,26.660407480134154,15.152538806829131,75.0,3,"ROL trades at a relatively high PEG ratio of 2.42, and is priced below its sector's average P/E, and is trading below its 200-day average, and no reliable sentiment data was available today."
ITW,Industrials,23.95195,4.568663,25.997835,2.44,2432999936.0,0.101,-12.397204809210525,,False,False,44.470314219509355,False,1175359.0,1274638.6333333333,False,4.031240247462045,0,7.240358303693736,,,42.13150096167908,-3,42.616033755274266,8.73846929272909,34.044373724859895,15.149149361333881,75.0,3,"ITW trades at a relatively high PEG ratio of 2.44, and is priced below its sector's average P/E, and is trading below its 200-day average, and no reliable sentiment data was available today."
ADP,Technology,23.789764,4.6988907,17.166414,2.45,5243049984.0,0.098,-92.86100873658536,,False,False,20.333685224693355,False,1707652.0,2136375.066666667,False,4.014500537056928,0,7.232825434011433,,,42.13150096167908,-3,42.19409282700422,8.72842546648602,33.74901507507086,15.14747539029337,75.0,3,"ADP trades at a relatively high PEG ratio of 2.45, and is priced below its sector's average P/E, and is trading below its 200-day average, and no reliable sentiment data was available today."
MCD,Consumer Cyclical,18.93095,5.9529557,-161.16182,2.45,6262374912.0,0.057,-20.42557430769231,,False,False,13.337982206811674,False,5577154.0,5596098.466666667,False,4.014500537056928,0,7.232825434011433,,,42.13150096167908,-3,36.392405063291136,8.72842546648602,29.687833640471702,15.14747539029337,75.0,3,"MCD trades at a relatively high PEG ratio of 2.45, and is priced below its sector's average P/E, and is trading below its 200-day average, and no reliable sentiment data was available today."
LDOS,Technology,11.153128,0.85205126,2.8368878,2.46,1146625024.0,-0.067,-105.49764473658537,,False,False,22.722954297124247,False,1475655.0,1220325.1666666667,False,3.997896921858356,0,7.225353807172077,,,42.13150096167908,-3,17.51054852320675,8.718463297366876,16.470534062412632,15.145815028773512,75.0,3,"LDOS trades at a relatively high PEG ratio of 2.46, and is priced below its sector's average P/E, and is trading below its 200-day average, and no reliable sentiment data was available today."
AEE,Utilities,17.552816,3.2815685,2.0163002,2.47,-1786249984.0,0.119,-1.4280299354838704,,False,False,30.893384688052265,False,2467032.0,1723037.7333333334,False,3.9814277488881133,0,7.217942679335467,,,42.13150096167908,-3,46.30801687763713,8.708581793584731,36.628761910513894,15.144168111476487,75.0,3,"AEE trades at a relatively high PEG ratio of 2.47, and is priced below its sector's average P/E, and is trading below its 200-day average, and no reliable sentiment data was available today."
ECL,Basic Materials,37.190605,4.6115866,7.7242827,2.47,1474824960.0,0.033,-15.671838666666666,,False,False,48.50101199861339,False,933124.0,1251420.8,False,3.9814277488881133,0,7.217942679335467,,,42.13150096167908,-3,32.70042194092827,8.708581793584731,27.1034454548177,15.144168111476487,75.0,3,"ECL trades at a relatively high PEG ratio of 2.47, and is priced below its sector's average P/E, and is trading below its 200-day average, and no reliable sentiment data was available today."
NWSA,Communication Services,28.106798,1.7292438,1.8452419,2.58,1045124992.0,-0.749,-2.954478599999998,,False,False,28.50122688921256,False,3584129.0,4319900.966666667,False,3.808692934711841,0,7.140212012956145,,,42.13150096167908,-3,1.7932489451476792,8.604940905078966,5.468424357771283,15.12689463005886,75.0,3,"NWSA trades at a relatively high PEG ratio of 2.58, and is priced below its sector's average P/E, and is trading below its 200-day average, and no reliable sentiment data was available today."
MO,Consumer Defensive,14.290525,5.544033,-42.478096,2.58,9033374720.0,-0.027,-15.957609833333331,,False,False,26.792441422753754,False,7392707.0,7781276.9,False,3.808692934711841,0,7.140212012956145,,,42.13150096167908,-3,21.940928270042196,8.604940905078966,19.571799885197443,15.12689463005886,75.0,3,"MO trades at a relatively high PEG ratio of 2.58, and is priced below its sector's average P/E, and is trading below its 200-day average, and no reliable sentiment data was available today."
REG,Real Estate,24.016836,7.911904,1.959777,2.61,743363968.0,0.089,-19.407227448275858,,False,False,24.845963081271023,False,1516956.0,1271598.5333333334,False,3.7641103860163985,0,7.120149866043196,,,42.13150096167908,-3,41.139240506329116,8.578191375861701,33.01061845059829,15.122436375189316,75.0,3,"REG trades at a relatively high PEG ratio of 2.61, and is priced below its sector's average P/E, and is trading below its 200-day average, and no reliable sentiment data was available today."
MRK,Healthcare,110.746025,5.1716127,8.215,2.64,15171500032.0,,77.40748555555555,,False,False,51.41276800070335,False,9476639.0,9893207.966666667,False,3.7205410770640333,0,7.100543677014631,,,42.13150096167908,-3,27.109704641350213,8.552049790490281,23.189943345113054,15.11807944429408,75.0,3,"MRK trades at a relatively high PEG ratio of 2.64, and is priced above its sector's average P/E, and is trading below its 200-day average, and no reliable sentiment data was available today."
CHD,Consumer Defensive,30.66026,3.6427295,5.2173443,2.65,939262528.0,0.09,0.41212516666666943,,False,False,48.65588227753993,False,2005444.0,1846238.1333333333,False,3.706237190728729,0,7.094106928163743,,,42.13150096167908,-3,41.35021097046413,8.543467458689099,33.1582977754928,15.116649055660549,75.0,3,"CHD trades at a relatively high PEG ratio of 2.65, and is priced above its sector's average P/E, and is trading below its 200-day average, and no reliable sentiment data was available today."
AAPL,Technology,38.17546,10.407064,45.22962,2.67,107721875456.0,0.287,-78.47531273658537,,False,False,52.90196152324245,False,34328912.0,40335393.733333334,False,3.6779508537061036,0,7.081378076503563,,,42.13150096167908,-3,64.66244725738397,8.526495656475525,49.476863176336686,15.113820421958287,75.0,3,"AAPL trades at a relatively high PEG ratio of 2.67, and is priced below its sector's average P/E, and is trading below its 200-day average, and no reliable sentiment data was available today."
ERIE,Financial Services,20.07797,2.8110697,4.6938386,2.67,481207744.0,0.032,2.206474877941176,,False,False,16.651595191791557,False,133240.0,258061.33333333334,False,3.6779508537061036,0,7.081378076503563,,,42.13150096167908,-3,32.48945147679325,8.526495656475525,26.95576612992318,15.113820421958287,75.0,3,"ERIE trades at a relatively high PEG ratio of 2.67, and is priced above its sector's average P/E, and is trading below its 200-day average, and no reliable sentiment data was available today."
JNJ,Healthcare,29.308226,6.2242603,7.1684046,2.68,16885125120.0,-0.009,-4.030313444444442,,False,False,25.472071108537833,False,9041571.0,6629519.033333333,False,3.6639660042452906,0,7.0750848942461975,,,42.13150096167908,-3,23.523206751054854,8.518104746799036,20.679394821906303,15.112421937012206,75.0,3,"JNJ trades at a relatively high PEG ratio of 2.68, and is priced below its sector's average P/E, and is trading below its 200-day average, and no reliable sentiment data was available today."
CPRT,Industrials,17.83871,5.489046,2.8153956,2.68,885121728.0,-0.15,-18.510444809210526,,False,False,5.1643831507102504,False,11326983.0,9670226.1,False,3.6639660042452906,0,7.0750848942461975,,,42.13150096167908,-3,12.658227848101266,8.518104746799036,13.073909589838793,15.112421937012206,75.0,3,"CPRT trades at a relatively high PEG ratio of 2.68, and is priced below its sector's average P/E, and is trading below its 200-day average, and no reliable sentiment data was available today."
RSG,Industrials,30.188652,3.8583455,5.412767,2.7,1942625024.0,0.051,-6.160502809210524,,False,False,19.4968512158444,False,1236778.0,1570552.6,False,3.636307079756128,0,7.062638378226074,,,42.13150096167908,-3,35.33755274261603,8.50150939210554,28.94943701599913,15.10965604456329,75.0,3,"RSG trades at a relatively high PEG ratio of 2.70, and is priced below its sector's average P/E, and is trading below its 200-day average, and no reliable sentiment data was available today."
O,Real Estate,38.963768,8.388108,1.2864252,2.73,1582081920.0,0.692,-4.460295448275858,,False,False,14.760268306988905,False,8197000.0,7701053.333333333,False,3.595578553585272,0,7.044310541449189,,,42.13150096167908,-3,82.91139240506328,8.477072276403025,62.2511247797122,15.105583191946204,75.0,3,"O trades at a relatively high PEG ratio of 2.73, and is priced below its sector's average P/E, and is trading below its 200-day average, and no reliable sentiment data was available today."
NEM,Basic Materials,14.605297,4.736238,3.4801683,2.78,8815875072.0,0.114,-38.257146666666664,,False,False,33.673832280189245,False,3992356.0,7145531.866666666,False,3.5296510831648233,0,7.014643179759986,,,42.13150096167908,-3,45.46413502109704,8.437515794150755,36.038044610935835,15.098990444904159,75.0,3,"NEM trades at a relatively high PEG ratio of 2.78, and is priced below its sector's average P/E, and is trading below its 200-day average, and no reliable sentiment data was available today."
NWS,Communication Services,31.067963,1.9114265,2.0396457,2.84,1045124992.0,-0.749,0.006686399999999537,,False,False,30.16760867889667,False,917014.0,1200663.8,False,3.4536023532009525,0,6.980421251276244,,,42.13150096167908,-3,1.7932489451476792,8.391886556172434,5.468424357771283,15.091385571907772,75.0,3,"NWS trades at a relatively high PEG ratio of 2.84, and is priced above its sector's average P/E, and is trading below its 200-day average, and no reliable sentiment data was available today."
WST,Healthcare,48.24072,7.970053,8.870368,2.84,277937504.0,0.181,14.90218055555556,,False,False,49.979914567917895,False,682733.0,576021.1,False,3.4536023532009525,0,6.980421251276244,,,42.13150096167908,-3,54.219409282700425,8.391886556172434,42.1667365940582,15.091385571907772,75.0,3,"WST trades at a relatively high PEG ratio of 2.84, and is priced above its sector's average P/E, and is trading below its 200-day average, and no reliable sentiment data was available today."
EQIX,Real Estate,65.85843,10.196341,7.021549,2.89,3785999872.0,0.288,22.43436655172414,,False,False,56.80564212460091,False,368677.0,517652.56666666665,False,3.3926405685124976,0,6.95298844816644,,,42.13150096167908,-3,64.9789029535865,8.35530948535936,49.69838216367845,15.085289393438925,75.0,3,"EQIX trades at a relatively high PEG ratio of 2.89, and is priced above its sector's average P/E, and is trading below its 200-day average, and no reliable sentiment data was available today."
DVN,Energy,10.453158,2.8101807,1.321581,2.92,782625024.0,0.44,-8.735842857142858,,False,False,33.859660746528974,False,9730878.0,11617825.933333334,False,3.3570656092285502,0,6.936979716488663,,,42.13150096167908,-3,73.62869198312237,8.333964509788991,55.75323448435356,15.081731897510531,75.0,3,"DVN trades at a relatively high PEG ratio of 2.92, and is priced below its sector's average P/E, and is trading below its 200-day average, and no reliable sentiment data was available today."
CTAS,Industrials,38.540432,6.7527184,15.212144,3.03,1623005312.0,0.133,2.191277190789478,,False,False,39.807515982635735,False,1335310.0,1962503.6666666667,False,3.2326510926568583,0,6.880993184031402,,,42.13150096167908,-3,46.94092827004219,8.259315799845977,37.07179988519744,15.069290445853362,75.0,3,"CTAS trades at a relatively high PEG ratio of 3.03, and is priced above its sector's average P/E, and is trading below its 200-day average, and no reliable sentiment data was available today."
KMI,Energy,20.264517,3.8911846,2.2093267,3.17,1075000064.0,0.212,1.0755161428571434,,False,False,53.78786638165633,False,9328763.0,12277355.433333334,False,3.0867931793373624,0,6.815357123037629,,,42.13150096167908,-3,57.383966244725734,8.17180105185428,44.38192646747592,15.054704654521412,75.0,3,"KMI trades at a relatively high PEG ratio of 3.17, and is priced above its sector's average P/E, and is trading below its 200-day average, and no reliable sentiment data was available today."
DIS,Communication Services,21.362886,1.809632,1.6290368,3.33,4860375040.0,-0.483,-9.6983906,,False,False,36.43363508324794,False,6976055.0,8396135.166666666,False,2.9351159670308604,0,6.7471023774997025,,,42.13150096167908,-3,4.641350210970464,8.080794724470378,7.462095243847233,15.039536933290762,75.0,3,"DIS trades at a relatively high PEG ratio of 3.33, and is priced below its sector's average P/E, and is trading below its 200-day average, and no reliable sentiment data was available today."
HPQ,Technology,12.011451,0.479689,-308.52942,3.43,3389874944.0,-0.113,-104.63932173658537,,False,False,40.61809875685519,False,8911326.0,16468787.533333333,False,2.8475035831001727,0,6.707676804730895,,,42.13150096167908,-3,14.556962025316455,8.028227294111966,14.403023513889426,15.030775694897693,75.0,3,"HPQ trades at a relatively high PEG ratio of 3.43, and is priced below its sector's average P/E, and is trading below its 200-day average, and no reliable sentiment data was available today."
WMT,Consumer Defensive,38.06884,1.1328533,8.494623,3.54,7127625216.0,-0.091,7.82070516666667,,False,False,36.692173962834964,False,19199115.0,23771553.833333332,False,2.75684704006681,0,6.666881360365881,,,42.13150096167908,-3,16.455696202531644,7.973833368291948,15.73213743794006,15.021710040594357,75.0,3,"WMT trades at a relatively high PEG ratio of 3.54, and is priced above its sector's average P/E, and is trading below its 200-day average, and no reliable sentiment data was available today."
FRT,Real Estate,21.408081,6.8972473,2.8729837,3.59,456137632.0,-0.456,-22.01598244827586,,False,False,20.067800879681513,False,852095.0,875853.1666666666,False,2.717476067338975,0,6.649164422638355,,,42.13150096167908,-3,5.485232067510549,7.950210784655247,8.052812543425292,15.017772943321575,75.0,3,"FRT trades at a relatively high PEG ratio of 3.59, and is priced below its sector's average P/E, and is trading below its 200-day average, and no reliable sentiment data was available today."
NOC,Industrials,15.133821,1.5769286,3.7820125,3.6,2478000128.0,-0.058,-21.215333809210527,,False,False,13.138575107992452,False,1200266.0,873658.8666666667,False,2.7097331093691674,0,6.645680091551942,,,42.13150096167908,-3,18.459915611814345,7.945565009873363,17.135091024437948,15.016998647524593,75.0,3,"NOC trades at a relatively high PEG ratio of 3.60, and is priced below its sector's average P/E, and is trading below its 200-day average, and no reliable sentiment data was available today."
WELL,Real Estate,100.52018,12.655388,3.4719574,3.66,2756164352.0,0.356,57.09611655172414,,False,False,41.143492357771265,False,2446966.0,2630042.2,False,2.664163897710792,0,6.625173946305672,,,42.13150096167908,-3,69.40928270042194,7.9182234828783375,52.79964798646326,15.012441726358755,75.0,3,"WELL trades at a relatively high PEG ratio of 3.66, and is priced above its sector's average P/E, and is trading below its 200-day average, and no reliable sentiment data was available today."
PG,Consumer Defensive,22.045319,3.8977363,6.359873,3.71,13280874496.0,-0.155,-8.202815833333332,,False,False,44.640708184997166,False,7032638.0,7966527.933333334,False,2.6273154785800306,0,6.60859215769683,,,42.13150096167908,-3,12.025316455696203,7.89611443139988,12.630871615155248,15.00875688444568,75.0,3,"PG trades at a relatively high PEG ratio of 3.71, and is priced below its sector's average P/E, and is trading below its 200-day average, and no reliable sentiment data was available today."
CEG,Utilities,26.160313,3.0322912,2.9735885,3.74,-6625124864.0,-0.468,7.179467064516128,,False,False,47.534896492233315,False,3502745.0,2879764.8333333335,False,2.605679347988813,0,6.598855898930783,,,42.13150096167908,-3,5.274261603375527,7.88313275304515,7.905133218530777,15.006593271386558,75.0,3,"CEG trades at a relatively high PEG ratio of 3.74, and is priced above its sector's average P/E, and is trading below its 200-day average, and no reliable sentiment data was available today."
PSA,Real Estate,26.901623,10.7177305,10.219513,3.8,2334240256.0,0.451,-16.52244044827586,,False,False,32.35538261997405,False,862271.0,875592.3666666667,False,2.5634319561501737,0,6.579844572603394,,,42.13150096167908,-3,74.0506329113924,7.857784317941967,56.048593134142585,15.002368532202693,75.0,3,"PSA trades at a relatively high PEG ratio of 3.80, and is priced below its sector's average P/E, and is trading below its 200-day average, and no reliable sentiment data was available today."
KO,Consumer Defensive,25.978981,7.4251137,10.297584,3.89,5218749952.0,0.169,-4.2691538333333305,,False,False,27.696763172411337,False,20444719.0,15838883.966666667,False,2.5025044836013897,0,6.552427209956441,,,42.13150096167908,-3,53.16455696202531,7.821227834412696,41.42833996958562,14.996275784947816,75.0,3,"KO trades at a relatively high PEG ratio of 3.89, and is priced below its sector's average P/E, and is trading below its 200-day average, and no reliable sentiment data was available today."
DOC,Real Estate,53.82857,4.5279474,1.655827,4.32,1645113088.0,0.682,10.40450655172414,,False,False,35.864936795757785,False,6718715.0,5020763.833333333,False,2.2464461241756872,0,6.437200948214876,,,42.13150096167908,-3,82.27848101265823,7.667592818757274,61.808086805028665,14.970669949005245,75.0,3,"DOC trades at a relatively high PEG ratio of 4.32, and is priced above its sector's average P/E, and is trading below its 200-day average, and no reliable sentiment data was available today."
TSLA,Consumer Cyclical,350.67593,14.435694,17.218914,4.43,4835999744.0,-0.03,311.31940569230767,,False,False,59.488009576466226,False,42006295.0,38683203.166666664,False,2.1889274239823666,0,6.411317533127882,,,42.13150096167908,-3,21.41350210970464,7.633081598641282,19.202601572961157,14.964918078985914,75.0,3,"TSLA trades at a relatively high PEG ratio of 4.43, and is priced above its sector's average P/E, and is trading below its 200-day average, and no reliable sentiment data was available today."
FCX,Basic Materials,35.763546,4.0302644,5.184603,4.5,2159249920.0,0.281,-17.098897666666666,,False,False,59.82276580902613,False,13698524.0,12654404.133333333,False,2.1537887271369915,0,6.395505119547462,,,42.13150096167908,-3,63.71308016877637,7.611998380534057,48.81230621431136,14.961404209301376,75.0,3,"FCX trades at a relatively high PEG ratio of 4.50, and is priced below its sector's average P/E, and is trading below its 200-day average, and no reliable sentiment data was available today."
CME,Financial Services,22.903307,14.369441,3.65815,4.58,2909012480.0,0.025,5.031811877941177,,False,False,32.97238111058253,False,1547055.0,1838281.8333333333,False,2.1149454515225163,0,6.378025645520948,,,42.13150096167908,-3,31.223628691983123,7.588692415165372,26.069690180556094,14.957519881739929,75.0,3,"CME trades at a relatively high PEG ratio of 4.58, and is priced above its sector's average P/E, and is trading below its 200-day average, and no reliable sentiment data was available today."
NVR,Consumer Cyclical,15.509859,1.6518762,4.7148967,4.97,918313280.0,-0.226,-23.846665307692312,,False,False,34.95980667531806,False,52243.0,39591.433333333334,False,1.9434918582040959,0,6.30087152852766,,,42.13150096167908,-3,9.915611814345992,7.48582025917432,11.1540783662101,14.940374522408085,75.0,3,"NVR trades at a relatively high PEG ratio of 4.97, and is priced below its sector's average P/E, and is trading below its 200-day average, and no reliable sentiment data was available today."
NUE,Basic Materials,20.048645,1.5799787,2.5798872,5.21,683374976.0,0.938,-32.81379866666666,,False,False,33.74414049176015,False,1586374.0,1242099.1333333333,False,1.8507403498741546,0,6.2591333497791855,,,42.13150096167908,-3,86.91983122362869,7.430169354176355,65.05703195270799,14.931099371575092,75.0,3,"NUE trades at a relatively high PEG ratio of 5.21, and is priced below its sector's average P/E, and is trading below its 200-day average, and no reliable sentiment data was available today."
UBER,Technology,15.236843,2.5697048,5.188947,5.81,7244749824.0,0.855,-101.41392973658537,,False,False,28.328972491337254,False,16996770.0,17438765.666666668,False,1.6523862206143405,0,6.169873991612269,,,42.13150096167908,-3,84.49367088607595,7.311156876620466,63.358719716421064,14.91126395864911,75.0,3,"UBER trades at a relatively high PEG ratio of 5.81, and is priced below its sector's average P/E, and is trading below its 200-day average, and no reliable sentiment data was available today."
ZTS,Healthcare,11.745067,3.0979843,9.10958,6.49,2016999936.0,0.012,-21.593472444444444,,False,False,31.91491088590223,False,3643499.0,4538396.633333334,False,1.4719216574038447,0,6.088664938167547,,,42.13150096167908,-3,30.69620253164557,7.202878138694169,25.70049186831981,14.89321750232806,75.0,3,"ZTS trades at a relatively high PEG ratio of 6.49, and is priced below its sector's average P/E, and is trading below its 200-day average, and no reliable sentiment data was available today."
MAA,Real Estate,34.055553,6.263788,2.486603,7.03,921182272.0,0.137,-9.368510448275856,,False,False,12.088822187477248,False,1389419.0,1121050.6333333333,False,1.3534818781768743,0,6.03536703751541,,,42.13150096167908,-3,47.46835443037975,7.131814271157987,37.44099819743373,14.881373524405364,75.0,3,"MAA trades at a relatively high PEG ratio of 7.03, and is priced below its sector's average P/E, and is trading below its 200-day average, and no reliable sentiment data was available today."
VMRK,Real Estate,23.02299,15.047633,,7.17,1387120000.0,,-20.40107344827586,,False,False,17.77037667051225,False,6571087.0,6015222.9,False,1.325687471594503,0,6.022859554553342,,,42.13150096167908,-3,27.109704641350213,7.115137627208564,23.189943345113054,14.878594083747126,75.0,3,"VMRK trades at a relatively high PEG ratio of 7.17, and is priced below its sector's average P/E, and is trading below its 200-day average, and no reliable sentiment data was available today."
TPL,Energy,43.963013,26.487373,15.279281,7.33,-32836124.0,0.327,24.77401214285714,,False,False,35.71169021085473,False,268650.0,361051.6666666667,False,1.2952225051904382,0,6.009150319671512,,,42.13150096167908,-3,66.45569620253164,7.096858647366125,50.732137437940054,14.87554758710672,75.0,3,"TPL trades at a relatively high PEG ratio of 7.33, and is priced above its sector's average P/E, and is trading below its 200-day average, and no reliable sentiment data was available today."
SBAC,Real Estate,17.45631,5.9802995,-3.7078965,9.2,752056384.0,-0.105,-25.96775344827586,,False,False,5.776824156523347,False,848131.0,903637.7,False,1.0177284677929794,0,5.884278002842656,,,42.13150096167908,-3,15.18987341772152,6.9303622249276495,14.846061488572971,14.847798183366974,75.0,3,"SBAC trades at a relatively high PEG ratio of 9.20, and is priced below its sector's average P/E, and is trading below its 200-day average, and no reliable sentiment data was available today."
BRK-B,Financial Services,12.6286,2.8061106,0.00096559746,10.06,71975247872.0,1.078,-5.242895122058824,,False,False,33.06117813428489,False,3511993.0,4481626.433333334,False,0.924742697232061,0,5.842434406090243,,,42.13150096167908,-3,88.60759493670885,6.874570762591099,66.2384665518641,14.838499606310883,75.0,3,"BRK-B trades at a relatively high PEG ratio of 10.06, and is priced below its sector's average P/E, and is trading below its 200-day average, and no reliable sentiment data was available today."
INCY,Healthcare,14.538854,3.9752164,3.6153698,10.82,1180664576.0,0.377,-18.799685444444442,,False,False,36.921214269755154,False,1948659.0,1497985.3,False,0.8548724625501695,0,5.810992800483392,,,42.13150096167908,-3,70.67510548523207,6.8326486217819635,53.68572393583035,14.831512582842693,75.0,3,"INCY trades at a relatively high PEG ratio of 10.82, and is priced below its sector's average P/E, and is trading below its 200-day average, and no reliable sentiment data was available today."
DLR,Real Estate,87.31554,10.053279,2.492379,11.53,3768482048.0,-0.587,43.89147655172414,,False,False,48.56915517506971,False,1507937.0,1977861.2333333334,False,0.7979209016063069,0,5.7853645980586546,,,42.13150096167908,-3,3.375527426160337,6.798477685215646,6.576019294480144,14.825817426748307,75.0,3,"DLR trades at a relatively high PEG ratio of 11.53, and is priced above its sector's average P/E, and is trading below its 200-day average, and no reliable sentiment data was available today."
STLD,Basic Materials,21.853128,1.682085,3.674894,11.95,234191248.0,0.836,-31.009315666666662,,False,False,43.65841777538028,False,1063839.0,1032424.6333333333,False,0.7674169622400167,0,5.771637825343824,,,42.13150096167908,-3,83.96624472573839,6.7801753215958716,62.98952140418478,14.822767032811678,75.0,3,"STLD trades at a relatively high PEG ratio of 11.95, and is priced below its sector's average P/E, and is trading below its 200-day average, and no reliable sentiment data was available today."
PFE,Healthcare,36.06579,2.452714,1.8336902,12.72,12485624832.0,,2.727250555555557,,False,False,55.506606819064075,False,32606099.0,32801909.966666665,False,0.7167249466500454,0,5.748826418328337,,,42.13150096167908,-3,27.109704641350213,6.749760112241889,23.189943345113054,14.817697831252682,75.0,3,"PFE trades at a relatively high PEG ratio of 12.72, and is priced above its sector's average P/E, and is trading below its 200-day average, and no reliable sentiment data was available today."
OMC,Communication Services,198.02632,0.9586711,2.1366916,15.97,4260624896.0,0.588,166.9650434,,False,False,26.10668618161283,False,2358094.0,2982716.466666667,False,0.556623526334722,0,5.676780779186441,,,42.13150096167908,-3,79.11392405063292,6.653699260052695,59.592896931610944,14.801687689221149,75.0,3,"OMC trades at a relatively high PEG ratio of 15.97, and is priced above its sector's average P/E, and is trading below its 200-day average, and no reliable sentiment data was available today."
FANG,Energy,35.06286,3.1871095,1.3627179,20.47,5035500032.0,1.795,15.873859142857143,,False,False,19.550413085695567,False,2836740.0,2890354.6666666665,False,0.41887289240365416,0,5.61479299391746,,,42.13150096167908,-3,92.61603375527426,6.571048879694055,69.04437372485988,14.787912625828042,75.0,3,"FANG trades at a relatively high PEG ratio of 20.47, and is priced above its sector's average P/E, and is trading below its 200-day average, and no reliable sentiment data was available today."
PGR,Financial Services,10.662989,1.355812,3.5980573,64.49,15114500096.0,0.05,-7.208506122058825,,False,False,34.47602057280636,False,2762623.0,2513387.433333333,False,0.08518252523851107,0,5.4646323286931455,,,42.13150096167908,-3,34.91561181434599,6.370834659394968,28.6540783662101,14.754543589111528,75.0,3,"PGR trades at a relatively high PEG ratio of 64.49, and is priced below its sector's average P/E, and is trading below its 200-day average, and no reliable sentiment data was available today."
PLD,Real Estate,28.462223,12.892136,2.2268975,112.22,5406941184.0,0.853,-14.961840448275858,,False,False,26.782933364286194,False,2783154.0,3442858.466666667,False,0.019184241161228854,0,5.43493310085837,,,42.13150096167908,-3,84.17721518987342,6.331235688948599,63.1372007290793,14.7479437607038,75.0,3,"PLD trades at a relatively high PEG ratio of 112.22, and is priced below its sector's average P/E, and is trading below its 200-day average, and no reliable sentiment data was available today."
CMCSA,Communication Services,6.9580646,0.61282337,0.8521986,142.98,12697624576.0,-0.668,-24.103212,,False,False,12.598414948008468,False,31074378.0,28408435.933333334,False,0.0,0,5.426300192335816,,,42.13150096167908,-3,3.1645569620253164,6.319725144251862,6.428339969585629,14.746025336587676,75.0,3,"CMCSA trades at a relatively high PEG ratio of 142.98, and is priced below its sector's average P/E, and is trading below its 200-day average, and no reliable sentiment data was available today."
CVNA,Consumer Cyclical,33.714287,2.818713,11.374509,,424375008.0,0.615,-5.642237307692312,,False,False,41.819120129998964,False,6980368.0,7355812.266666667,False,,0,,,,42.13150096167908,0,80.69620253164557,,60.7004918683198,,50.0,2,"CVNA is priced below its sector's average P/E, and is trading below its 200-day average, and no reliable sentiment data was available today."
FOX,Communication Services,14.765626,1.3960583,2.0459714,,555374976.0,0.031,-16.295650600000002,,False,False,22.69937415544217,False,1018639.0,1214794.6333333333,False,,0,,,,42.13150096167908,0,32.06751054852321,,26.660407480134154,,50.0,2,"FOX is priced below its sector's average P/E, and is trading below its 200-day average, and no reliable sentiment data was available today."
SNDK,Technology,23.104122,12.323262,16.136198,,7720875008.0,,-93.54665073658536,,False,False,61.91727471155884,False,6461198.0,9885023.266666668,False,,0,,,,42.13150096167908,0,27.109704641350213,,23.189943345113054,,50.0,2,"SNDK is priced below its sector's average P/E, and is trading below its 200-day average, and no reliable sentiment data was available today."
VICI,Real Estate,8.766538,6.054093,0.8504133,,267028992.0,-0.414,-34.65752544827586,,False,False,21.4853674851216,False,8665649.0,10167584.966666667,False,,0,,,,42.13150096167908,0,6.5400843881856545,,8.791209167897865,,50.0,2,"VICI is priced below its sector's average P/E, and is trading below its 200-day average, and no reliable sentiment data was available today."
