ticker,sector,pe_ratio,ps_ratio,pb_ratio,peg_ratio,free_cash_flow,earnings_growth,pe_vs_sector,undervalued_flag,score,price,sma50,sma200,above_sma50,above_sma200,rsi,macd_bullish,volume_today,avg_volume_30d,volume_spike,fundamentals_score,technicals_score
HIG,Financial Services,9.810083,1.3283398,1.999268,0.12,5507500032.0,0.361,-10.285330686956522,True,84.99615034646882,141.97000122070312,134.3928938293457,133.81224822998047,True,True,55.40129676593933,True,435749.0,1768251.6333333333,False,91.66025057744804,75
CSGP,Real Estate,158.6111,3.278559,1.43158,0.11,427075008.0,12.61,104.99140106666667,False,70.0,28.559999465942383,30.78900005340576,49.0203000164032,False,False,50.68825918434386,True,4448705.0,7709566.833333333,False,100.0,25
MU,Technology,19.536802,10.820455,9.694494,0.13,7639499776.0,13.685,-89.32100428048778,True,60.76212371655781,855.6699829101562,961.8851611328125,514.6893540191651,False,True,41.806179711193636,False,38217247.0,50967994.9,False,84.60353952759635,25
GPN,Industrials,31.497242,2.646473,0.9844585,0.24,7124387840.0,,-3.1654801733333287,True,57.47497725204731,86.05999755859375,73.32699440002442,74.04925430297851,True,True,66.30859168847824,True,1083169.0,3432672.3,False,45.79162875341219,75
SW,Consumer Cyclical,50.164894,0.7894753,1.3713429,0.26,1270000000.0,,7.286794971153839,False,55.35796393709181,47.36000061035156,43.49379997253418,40.748196582794186,True,True,58.856825320271675,True,2014559.0,5939435.3,False,42.263273228486355,75
TPR,Consumer Cyclical,46.07599,3.9012532,44.94219,0.3,1529737472.0,0.737,3.1978909711538392,False,51.97074263316301,152.0500030517578,143.20072662353516,134.15270565032958,True,True,64.52028347383848,True,350003.0,2566420.1,False,36.61790438860503,75
DAL,Industrials,14.58917,0.8472019,2.6376247,0.21,2817374976.0,-0.254,-20.07355217333333,True,51.406573408393236,88.00499725341797,84.19111892700195,70.40553874969483,True,True,51.464630222159236,False,1877990.0,7613406.333333333,False,52.34428901398873,50
COF,Financial Services,11.420155,2.644643,1.1738968,0.22,,,-8.675258686956523,True,49.976902078812905,207.3800048828125,196.46199920654297,206.22285934448243,True,True,57.350733827336676,False,1361973.0,4558212.433333334,False,49.96150346468818,50
GM,Consumer Cyclical,38.79911,0.42368746,1.2293483,0.35,21933750272.0,-0.262,-4.078989028846159,True,48.82546570808627,87.19499969482422,80.11172912597657,76.97236804962158,True,True,69.01322966669088,True,2488455.0,8250515.166666667,False,31.375776180143788,75
FIS,Technology,8.806202,2.0530581,1.4704074,0.24,2446874880.0,30.406,-100.0516042804878,True,47.47497725204731,45.540000915527344,40.99574172973633,51.79628747940063,True,False,62.043310507945954,True,3001426.0,5646457.533333333,False,45.79162875341219,50
MSFT,Technology,27.31175,10.632689,8.167524,1.21,37011251200.0,0.234,-81.54605628048779,True,45.41254923420529,455.18499755859375,398.50445556640625,432.50690444946287,True,True,74.3680609685109,True,72243552.0,43156491.733333334,True,9.020915390342141,100
MET,Financial Services,18.665377,0.8003152,2.2815394,0.5,-17429749760.0,0.359,-1.430036686956523,True,43.16396724294813,96.6500015258789,88.16199920654297,78.96398315429687,True,True,70.7986614923903,True,2147719.0,3853563.966666667,False,21.93994540491356,75
CVS,Healthcare,46.01316,0.33000886,1.7242173,0.3,5201625088.0,0.631,13.702572925925928,False,41.97074263316301,104.94999694824219,100.35439132690429,83.2548677444458,True,True,53.96778307466368,False,2663525.0,7802977.5,False,36.61790438860503,50
ZBRA,Technology,34.586456,2.440369,3.9882038,0.56,559000000.0,0.038,-74.2713502804878,True,41.748592626663594,288.9150085449219,253.28309967041017,246.35512481689454,True,True,60.852606066188876,True,264220.0,751190.6666666666,False,19.580987711105998,75
AMCR,Consumer Cyclical,36.064003,0.93927646,1.7881083,0.62,149500000.0,-0.117,-6.8140960288461585,True,40.607161484498654,45.23500061035156,41.441436233520506,41.210871906280516,True,True,59.08890595558819,True,1147588.0,3425026.2666666666,False,17.678602474164425,75
ZBH,Healthcare,24.411919,2.1678863,1.4379894,0.65,1044124992.0,0.341,-7.89866807407407,True,40.115468069412216,94.38999938964844,88.42417465209961,90.68574741363526,True,True,55.73524204882007,True,710895.0,2315669.8333333335,False,16.859113449020356,75
APA,Energy,8.396271,1.5209651,1.9719697,0.66,1691250048.0,0.322,-92.44676294285715,True,39.96150346468818,35.959999084472656,35.30763736724853,30.849343061447144,True,True,65.05947687056948,True,1992966.0,5473762.2,False,16.602505774480296,75
CVX,Energy,33.219513,2.0445666,2.052397,0.78,11776499712.0,-0.445,-67.62352094285714,True,38.42185741744781,190.85000610351562,182.7286004638672,173.0996292114258,True,True,72.5148451200353,True,2473005.0,8720916.833333334,False,14.036429029079688,75
EME,Industrials,26.75663,2.000082,9.161208,0.36,891520000.0,0.3,-7.906092173333327,True,38.301252887240146,797.6950073242188,803.4064135742187,743.8012338256835,False,True,52.59766757503354,True,434943.0,503301.43333333335,False,30.502088145400247,50
BKNG,Consumer Cyclical,25.150198,5.342455,-17.066607,0.81,7075125248.0,2.4,-17.72790102884616,True,38.10822581523219,191.77999877929688,174.02860565185546,184.83791534423827,True,True,60.61519032359911,True,3113135.0,7354917.833333333,False,13.513709692053641,75
IR,Industrials,56.283787,4.1893206,3.2033534,0.81,1035425024.0,0.065,21.621064826666668,False,38.10822581523219,83.5,77.31900009155274,81.44671604156494,True,True,61.38032661874427,True,1280240.0,4239221.333333333,False,13.513709692053641,75
BEN,Financial Services,25.000002,1.8846825,1.4036516,0.37,-242137504.0,0.872,4.904588313043476,False,37.805375894547865,32.79999923706055,32.327386169433595,26.52003942489624,True,True,44.16666401757303,False,2090225.0,4575387.5,False,29.675626490913114,50
IQV,Healthcare,29.434782,2.29653,6.3201833,0.86,2149750016.0,-0.006,-2.875805074074073,True,37.63413153281321,237.99000549316406,192.71759979248046,197.30024978637695,True,True,69.86554122538172,True,700247.0,1581254.9,False,12.723552554688682,75
XYZ,Technology,63.75,1.9840392,2.2126412,0.86,-794561728.0,,-45.10780628048779,True,37.63413153281321,81.70999908447266,75.16739944458008,67.63199989318848,True,True,61.019487568196574,True,1230730.0,5266641.0,False,12.723552554688682,75
VZ,Communication Services,11.98047,1.3830347,1.8393908,0.88,18881875968.0,-0.22,-39.3969718,True,37.45957863792259,45.994998931884766,44.946268005371095,43.29909969329834,True,True,68.65671258016005,True,9519561.0,33033395.366666667,False,12.432631063204312,75
CI,Healthcare,12.253814,0.27528724,1.8128307,0.89,6923375104.0,0.291,-20.056773074074073,True,37.37524409320015,289.2149963378906,286.40495544433594,277.7016357421875,True,True,47.23722888694685,True,934905.0,1653436.8333333333,False,12.29207348866692,75
IFF,Basic Materials,24.385448,1.8640136,1.4235754,0.9,3702625024.0,,-16.03418017647059,True,37.292783649471545,78.98999786376953,76.48119857788086,71.3025410079956,True,True,53.80208306428444,True,351309.0,1921090.3,False,12.154639415785914,75
RJF,Financial Services,15.14939,2.1901844,2.6936836,0.9,,0.42,-4.946023686956522,True,37.292783649471545,174.02000427246094,158.13955963134765,157.1920002746582,True,True,62.83727208922609,True,330999.0,1511459.9666666666,False,12.154639415785914,75
EXPE,Consumer Cyclical,25.693907,2.3010364,60.59479,0.91,3478249984.0,,-17.18419202884616,True,37.21213552318753,291.55999755859375,249.08648223876952,246.64652542114257,True,True,62.45344722454342,True,700262.0,1565075.4,False,12.020225871979212,75
CPAY,Technology,23.242514,5.3034487,7.313098,0.91,2095142784.0,0.491,-85.6152922804878,True,37.21213552318753,389.42999267578125,355.43859924316405,320.29489974975587,True,True,70.56187009037808,True,199351.0,675211.7,False,12.020225871979212,75
SYF,Financial Services,7.7789745,2.4906898,1.6755033,0.97,,0.036,-12.316439186956522,True,36.76316657274041,76.05000305175781,73.4738005065918,73.99216037750244,True,True,62.77423695282196,True,1078870.0,3960599.0,False,11.271944287900688,75
COP,Energy,19.892372,2.408048,2.2153952,0.98,5289124864.0,-0.202,-80.95066194285715,True,36.69368328279026,117.38999938964844,113.6734001159668,106.59835399627686,True,True,66.84146463441844,True,2004815.0,7137013.833333333,False,11.156138804650437,75
MDLZ,Consumer Defensive,38.22561,2.02828,3.1251247,1.0,2252375040.0,1.449,11.367523892857143,False,36.55888570028697,62.689998626708984,60.71997756958008,57.77082479476929,True,True,62.46769642189588,True,3701358.0,10289065.266666668,False,10.931476167144957,75
PYPL,Financial Services,10.713611,1.4314888,2.5247238,1.01,4423124992.0,-0.031,-9.381802686956522,True,36.493488853329936,56.8849983215332,46.730851287841794,51.93964879989624,True,True,80.75689782501263,True,5412982.0,18871419.4,False,10.822481422216555,75
KDP,Consumer Defensive,23.092592,2.503272,1.6789637,1.01,-16345499648.0,-0.477,-3.7654941071428603,True,36.493488853329936,31.145000457763672,30.803273162841798,28.221810779571534,True,True,45.84980463619994,True,4496586.0,15292992.866666667,False,10.822481422216555,75
CBRE,Real Estate,33.59039,0.9833347,4.88974,1.02,1686375040.0,-0.042,-20.029308933333333,True,36.429374297489694,148.1649932861328,135.39910018920898,148.00937549591063,True,True,61.44769831479608,True,954045.0,1928528.1666666667,False,10.715623829149495,75
TSN,Consumer Defensive,47.535435,0.38158414,1.174605,1.04,1029000000.0,36.022,20.67734889285714,False,36.30484410249231,60.349998474121094,58.8979500579834,59.21625122070313,True,True,66.32121920077164,True,678209.0,3101253.6333333333,False,10.508073504153856,75
CCL,Consumer Cyclical,12.511261,1.3929188,2.9385316,1.09,1899374976.0,-0.065,-30.36683802884616,True,36.01351199492963,27.834999084472656,27.539300003051757,27.776267719268798,True,True,58.481009398323785,True,7846975.0,21359512.5,False,10.022519991549384,75
BDX,Healthcare,28.486183,2.0446422,1.8831636,1.11,4531250176.0,,-3.824404074074071,True,35.904328069933165,165.4875030517578,150.98851806640624,153.41076446533202,True,True,67.0827905867051,True,625905.0,2420380.1666666665,False,9.840546783221942,75
EOG,Energy,14.1563425,3.2533956,2.4913478,1.12,2864250112.0,0.396,-86.68669144285715,True,35.85119839214471,143.67999267578125,136.42238189697267,121.98461597442628,True,True,66.09171900645178,True,531101.0,3652806.7,False,9.751997320241177,75
BLK,Financial Services,26.256466,6.530956,3.0050976,1.14,,0.197,6.161052313043477,False,35.74773533539876,1098.02001953125,1030.8425842285155,1045.8592050170898,True,True,61.49759582142202,True,251721.0,893167.3666666667,False,9.579558892331269,75
PHM,Consumer Cyclical,13.14709,1.4943247,1.8954701,1.15,1078512896.0,-0.182,-29.73100902884616,True,35.69735332515726,129.58999633789062,124.78729278564452,123.74870162963867,True,True,57.33332439384488,True,512485.0,2025039.5,False,9.495588875262097,75
ABBV,Healthcare,127.10345,7.256847,-68.49482,0.42,20811624448.0,-0.462,94.79286292592593,False,35.68018878300953,257.92999267578125,236.0974090576172,221.35783546447755,True,True,63.94072421698864,False,2323038.0,8060974.6,False,26.13364797168255,50
OXY,Energy,74.89864,2.610333,1.792703,1.16,3033374976.0,3.156,-25.944393942857147,True,35.64783997026475,55.27000045776367,54.74174278259277,49.81986183166504,True,True,58.77581919676955,True,2425885.0,9200469.5,False,9.41306661710791,75
AFL,Financial Services,14.491429,3.563344,2.1606517,1.18,4923125248.0,38.6,-5.603984686956522,True,35.551330888694594,126.62000274658203,119.43260009765625,112.47779838562012,True,True,63.51118474471293,True,524175.0,2234589.1666666665,False,9.252218147824323,75
PSX,Energy,20.772503,0.6260901,2.9514854,1.2,-1134499968.0,-0.568,-80.07053094285715,True,35.458038776510115,209.39500427246094,185.13370086669923,158.2502212524414,True,True,72.59156585911371,True,785466.0,2781535.533333333,False,9.096731294183524,75
A,Healthcare,27.726908,5.3924503,5.4715486,1.22,930625024.0,0.6,-4.58367907407407,True,35.36780542210217,138.24000549316406,130.97750076293946,130.52858264923097,True,True,57.77255339974899,True,738185.0,2293409.5,False,8.946342370170292,75
SOLV,Healthcare,10.597307,1.8147503,3.0235727,1.22,377500000.0,-0.91,-21.71328007407407,True,35.36780542210217,86.81500244140625,78.15469955444335,75.1903750038147,True,True,70.40549525644735,True,312169.0,1207788.9666666666,False,8.946342370170292,75
FDS,Financial Services,17.392221,3.8481739,4.644743,1.22,621161344.0,-0.096,-2.7031926869565233,True,35.36780542210217,265.2149963378906,244.20292694091796,246.0591269683838,True,True,57.78676480528707,True,361214.0,1023757.1333333333,False,8.946342370170292,75
LMT,Industrials,20.627907,1.6746069,14.658464,1.22,5562625024.0,4.438,-14.034815173333328,True,35.36780542210217,560.1099853515625,526.7320666503906,539.8929325866699,True,True,65.5930431570078,True,613697.0,1349826.5666666667,False,8.946342370170292,75
REGN,Healthcare,17.24353,4.9630876,2.2907484,1.23,3273349888.0,-0.072,-15.067057074074071,True,35.32378915165928,710.6787719726562,640.4647766113281,707.2516110229492,True,True,68.52890402695844,True,554262.0,899468.7333333333,False,8.872981919432128,75
J,Industrials,39.399406,1.1935741,4.779971,0.43,512446368.0,,4.73668382666667,False,35.3144589080006,132.9550018310547,125.12158615112304,133.5118478012085,True,False,62.689233565335925,True,263995.0,1071476.5,False,25.52409818000101,50
AVGO,Technology,64.6175,24.442293,21.036625,0.43,27212249088.0,0.854,-44.240306280487786,True,35.3144589080006,387.0,395.4386962890625,364.71774017333985,False,True,44.65595361831326,True,9527431.0,23773391.033333335,False,25.52409818000101,50
SBUX,Consumer Cyclical,81.40909,3.1834435,-14.464934,1.26,-1304087552.0,0.326,38.53099097115385,False,35.19593236608705,107.43000030517578,102.39700012207031,94.06410606384277,True,True,54.10404022674733,False,11905284.0,7317616.133333334,True,8.659887276811753,75
WTW,Financial Services,19.421947,3.1582863,3.9113839,1.27,2052125056.0,0.33,-0.6734666869565231,True,35.154655766020426,333.5,272.9711724853516,296.63965156555173,True,True,77.13155796812741,True,489975.0,619092.5,False,8.59109294336738,75
LH,Healthcare,27.633629,1.8103054,2.9442382,1.3,1142537472.0,0.329,-4.676958074074072,True,35.034636113519014,312.385009765625,272.8207080078125,267.08372940063475,True,True,76.43211901008742,True,556030.0,741861.0,False,8.391060189198356,75
XOM,Energy,26.223906,1.9804987,2.5381696,1.32,11630499840.0,-0.434,-74.61912794285715,True,34.957653811156995,155.61000061035156,146.50999938964844,137.79694877624513,True,True,79.90701800230546,True,3899014.0,16018827.133333333,False,8.262756351928328,75
L,Financial Services,14.74491,1.2880143,1.2750005,1.32,2084000000.0,-0.063,-5.350503686956522,True,34.957653811156995,115.87999725341797,111.31771911621094,107.28234912872314,True,True,52.800498959061535,True,215127.0,854557.5666666667,False,8.262756351928328,75
CDW,Technology,17.525578,0.80253065,7.2072225,1.33,884099968.0,0.077,-91.3322282804878,True,34.920030881431195,144.35000610351562,131.19437713623046,131.79478534698487,True,True,49.95392476288217,True,366511.0,1903587.0333333334,False,8.200051469051996,75
PRU,Financial Services,12.6343975,0.6732583,1.3325948,1.33,10378999808.0,-0.143,-7.461016186956522,True,34.920030881431195,122.72000122070312,110.06800582885742,103.77775745391845,True,True,71.70702404498503,True,630302.0,1789450.0666666667,False,8.200051469051996,75
PCAR,Industrials,27.783157,2.496926,3.5152628,1.35,23981574144.0,0.042,-6.879565173333329,True,34.846457152189636,132.30999755859375,120.5700001525879,115.00593494415283,True,True,63.930878470474276,True,1287800.0,3543893.3333333335,False,8.077428586982727,75
ABNB,Consumer Cyclical,37.174072,7.065322,11.730948,1.36,3191000064.0,0.06,-5.704027028846156,True,34.81048176252372,151.2794952392578,140.76919006347657,132.3795724105835,True,True,54.0889603957841,True,767636.0,3627291.2,False,8.017469604206209,75
BALL,Consumer Cyclical,18.871721,1.2610036,3.0766673,1.37,403500000.0,0.219,-24.006378028846157,True,34.77503156102812,64.83999633789062,59.27376655578613,56.87494701385498,True,True,62.96294784604705,True,396725.0,2487290.8333333335,False,7.958385935046867,75
WAB,Industrials,39.02957,4.094185,4.446112,1.37,1101374976.0,0.189,4.366847826666671,False,34.77503156102812,290.1000061035156,268.33690032958987,241.86109519958495,True,True,67.86199739617729,True,359946.0,997181.5333333333,False,7.958385935046867,75
SWK,Industrials,38.276638,0.9521943,1.6172293,1.39,1468225024.0,2.478,3.6139158266666698,False,34.7056613825619,93.80999755859375,85.25622131347656,76.67766752243043,True,True,62.394677081895416,True,858482.0,1769959.4,False,7.842768970936502,75
CTVA,Basic Materials,48.49189,3.3540075,2.4673395,1.4,2576124928.0,0.121,8.07226182352941,False,34.671719545240926,89.66999816894531,81.9826318359375,74.90882764816284,True,True,65.0112603755908,True,1732785.0,3959782.8333333335,False,7.786199242068214,75
DE,Industrials,33.828426,3.4088511,5.8842473,1.44,1098749952.0,-0.085,-0.8342961733333283,True,34.5406663400294,598.6300048828125,587.3407495117187,544.50703125,True,True,54.481091300492444,True,415852.0,1184388.4,False,7.567777233382329,75
RCL,Consumer Cyclical,19.796972,4.5856395,8.369216,1.46,-1516249984.0,-0.046,-23.081127028846158,True,34.47783261150332,320.9906005859375,291.96203552246095,284.1124047088623,True,True,73.31211198608003,True,882110.0,2626353.6666666665,False,7.463054352505534,75
GEN,Technology,17.146496,3.2227392,6.165827,1.51,1422249984.0,2.652,-91.7113102804878,True,34.328030344818636,27.0,25.53260009765625,24.1021799659729,True,True,58.4234976012207,True,1219285.0,5477756.166666667,False,7.2133839080310596,75
SYK,Healthcare,40.084587,5.2479615,5.771175,1.6,4359875072.0,0.142,7.773999925925928,False,34.08198012178904,347.3800048828125,316.55937133789064,341.73635177612306,True,True,57.85573926089303,True,908357.0,2539761.9,False,6.803300202981731,75
ROP,Technology,15.989996,4.5817227,2.0287387,1.62,2265687552.0,2.33,-92.86781028048779,True,34.031014986429,383.3999938964844,343.83905212402345,382.5119187927246,True,True,58.60881371632262,True,384370.0,1128835.6666666667,False,6.718358310714999,75
BMY,Healthcare,17.949581,2.699062,6.520147,1.64,9851750400.0,0.092,-14.361006074074073,True,33.98129290315091,64.23500061035156,57.58996711730957,54.42763830184936,True,True,73.87870937082019,True,9220143.0,12334788.1,False,6.635488171918186,75
SYY,Consumer Defensive,23.408333,0.48276764,17.541632,1.65,1868375040.0,-0.135,-3.449753107142861,True,33.95688388045076,84.19999694824219,79.72442489624024,77.5671455001831,True,True,51.47643716374034,True,841629.0,3281154.3,False,6.594806467417932,75
MCK,Healthcare,22.630894,0.2521308,-48.0,1.66,5657625088.0,0.372,-9.67969307407407,True,33.932768942361456,866.8400268554688,788.0635522460938,834.2451611328125,True,True,65.79164848637603,True,234083.0,1099852.7666666666,False,6.554614903935755,75
BBY,Consumer Cyclical,16.275925,0.44253036,6.0066977,1.69,1143750016.0,0.379,-26.602174028846157,True,33.862136431389814,88.25,76.84747627258301,69.21687707901,True,True,65.42159820797878,True,749797.0,3580799.9,False,6.436894052316357,75
HAS,Consumer Cyclical,16.675266,2.6662512,20.466259,1.72,721862528.0,,-26.202833028846158,True,33.79396784521951,93.81999969482422,84.68504196166992,86.38994235992432,True,True,77.95336365191574,True,328995.0,2397769.8333333335,False,6.32327974203252,75
MA,Financial Services,33.146324,14.920354,75.646774,1.73,16148124672.0,0.212,13.050910313043477,False,33.77177036725654,573.9949951171875,512.0300994873047,526.2271194458008,True,True,72.9270681937441,True,2344301.0,3513393.3666666667,False,6.28628394542757,75
AMP,Financial Services,13.420528,2.400377,7.48049,1.75,,0.117,-6.674885686956523,True,33.7281364677179,540.0700073242188,481.8615997314453,473.87700744628904,True,True,71.6551529844972,True,119810.0,732570.3333333334,False,6.213560779529842,75
MRSH,Financial Services,23.193777,3.2396662,5.97202,1.76,4785249792.0,0.073,3.0983633130434782,False,33.7066913977742,189.72000122070312,170.25177612304688,175.47055473327637,True,True,62.16402841725371,True,1275950.0,2737108.3333333335,False,6.177818996290334,75
DG,Consumer Defensive,17.937677,0.64851683,3.1588924,1.77,1882562304.0,0.124,-8.92040910714286,True,33.685488645005,126.69000244140625,114.37442596435547,122.07180976867676,True,True,59.173560746387345,True,638272.0,2656542.4,False,6.142481075008334,75
NDAQ,Financial Services,27.542274,9.406233,4.4337544,1.77,1691500032.0,0.141,7.4468603130434765,False,33.685488645005,94.3949966430664,87.90949935913086,88.7315135192871,True,True,64.83437035932512,True,1322709.0,4806290.3,False,6.142481075008334,75
CMG,Consumer Cyclical,35.75926,4.0811315,20.641367,1.8,1087909760.0,-0.179,-7.1188390288461605,True,33.62329390354868,38.53779983520508,32.71635601043701,34.954389057159425,True,True,61.88837512376296,True,19504078.0,18789385.933333334,False,6.038823172581135,75
DRI,Consumer Cyclical,19.800768,1.7922076,10.682652,1.82,790974976.0,0.36,-23.077331028846157,True,33.58296984040667,206.4600067138672,201.87708282470703,193.84395431518556,True,True,52.38096020910563,True,590598.0,1583753.2666666666,False,5.971616400677784,75
MMM,Industrials,31.123665,3.5825093,27.959558,1.83,6350125056.0,0.328,-3.5390571733333296,True,33.563138333943385,175.3000030517578,160.13381713867187,157.94516220092774,True,True,71.14653671765998,True,949292.0,3831083.066666667,False,5.938563889905646,75
TMO,Healthcare,30.59483,4.5541596,4.063256,1.83,6226625024.0,0.094,-1.7157570740740695,True,33.563138333943385,569.5150146484375,501.96712097167966,529.6041972351074,True,True,67.49044086408053,True,741370.0,2285885.6666666665,False,5.938563889905646,75
NDSN,Industrials,31.479155,5.6479063,5.1212783,1.84,574589504.0,0.061,-3.18356717333333,True,33.54352238733296,295.1400146484375,289.7305035400391,267.12942237854,True,True,60.637782662146556,True,68185.0,393556.1666666667,False,5.905870645554943,75
MCHP,Technology,343.93182,8.71756,6.376622,0.28,1139912448.0,,235.0740137195122,False,33.54338109570138,75.5999984741211,89.22233932495118,74.87184141159058,False,True,32.07285729778562,False,3810019.0,11829193.966666667,False,39.23896849283564,25
NTAP,Technology,27.121069,4.880033,25.023937,1.91,1295250048.0,0.234,-81.7367372804878,True,33.41196203336464,173.08999633789062,159.9526254272461,119.88783428192139,True,True,53.77189938910293,True,563998.0,2846179.933333333,False,5.6866033889410685,75
AVY,Consumer Cyclical,19.916666,1.5021697,5.8937616,1.92,809049984.0,0.043,-22.96143302884616,True,33.393950794428505,177.1199951171875,159.9714385986328,170.85465293884278,True,True,67.16166492780562,True,881731.0,762437.7,False,5.6565846573808365,75
IEX,Industrials,33.62302,4.8240976,4.2872343,1.92,578887488.0,0.109,-1.0397021733333318,True,33.393950794428505,233.99000549316406,219.50555419921875,196.05666786193848,True,True,69.32373374860859,True,608176.0,756022.5333333333,False,5.6565846573808365,75
DGX,Healthcare,24.948992,2.2415533,3.435977,1.97,909625024.0,0.15,-7.361595074074071,True,33.30663742801219,234.5500030517578,205.53668853759766,192.34048515319824,True,True,77.66892677926636,True,328230.0,1052457.6666666667,False,5.511062380020316,75
PKG,Consumer Cyclical,31.870298,2.296197,4.742531,1.98,,-0.199,-11.00780102884616,True,33.2897039266466,246.1699981689453,229.05266387939454,215.1687170410156,True,True,66.32269035547526,True,147308.0,708726.9333333333,False,5.482839877744336,75
PAYX,Technology,23.48364,10.293559,10.932502,2.04,,0.434,-85.3741662804878,True,33.191589227557756,115.11499786376953,102.65045104980469,101.1110217666626,True,True,62.494546567537704,True,1496532.0,3679664.4,False,5.319315379262925,75
VRSK,Industrials,30.852306,8.378546,-22.499718,2.05,1014275008.0,-0.034,-3.81041617333333,True,33.17579515404589,200.55999755859375,184.79792022705078,198.59356605529786,True,True,61.25871740577524,True,757719.0,2663357.3,False,5.2929919234098195,75
AMGN,Healthcare,26.586927,5.543828,22.452433,2.06,7436624896.0,0.044,-5.723660074074072,True,33.16015442105356,382.8500061035156,354.55520202636717,340.1885646057129,True,True,63.619820200816335,True,810213.0,2568737.1,False,5.266924035089269,75
EMR,Industrials,34.438515,4.5389624,4.094733,2.08,3272250112.0,0.279,-0.22420717333332618,True,33.12932413005906,148.66000366210938,141.51120025634765,138.76662826538086,True,True,64.0275428699492,True,1063007.0,2720700.2333333334,False,5.215540216765105,75
ALLE,Industrials,20.226377,3.056149,6.1880198,2.26,484449984.0,0.162,-14.43634517333333,True,32.87640661013075,154.4499969482422,136.5616781616211,151.23088146209716,True,True,71.28524223253814,True,355588.0,1420499.6,False,4.794011016884586,75
MSI,Technology,34.22504,5.9454474,27.769976,2.28,1815124992.0,-0.138,-74.6327662804878,True,32.850769746512285,425.239990234375,410.55786193847655,414.14419570922854,True,True,51.411135952398155,True,281400.0,1005300.0,False,4.751282910853813,75
TRV,Financial Services,9.965351,1.5799305,2.3366587,2.36,14775124992.0,0.571,-10.130062686956522,True,32.7525675231602,370.7449951171875,327.3621478271484,297.9799348449707,True,True,64.41674876111801,True,1108179.0,2257415.966666667,False,4.5876125386003395,75
ON,Technology,62.13603,5.4243984,4.535233,0.29,1282174976.0,,-46.721776280487795,True,32.72994740818154,84.5999984741211,105.65119995117188,74.86034999847412,False,True,37.45583360376563,False,3371925.0,12147107.5,False,37.883245680302565,25
ADP,Technology,23.686186,4.790986,16.332726,2.38,4749387264.0,0.105,-85.17162028048779,True,32.72904850328176,260.1600036621094,233.90792419433595,233.0683080291748,True,True,61.22600388456884,True,1125096.0,2766786.533333333,False,4.548414172136272,75
BKR,Energy,19.221865,2.1403806,2.952682,2.43,4415000064.0,-0.042,-81.62116894285714,True,32.67194471016127,59.900001525878906,59.88220024108887,56.21546873092652,True,True,59.08385615148384,True,2815032.0,10133061.066666666,False,4.453241183602117,75
SHW,Basic Materials,31.550323,3.3980749,18.300573,2.53,2506037504.0,0.143,-8.86930517647059,True,32.56450832468556,342.55999755859375,322.33281677246094,331.4210029602051,True,True,54.23963921202031,True,522008.0,2540073.6,False,4.274180541142602,75
DUK,Utilities,19.296467,2.9931502,1.8273063,2.56,-2246500096.0,0.12,-7.849388112903224,True,32.53391413522783,125.77999877929688,125.52580047607422,123.33201210021973,True,True,50.8407934390699,True,1965257.0,3797961.9,False,4.223190225379716,75
ECL,Basic Materials,37.042896,4.6176305,7.714038,2.58,,0.033,-3.3767321764705898,True,32.51391328268828,276.8599853515625,267.48121063232423,269.53377578735353,True,True,52.282890696205435,True,349795.0,1397303.1666666667,False,4.189855471147131,75
TGT,Consumer Defensive,18.958387,0.61275685,3.9757051,2.61,3141250048.0,-0.247,-7.899699107142862,True,32.484486741020895,143.2100067138672,132.2347996520996,112.75647960662842,True,True,64.84002684738519,True,897104.0,4208540.133333334,False,4.140811235034823,75
AWK,Utilities,23.731367,5.137322,2.422725,2.68,-1896625024.0,-0.048,-3.414488112903225,True,32.418386822797885,136.9149932861328,129.0056996154785,130.21421058654786,True,True,65.068958155265,True,1414424.0,2293250.8,False,4.030644704663146,75
AAPL,Technology,40.145454,10.775365,45.619835,2.71,101090746368.0,0.218,-68.71235228048779,True,32.391103619862406,331.95001220703125,309.27100036621096,277.3441311645508,True,True,62.94165033519495,True,26197159.0,59886201.96666667,False,3.9851726997706733,75
PM,Consumer Defensive,26.403845,7.0418773,-32.28418,2.73,9714374656.0,-0.075,-0.4542411071428596,True,32.373247946146385,191.91000366210938,182.87200012207032,167.47355834960936,True,True,59.459464767047535,True,2305912.0,5341523.733333333,False,3.955413243577308,75
CBOE,Financial Services,25.666666,6.558333,5.849696,2.73,1003075008.0,0.544,5.571252313043477,False,32.373247946146385,299.9100036621094,285.33747467041013,277.8843715667725,True,True,73.23409328884857,True,577381.0,1479979.3666666667,False,3.955413243577308,75
VLTO,Industrials,23.86398,4.0549474,7.743359,2.77,,0.101,-10.798742173333327,True,32.338310129705654,95.05500030517578,88.29694747924805,93.6047827911377,True,True,55.405100152167556,True,769582.0,2316622.7333333334,False,3.8971835495094247,75
VRSN,Technology,31.139372,15.196611,-11.514137,2.79,832837504.0,0.077,-77.7184342804878,True,32.32121689693089,287.1400146484375,276.49120056152344,255.7932650756836,True,True,62.15909051292868,True,275880.0,871636.0,False,3.868694828218148,75
MTD,Healthcare,32.13679,6.7675357,-660.7188,2.8,615044352.0,0.067,-0.17379707407407352,True,32.31276185143337,1375.4100341796875,1223.8723999023437,1317.8160485839844,True,True,65.13717183136427,True,56903.0,198776.76666666666,False,3.8546030857222844,75
RTX,Industrials,37.114437,3.038726,4.283276,2.82,9880000512.0,0.287,2.4517148266666737,False,32.29603165502339,211.625,189.5295181274414,186.59767936706544,True,True,68.72687788025145,True,2043362.0,5199705.4,False,3.82671942503898,75
ITW,Industrials,25.606968,4.943028,25.320536,2.87,,0.101,-9.05575417333333,True,32.25522629792587,283.6000061035156,263.79703216552736,259.1379940795898,True,True,61.88716490630107,True,566287.0,1524212.9,False,3.7587104965431153,75
ROST,Consumer Cyclical,34.969276,3.3780684,12.748473,2.88,2047583488.0,0.374,-7.908823028846157,True,32.24723524882761,250.08999633789062,228.39471435546875,201.36236671447753,True,True,77.5237494312299,True,647491.0,2908099.7,False,3.7453920813793418,75
GD,Industrials,23.12027,1.8668016,3.9211645,2.89,4734000128.0,0.134,-11.542452173333327,True,32.23929950110718,379.739990234375,357.91766052246095,346.39886428833006,True,True,54.12988868038754,True,436039.0,1326864.6333333333,False,3.7321658351786393,75
CHD,Consumer Defensive,32.251644,3.7436967,5.548356,3.03,1128824960.0,0.022,5.393557892857139,False,32.133699056193855,97.86019897460938,97.0288038635254,92.61077236175537,True,True,54.22357991109247,True,1523955.0,1887678.5,False,3.556165093656422,75
NWSA,Communication Services,35.42405,1.7217817,1.7937953,3.07,1744000000.0,-0.104,-15.953391799999999,True,32.10529651679883,27.924999237060547,26.617100067138672,25.714909553527832,True,True,53.78838555997551,True,900689.0,5252466.3,False,3.50882752799805,75
WSM,Consumer Cyclical,26.00504,3.469063,14.623741,3.08,885462144.0,0.043,-16.873059028846157,True,32.09831115199632,232.56500244140625,217.52251098632811,196.92695037841796,True,True,61.2669774833964,True,187834.0,1087204.4666666666,False,3.4971852533272,75
ALL,Financial Services,5.8267317,0.9942427,2.2946005,3.13,12428999680.0,3.384,-14.268681986956523,True,32.06405385176676,262.70001220703125,234.20970153808594,212.14033576965332,True,True,57.659902621184436,True,497525.0,1838154.1666666667,False,3.4400897529445986,75
BXP,Real Estate,37.98387,3.9056334,2.176257,3.16,,-0.232,-15.635828933333329,True,32.044019835683144,70.5199966430664,65.2032056427002,62.63365520477295,True,True,61.63521499546075,True,618084.0,1507752.8,False,3.4066997261385707,75
KKR,Financial Services,34.07993,3.6847973,3.1880808,0.55,,,13.984516313043475,False,31.96304332610065,100.72000122070312,95.7831999206543,107.00581809997558,True,False,57.46445040653934,True,1914003.0,4271563.433333334,False,19.938405543501084,50
GRMN,Technology,30.017529,7.3198724,6.22105,3.33,1043656256.0,0.353,-78.8402772804878,True,31.93731212839493,291.9100036621094,241.19086395263673,227.63476837158203,True,True,77.20179560461656,True,483410.0,1038320.3333333334,False,3.2288535473248845,75
TJX,Consumer Cyclical,30.75292,2.835487,16.79095,3.34,4314250240.0,0.293,-12.125179028846159,True,31.93137348177586,158.17999267578125,157.41160003662108,153.7688565826416,True,True,65.86270202327603,True,1507959.0,5487971.966666667,False,3.218955802959769,75
CTAS,Industrials,42.00203,7.3406243,16.08797,3.35,1463799936.0,0.156,7.339307826666669,False,31.925470289763474,206.85499572753906,182.29049926757813,184.24097663879394,True,True,73.36251920283857,True,1082258.0,2400518.6,False,3.209117149605788,75
FAST,Industrials,39.81624,6.109696,13.137338,3.45,916124992.0,0.146,5.153517826666672,False,31.868320546802963,46.599998474121094,45.84048576354981,43.74216386795044,True,True,51.727980021131486,True,2737882.0,8586752.733333332,False,3.1138675780049354,75
NWS,Communication Services,39.936707,1.9411188,2.0223062,3.53,1744000000.0,-0.104,-11.440734800000001,True,31.824932073393846,31.479999542236328,30.26359992980957,29.317888078689574,True,True,53.065770134964566,True,397681.0,1733442.7,False,3.0415534556564126,75
CF,Basic Materials,11.306756,2.6031108,3.6089542,3.59,1076375040.0,1.151,-29.11287217647059,True,31.793659740539784,125.08000183105469,114.90399963378906,102.37563148498535,True,True,61.57119247498377,True,362645.0,2508614.8333333335,False,2.9894329008996428,75
CASY,Consumer Cyclical,44.96766,1.8164775,8.050336,3.68,550939648.0,0.66,2.089560971153844,False,31.74866327247939,864.6400146484375,824.0967993164063,689.8815817260743,True,True,60.45741197759375,True,84261.0,475305.36666666664,False,2.914438787465649,75
HON,Industrials,9.186395,1.9906499,5.572574,3.9,2610374912.0,2.639,-25.47632717333333,True,31.647414809590213,239.24000549316406,233.44956817626954,225.63087211608888,True,True,64.04470114982495,True,771021.0,4680920.166666667,False,2.745691349317023,75
KO,Consumer Defensive,26.40991,7.5490704,11.251919,4.11,5264750080.0,0.169,-0.44817610714286005,True,31.560879958759916,87.97000122070312,81.70585159301758,75.23462108612061,True,True,61.5583087320293,True,7560070.0,19516049.0,False,2.601466597933193,75
HST,Real Estate,16.962584,2.8005602,2.5015047,4.11,1190875008.0,1.053,-36.65711493333333,True,31.560879958759916,24.950000762939453,23.478724517822265,19.27452641963959,True,True,69.62305564718719,True,2384518.0,9468740.6,False,2.601466597933193,75
BF-B,Consumer Defensive,18.663399,3.3357608,3.2582154,4.4,739625024.0,-0.627,-8.194687107142862,True,31.45495905368517,28.610000610351562,26.308806266784668,26.852488660812377,True,True,63.49558535062636,True,718080.0,2838256.0,False,2.424931756141947,75
SPG,Real Estate,63.75,13.116371,15.446224,4.58,2494690560.0,0.164,10.130301066666668,False,31.39596169969157,229.375,217.1638916015625,193.395048828125,True,True,66.43931039996443,True,356716.0,2113020.533333333,False,2.3266028328192823,75
WDAY,Technology,47.72274,3.8394425,5.707739,0.58,3118749952.0,2.48,-61.13506628048779,True,31.341875782903678,153.97000122070312,135.52879898071288,165.94254955291748,True,False,58.05621593697703,True,3667287.0,4908836.233333333,False,18.903126304839464,50
BIIB,Healthcare,36.53641,3.0308437,1.6540023,4.79,1000400000.0,-0.848,4.225822925925925,False,31.33273558615633,206.10000610351562,200.23580078125,183.0473503112793,True,True,54.330225674162776,True,327252.0,1431928.4,False,2.221225976927212,75
NUE,Basic Materials,20.579872,1.6254324,2.7352734,5.21,669000000.0,0.938,-19.839756176470587,True,31.221574127426422,258.1199951171875,241.6917837524414,189.87296615600587,True,True,73.98970335236258,True,388234.0,1650064.4666666666,False,2.0359568790440337,75
WRB,Financial Services,15.045268,1.8213999,2.9285486,5.22,,0.15,-5.050145686956522,True,31.219145449323353,73.05999755859375,69.40899253845215,69.0699725151062,True,True,52.69348435288538,True,381031.0,2072154.3666666667,False,2.03190908220559,75
EXR,Real Estate,32.880047,9.219712,2.3051229,6.4,,0.062,-20.739651933333334,True,30.98584814866662,146.91000366210938,145.5815380859375,138.23828647613524,True,True,55.44079100299942,True,563447.0,1257754.9,False,1.6430802477777,75
BRK-B,Financial Services,15.040179,2.9035254,0.0009995857,10.06,61228249088.0,1.196,-5.055234686956522,True,30.61037289944104,505.25,490.66720092773437,490.2745001220703,True,True,61.33151937766138,True,1707171.0,4620725.7,False,1.0172881657350639,75
STLD,Basic Materials,23.029919,1.7726655,3.8832073,11.95,234191248.0,0.836,-17.38970917647059,True,30.506530646551433,254.38999938964844,247.5890090942383,197.17575721740724,True,True,74.248386499309,True,298357.0,1334558.5666666667,False,0.8442177442523898,75
MRK,Healthcare,36.304226,4.8399067,6.9379845,12.11,14049250304.0,,3.9936389259259286,False,30.499227901858774,129.13999938964844,122.22042922973633,110.1409167098999,True,True,61.40992522643324,True,2746052.0,10102608.4,False,0.8320465030979582,75
INCY,Healthcare,15.566878,4.2562995,4.6931405,12.21,1180664576.0,0.377,-16.74370907407407,True,30.49476087692648,122.12999725341797,108.63779998779297,101.079700050354,True,True,58.36936760327494,True,830772.0,1980905.7333333334,False,0.8246014615441366,75
DLR,Real Estate,94.13659,10.746189,2.6740384,14.38,,-0.588,40.516891066666666,False,30.413128326100164,193.10000610351562,184.70037506103515,174.2119432067871,True,True,61.36485631106383,True,1182560.0,3772408.6666666665,False,0.6885472101669403,75
IT,Technology,14.870554,1.556283,161.1242,0.64,1064192896.0,0.173,-93.9872522804878,True,30.274244068033873,150.50999450683594,145.5861994934082,184.54844974517823,True,False,59.86293400426724,True,799375.0,1415475.8333333333,False,17.123740113389793,50
HPQ,Technology,9.857408,0.42391664,-169.5223,21.83,3450874880.0,0.162,-99.00039828048779,True,30.256373170116017,26.690000534057617,24.41313819885254,22.00903241157532,True,True,61.90935663694612,True,8111030.0,15720641.0,False,0.42728861686003006,75
BA,Industrials,78.89928,1.8430033,28.426645,26.48,5625375232.0,,44.236557826666676,False,30.20324077177465,219.8000030517578,218.85859924316406,218.3687003326416,True,True,47.65151933314472,True,2117175.0,5655815.833333333,False,0.33873461962441503,75
AIG,Financial Services,13.776409,1.5538232,1.0320495,0.65,9517249536.0,0.216,-6.319004686956523,True,30.115468069412213,78.13739776611328,76.7570378112793,76.77960632324219,True,True,46.80360843075583,False,1175787.0,4073662.9,False,16.859113449020356,50
ADBE,Technology,14.053173,3.8773522,8.514566,0.65,9218374656.0,0.079,-94.80463328048779,True,30.115468069412213,246.49000549316406,228.39920013427735,276.8845500946045,True,False,59.02805543565023,True,3675467.0,6572692.233333333,False,16.859113449020356,50
FANG,Energy,1638.6667,3.8258145,1.5166637,56.78,1397250048.0,-0.984,1537.8236660571429,False,30.070131764928757,196.4600067138672,191.8152005004883,172.1172077178955,True,True,62.38393261961822,True,344714.0,2172170.466666667,False,0.1168862748812628,75
COR,Healthcare,23.8951,0.18472882,17.870356,0.66,-318246112.0,1.283,-8.415487074074072,True,29.961503464688178,312.2799987792969,287.55160034179687,323.6854193878174,True,False,57.703032665736636,True,294768.0,1518908.9333333333,False,16.602505774480296,50
RVTY,Healthcare,54.376812,4.326467,1.74932,0.68,508969248.0,0.035,22.06622492592593,False,29.667159367421636,112.80000305175781,105.6240495300293,98.68111694335937,True,True,51.176808559417765,False,593693.0,1466166.4333333333,False,16.11193227903606,50
GDDY,Technology,15.695722,2.610401,55.360535,0.68,1347612544.0,0.06,-93.16208428048779,True,29.667159367421636,99.2699966430664,87.12499954223632,100.83980007171631,True,False,62.882749454385156,True,597108.0,2091420.2666666666,False,16.11193227903606,50
DELL,Technology,784.13464,1.9661242,-188.51132,0.7,5434124800.0,2.825,675.2768337195122,False,29.38963493285604,407.55999755859375,395.0968069458008,212.2848826599121,True,True,45.46503299587897,False,3191053.0,7378501.766666667,False,15.649391554760072,50
CRM,Technology,20.74971,3.424276,4.2838693,0.72,16552999936.0,0.522,-88.10809628048779,True,29.127528522432982,179.0449981689453,170.7483218383789,204.47511894226074,True,False,59.78226676829702,True,5877286.0,15175302.866666667,False,15.212547537388302,50
DVA,Healthcare,23.19634,1.1181155,-21.113447,0.73,999662976.0,0.435,-9.114247074074072,True,29.001861065380826,240.9550018310547,215.9963003540039,156.07837497711182,True,True,62.64537139742041,False,88524.0,747300.8,False,15.003101775634711,50
CTSH,Technology,11.416309,1.1627206,1.6971321,0.77,2197499904.0,0.038,-97.4414972804878,True,28.53183213510784,53.33000183105469,47.47280006408691,63.533825721740726,True,False,74.65627526230843,True,4797314.0,12887997.133333333,False,14.219720225179733,50
STT,Financial Services,15.919753,3.3010755,2.0748665,0.78,,-0.241,-4.1756606869565225,True,28.42185741744781,180.9600067138672,170.1497311401367,138.19380241394043,True,True,51.0946825833579,False,789145.0,2639578.1666666665,False,14.036429029079688,50
INTU,Technology,18.862112,4.0412884,4.1102176,0.79,5232000000.0,0.107,-89.9956942804878,True,28.31466686985513,309.80999755859375,292.66805755615235,465.2793549346924,True,False,63.04363767364732,True,2245341.0,4915611.366666666,False,13.857778116425216,50
LUV,Industrials,28.059376,0.73032296,3.1013403,0.36,-834750016.0,0.205,-6.603346173333328,True,28.301252887240146,45.02000045776367,46.026946487426756,41.43209978103638,False,True,36.731512588951496,False,1444622.0,6172647.4,False,30.502088145400247,25
HWM,Industrials,64.00868,12.800722,20.033216,0.8,1192749952.0,0.714,29.34595782666667,False,28.210156085952264,276.2300109863281,268.72880187988284,235.6981170654297,True,True,54.86262663262581,False,563277.0,2939665.9,False,13.683593476587108,50
AES,Utilities,7.7239585,0.84697115,2.3927073,0.81,-2964999936.0,9.511,-19.421896612903225,True,28.108225815232185,14.824999809265137,14.707499980926514,14.328440136909485,True,True,58.49059998848391,False,3067173.0,7860422.433333334,False,13.513709692053641,50
CHTR,Communication Services,3.6302366,0.34566525,0.98162144,0.83,2198374912.0,0.161,-47.747205199999996,True,27.91173372709709,139.08999633789062,136.1461994934082,192.8607501602173,True,False,58.29365240353205,True,1564434.0,3846314.466666667,False,13.186222878495151,50
AJG,Financial Services,41.591427,4.651577,2.7773757,0.83,1080225024.0,0.162,21.49601331304348,False,27.91173372709709,255.69009399414062,229.41450042724608,234.12629531860352,True,True,51.558813369788595,False,498859.0,1692795.3,False,13.186222878495151,50
HPE,Technology,43.616817,1.5930448,2.4417934,0.85,3836000000.0,,-65.2409892804878,True,27.724488325462474,46.43000030517578,45.5897998046875,29.156316566467286,True,True,44.81572292736328,False,6696989.0,20053096.3,False,12.874147209104123,50
ADSK,Technology,33.015514,6.5838394,15.487627,0.87,3060999936.0,2.314,-75.84229228048778,True,27.545851907811056,234.2050018310547,216.06950042724608,254.20167472839356,True,False,64.28531771180336,True,975398.0,2797303.2666666666,False,12.576419846351758,50
VEEV,Healthcare,35.633217,9.8181505,4.4752164,0.88,1259549056.0,0.146,3.3226299259259306,False,27.459578637922586,200.58999633789062,177.2314010620117,204.2756506347656,True,False,57.25169751116244,True,610724.0,2096584.1333333333,False,12.432631063204312,50
TEL,Technology,20.210785,3.0934308,4.5124216,0.89,2336875008.0,0.192,-88.64702128048779,True,27.375244093200152,206.91000366210938,205.58959197998047,218.7895541381836,True,False,57.05059578266096,True,1211920.0,2646027.3333333335,False,12.29207348866692,50
ALGN,Healthcare,30.11111,3.0327365,2.9934933,0.93,532954624.0,0.239,-2.1994770740740712,True,27.05604237554104,174.52000427246094,173.4942007446289,166.5135496520996,True,True,44.37600089122836,False,687835.0,1036524.5,False,11.760070625901733,50
NOW,Technology,67.8875,7.6227326,9.551531,0.93,5149374976.0,-0.219,-40.97030628048779,True,27.05604237554104,108.47000122070312,105.40340057373047,125.27751998901367,True,False,50.66784017209982,True,17363694.0,24685246.466666665,False,11.760070625901733,50
TECH,Healthcare,103.042854,9.281897,5.4139457,0.96,299849376.0,1.286,70.73226692592593,False,26.83409743123119,72.13500213623047,61.81270011901856,59.4428590965271,True,True,66.60033308357121,False,2237657.0,6810651.9,False,11.390162385385317,50
EG,Financial Services,7.890086,0.8520094,0.9826338,0.97,3993250048.0,2.307,-12.205327686956522,True,26.763166572740413,373.614990234375,354.7189880371094,334.79673370361326,True,True,51.52168544438736,False,305458.0,418528.6,False,11.271944287900688,50
HII,Industrials,19.717024,0.9305747,2.321549,1.02,634124992.0,0.0,-14.94569817333333,True,26.429374297489698,307.1199951171875,291.8109893798828,344.9965789794922,True,False,60.89524572647884,True,526396.0,514376.5333333333,False,10.715623829149495,50
PTC,Technology,13.218234,5.250788,4.07792,1.04,986047232.0,2.689,-95.6395722804878,True,26.304844102492314,135.72999572753906,127.11400024414063,154.43255073547363,True,False,61.85544966943393,True,1318231.0,1850001.0333333334,False,10.508073504153856,50
BR,Technology,16.222458,2.3958387,6.225834,1.05,1187662464.0,0.151,-92.63534828048779,True,26.244358007779297,151.97999572753906,146.65342376708983,182.0740259552002,True,False,54.7886985760942,True,334260.0,1339275.3333333333,False,10.407263346298832,50
ACGL,Financial Services,7.8552427,1.7800015,1.510669,1.05,5318125056.0,-0.071,-12.240170986956523,True,26.244358007779297,100.13999938964844,96.39699981689454,94.72319984436035,True,True,48.308827654298824,False,756374.0,2005562.4666666666,False,10.407263346298832,50
PFG,Financial Services,16.192308,1.5544046,2.0823638,1.06,,0.028,-3.903105686956522,True,26.185013160136343,113.58000183105469,108.51436141967774,93.67105907440185,True,True,53.7900034741395,False,332922.0,1635700.7333333334,False,10.308355266893903,50
BAC,Financial Services,14.220554,3.7929218,1.5651213,1.07,,0.36,-5.874859686956523,True,26.12677756198204,61.57500076293945,56.95485549926758,53.08234477996826,True,True,61.386743644642664,False,10158996.0,35367426.53333333,False,10.21129593663673,50
SCHW,Financial Services,18.905455,6.948523,3.6009145,1.07,,0.426,-1.1899586869565226,True,26.12677756198204,104.16999816894531,94.89199966430664,95.08259769439697,True,True,53.21492294229748,False,2037158.0,10012461.933333334,False,10.21129593663673,50
UHS,Healthcare,6.611837,0.54135036,1.3595468,1.11,497965120.0,0.101,-25.69875007407407,True,25.904328069933165,161.85000610351562,151.11906341552734,191.5281423187256,True,False,56.282510403023664,True,441392.0,979489.7333333333,False,9.840546783221942,50
ACN,Technology,12.935303,1.3557211,3.107193,1.12,12089380864.0,0.09,-95.92250328048779,True,25.851198392144706,162.16000366210938,153.2821629333496,207.80335330963135,True,False,68.98351650124654,True,4158208.0,11799193.6,False,9.751997320241177,50
LVS,Consumer Cyclical,19.24031,2.3436027,55.34002,1.13,2212875008.0,-0.198,-23.637789028846157,True,25.79900906263569,49.58250045776367,48.22185005187988,55.433946208953856,True,False,66.98972261732231,True,2957870.0,5068279.0,False,9.665015104392817,50
PCG,Utilities,12.579137,1.4904357,1.191401,1.13,-6150125056.0,0.398,-14.566718112903224,True,25.79900906263569,17.530000686645508,16.948128662109376,16.61897756576538,True,True,56.16438982521644,False,18461744.0,19211668.133333333,False,9.665015104392817,50
NTRS,Financial Services,15.57732,2.451362,2.7723923,1.21,,0.986,-4.518093686956522,True,25.412549234205287,181.22000122070312,175.427314453125,149.77894596099853,True,True,46.96060544658293,False,194337.0,1086081.2333333334,False,9.020915390342141,50
RMD,Healthcare,19.925266,5.412318,4.61639,1.21,1446655104.0,0.105,-12.38532107407407,True,25.412549234205287,207.10000610351562,199.12860076904298,231.46627304077148,True,False,52.64451630344889,True,364078.0,1512339.2666666666,False,9.020915390342141,50
ARES,Financial Services,57.009212,6.9054914,10.871781,1.21,1757137152.0,7.705,36.91379831304347,False,25.412549234205287,123.94499969482422,123.14956481933594,131.9434727859497,True,False,54.22187556104045,True,1127333.0,2314114.433333333,False,9.020915390342141,50
APH,Technology,39.2625,6.659693,13.812665,1.23,3762800128.0,0.593,-69.59530628048779,True,25.323789151659277,156.88499450683594,152.93392181396484,141.54136737823487,True,True,47.71557122018156,False,4989358.0,7662151.933333334,False,8.872981919432128,50
HCA,Healthcare,13.310992,1.1294883,-13.325282,1.26,3738125056.0,0.116,-18.999595074074072,True,25.195932366087053,396.7850036621094,386.83183044433594,456.0040788269043,True,False,46.776050881581355,True,516179.0,1705905.9666666666,False,8.659887276811753,50
TFC,Financial Services,11.943679,3.3355885,1.0815398,1.3,,0.367,-8.151734686956523,True,25.034636113519014,52.0,50.11099983215332,48.08028106689453,True,True,52.09658015175413,False,3529576.0,8885392.533333333,False,8.391060189198356,50
GL,Financial Services,11.97274,2.2580082,2.3050141,1.3,,0.197,-8.122673686956523,True,25.034636113519014,180.39999389648438,169.77466644287108,147.78615180969237,True,True,52.12871201030416,False,215961.0,717718.7,False,8.391060189198356,50
EA,Communication Services,59.646725,6.9708314,7.76011,1.3,2219124992.0,0.853,8.269283200000004,False,25.034636113519014,209.39500427246094,204.76506896972657,202.44372261047363,True,True,85.66298050454117,False,1991004.0,2430543.466666667,False,8.391060189198356,50
WDC,Technology,31.653917,15.499135,25.320105,0.44,2075000064.0,4.829,-77.2038892804878,True,24.96535311821936,523.1010131835938,559.2824658203125,329.5336302947998,False,True,42.17519657383262,False,5240554.0,9173865.133333333,False,24.942255197032267,25
BNY,Financial Services,18.137691,4.9248967,2.6425936,1.32,,0.269,-1.9577226869565223,True,24.957653811156995,155.72000122070312,147.04587310791015,125.08261936187745,True,True,57.099896839021625,False,631754.0,4276691.8,False,8.262756351928328,50
GPC,Consumer Cyclical,496.72,0.6828231,3.7824006,1.32,917241984.0,-0.098,453.84190097115385,False,24.957653811156995,124.19999694824219,111.72703369140625,117.35661964416504,True,True,47.85497603655472,False,308801.0,2085190.0333333334,False,8.262756351928328,50
UNH,Healthcare,31.891647,0.85510576,3.6741593,1.34,22759749632.0,0.615,-0.4189400740740723,True,24.882969487969962,423.9849853515625,408.9114050292969,341.17845794677737,True,True,49.61950403865523,False,1446181.0,6015536.033333333,False,8.138282479949938,50
DXCM,Healthcare,31.553648,5.888329,9.595406,1.37,1056637504.0,0.922,-0.7569390740740722,True,24.775031561028122,73.91500091552734,72.79030029296875,67.65192502975464,True,True,47.79023333793668,False,2009380.0,4587312.666666667,False,7.958385935046867,50
TDY,Technology,30.94334,4.644106,2.7655005,1.4,912675008.0,0.212,-77.9144662804878,True,24.67171954524093,639.9199829101562,628.88,598.2736483764648,True,True,52.82438295707513,False,234853.0,411388.43333333335,False,7.786199242068214,50
CAH,Healthcare,34.525955,0.2112369,-18.765663,1.42,4849999872.0,-0.195,2.215367925925932,False,24.605270032739305,226.1649932861328,220.8088363647461,207.48394874572753,True,True,39.0048964638198,False,425199.0,2315536.6333333333,False,7.675450054565512,50
PODD,Healthcare,38.08411,3.8920786,8.667447,1.46,253375008.0,1.59,5.773522925925931,False,24.47783261150332,163.44000244140625,155.06499938964845,232.8828508758545,True,False,52.62646585805899,True,417490.0,1436809.6666666667,False,7.463054352505534,50
BRO,Financial Services,22.646965,3.5597863,1.886293,1.51,1642749952.0,0.071,2.551551313043479,False,24.328030344818636,70.55999755859375,63.14260032653809,70.78594007492066,True,False,55.96215670872034,True,1700538.0,3030844.6,False,7.2133839080310596,50
MPC,Energy,20.640882,0.6732993,5.4835863,1.55,3518749952.0,,-80.20215194285714,True,24.21514708837495,313.2699890136719,272.9457977294922,220.01652000427245,True,True,70.6186056878295,False,770794.0,2226559.8,False,7.0252451472915824,50
BX,Financial Services,28.58408,10.247731,11.312894,1.56,,0.573,8.488666313043478,False,24.187830787536814,127.7300033569336,121.17100051879883,130.47540771484375,True,False,57.14727253710401,True,2157904.0,5197283.466666667,False,6.979717979228023,50
TRMB,Technology,29.471205,3.559336,2.3136046,1.56,370112512.0,0.556,-79.3866012804878,True,24.187830787536814,56.290000915527344,53.07740013122559,67.43409990310668,True,False,59.42423131036226,True,609417.0,2993680.566666667,False,6.979717979228023,50
DDOG,Technology,669.1125,25.945032,23.879816,1.57,936726528.0,1.04,560.2546937195121,False,24.160862465053306,266.6860046386719,243.78072052001954,166.7323802947998,True,True,56.281070441143676,False,1727054.0,4239775.133333334,False,6.9347707750888405,50
DLTR,Consumer Defensive,20.587479,1.2481486,7.0729012,1.57,1443624960.0,0.095,-6.270607107142862,True,24.160862465053306,128.39999389648438,115.82600006103516,113.30314987182618,True,True,55.68217671688838,False,299579.0,3454005.966666667,False,6.9347707750888405,50
CSCO,Technology,37.751667,7.3484206,9.132731,1.59,9288375296.0,0.371,-71.1061392804878,True,24.107943492632835,113.5199966430664,117.37942794799805,88.62170021057129,False,True,33.89829973907402,True,6947643.0,23399251.433333334,False,6.846572487721388,50
V,Financial Services,30.863096,14.987669,19.469479,1.59,20404000768.0,0.104,10.767682313043476,False,24.107943492632835,363.2300109863281,339.6596014404297,329.3260202026367,True,True,61.57843927261338,False,3809923.0,8815280.766666668,False,6.846572487721388,50
TYL,Technology,41.942764,5.5085864,3.8026078,1.6,544489280.0,0.022,-66.9150422804878,True,24.081980121789037,320.2749938964844,305.2461004638672,376.64887435913084,True,False,54.04351953207519,True,824019.0,835200.6333333333,False,6.803300202981731,50
KVUE,Consumer Defensive,22.934525,2.4188442,3.4868777,1.61,1858000000.0,0.469,-3.9235611071428593,True,24.05633927729113,19.23390007019043,18.485277938842774,17.257057337760926,True,True,45.87925090877037,False,7831581.0,20528846.033333335,False,6.760565462151884,50
VRTX,Healthcare,28.187906,9.878221,6.2422714,1.62,2783225088.0,0.614,-4.12268107407407,True,24.031014986429,475.510009765625,467.3223992919922,452.5549998474121,True,True,42.73101700379988,False,371238.0,1794524.6,False,6.718358310714999,50
T,Communication Services,7.6650167,1.2507695,1.4464998,1.63,10142000128.0,0.062,-43.7124251,True,24.00600142306211,23.21419906616211,22.66439640045166,24.64448205947876,True,False,67.32270919618911,True,22271098.0,83186689.93333334,False,6.676669038436847,50
AOS,Industrials,15.848001,2.148838,4.361835,1.63,495612512.0,-0.105,-18.81472117333333,True,24.00600142306211,59.70500183105469,59.31550010681153,65.4799500656128,True,False,47.45058427170268,True,1048611.0,1831500.3666666667,False,6.676669038436847,50
CL,Consumer Defensive,35.430237,3.517447,505.02765,1.64,3319500032.0,-0.059,8.572150892857138,False,23.981292903150912,91.36000061035156,90.42732299804688,84.99567562103272,True,True,48.98265158769637,False,1702587.0,4813239.566666666,False,6.635488171918186,50
WFC,Financial Services,12.789157,3.092983,1.5964206,1.65,,0.25,-7.306256686956523,True,23.95688388045076,84.87000274658203,83.18520034790039,84.20971363067628,True,True,42.77600774397144,False,4084168.0,16506222.266666668,False,6.594806467417932,50
CFG,Financial Services,15.51416,3.6881359,1.2503731,1.65,,0.413,-4.581253686956522,True,23.95688388045076,71.15499877929688,67.97630004882812,60.86286195755005,True,True,53.10950689875997,False,1229729.0,4916860.966666667,False,6.594806467417932,50
MDT,Healthcare,22.860588,3.0015798,2.2068946,1.66,4625375232.0,0.183,-9.449999074074071,True,23.932768942361452,85.54000091552734,80.30597885131836,88.81852359771729,True,False,54.555368254562865,True,2832117.0,8571737.233333332,False,6.554614903935755,50
WAT,Healthcare,47.881042,9.800783,2.4159217,1.66,-502370624.0,,15.57045492592593,False,23.932768942361452,376.510009765625,367.05860229492185,354.1622508239746,True,True,50.045495305411954,False,243763.0,887685.4333333333,False,6.554614903935755,50
ULTA,Consumer Cyclical,19.174728,1.7299157,8.056558,1.67,973080128.0,0.155,-23.703371028846156,True,23.90894280592591,511.9100036621094,478.36359619140626,554.8871995544433,True,False,75.03224003975049,True,169217.0,663920.5666666667,False,6.514904676543183,50
LLY,Healthcare,41.290173,14.366429,33.33534,1.67,9156599808.0,1.699,8.979585925925932,False,23.90894280592591,1164.739990234375,1144.9698059082032,1021.0864218139649,True,True,45.21861756432196,False,1311507.0,2748093.566666667,False,6.514904676543183,50
MTB,Financial Services,13.142858,3.809264,1.4111551,1.67,,0.255,-6.952555686956522,True,23.90894280592591,248.51499938964844,232.2940594482422,210.6988540649414,True,True,57.89945863181068,False,249970.0,1195735.6666666667,False,6.514904676543183,50
KEY,Financial Services,13.143274,3.2687542,1.3928484,1.68,,0.253,-6.952139686956523,True,23.885400313971743,22.4950008392334,22.463791809082032,20.508315057754515,True,True,38.6138774127165,False,4416675.0,11091645.833333334,False,6.475667189952904,50
WYNN,Consumer Cyclical,28.90258,1.435228,-48.682434,1.68,356894624.0,0.509,-13.975519028846158,True,23.885400313971743,100.63999938964844,100.29719985961914,109.76002868652344,True,False,52.48999377681701,True,563753.0,1443698.4333333333,False,6.475667189952904,50
VTR,Real Estate,165.90909,7.2573357,3.3795044,1.72,1483115264.0,0.1,112.28939106666667,False,23.793967845219512,90.94000244140625,88.62235534667968,81.87005935668945,True,True,50.68093096436152,False,2594566.0,3900898.8666666667,False,6.32327974203252,50
DD,Basic Materials,121.6087,2.7294688,1.3608587,1.72,-124750000.0,,81.18907182352942,False,23.793967845219512,139.67250061035156,139.91664978027345,131.86427478790284,False,True,62.48594711306192,True,278752.0,1394967.3,False,6.32327974203252,50
GEHC,Healthcare,15.831797,1.4898524,2.929814,1.72,1483624960.0,-0.309,-16.47879007407407,True,23.793967845219512,68.91000366210938,63.863111419677736,73.02558710098266,True,False,57.360300906427184,True,2763178.0,5747739.266666667,False,6.32327974203252,50
DPZ,Consumer Cyclical,19.746033,2.2918565,-2.8923507,1.72,531496512.0,0.068,-23.132066028846157,True,23.793967845219512,349.3699951171875,313.19697143554686,369.454814453125,True,False,73.89637240591298,True,286931.0,1070967.7,False,6.32327974203252,50
MPWR,Technology,95.59579,22.219725,17.867058,1.74,491719136.0,0.395,-13.2620162804878,True,23.749828032718433,1332.3499755859375,1445.6147729492188,1205.4368560791015,False,True,48.15898049611582,True,550283.0,1089869.4333333333,False,6.249713387864057,50
FE,Utilities,103.85107,1.8056554,2.183502,1.75,-2007124992.0,0.083,76.70521488709679,False,23.728136467717906,48.86000061035156,47.440599822998045,46.90471477508545,True,True,57.389946726262245,False,2892195.0,4229696.5,False,6.213560779529842,50
URI,Industrials,25.510223,3.9214394,7.1668196,1.76,1706249984.0,0.255,-9.152499173333329,True,23.7066913977742,1061.5400390625,1058.0078051757812,900.5352011108398,True,True,45.19238567485887,False,125604.0,502193.4666666667,False,6.177818996290334,50
EBAY,Consumer Cyclical,26.494118,4.3083763,11.382936,1.77,1200375040.0,0.071,-16.383981028846158,True,23.685488645005,112.63999938964844,111.57495101928711,96.08196296691895,True,True,41.79856644241372,False,904668.0,3383395.6,False,6.142481075008334,50
EFX,Industrials,30.731108,3.1877427,4.6946063,1.77,947537472.0,0.007,-3.9316141733333296,True,23.685488645005,175.41000366210938,167.33223541259767,191.2872515106201,True,False,55.94748759123201,True,504424.0,1926894.1333333333,False,6.142481075008334,50
STE,Healthcare,28.909319,3.7686677,3.1250339,1.77,837287488.0,0.522,-3.4012680740740713,True,23.685488645005,231.05999755859375,212.90727478027344,233.71564491271974,True,False,62.47514380317886,True,280718.0,788897.2666666667,False,6.142481075008334,50
SLB,Energy,23.834146,1.9938471,2.6604955,1.77,,-0.297,-77.00888794285714,True,23.685488645005,48.834999084472656,50.93326240539551,46.32711812019348,False,True,54.38239632892955,True,4328419.0,15603317.3,False,6.142481075008334,50
JPM,Financial Services,15.002434,4.995421,2.6326191,1.79,,0.469,-5.092979686956523,True,23.643793846263332,350.2950134277344,325.67468688964846,309.05498428344725,True,True,61.719082253823686,False,2476351.0,10034268.366666667,False,6.072989743772222,50
HRL,Consumer Defensive,29.347057,1.1234515,1.7268951,1.83,471169760.0,-0.051,2.4889708928571395,False,23.56313833394339,24.979999542236328,24.03763889312744,22.767267122268677,True,True,55.72424442885034,False,1625874.0,4002355.8,False,5.938563889905646,50
HSIC,Healthcare,25.619337,0.7217679,2.9709563,1.84,290124992.0,0.045,-6.69125007407407,True,23.543522387332967,85.02999877929688,81.53539993286132,76.16004999160766,True,True,52.76072142841382,False,325809.0,1325360.3,False,5.905870645554943,50
JCI,Industrials,40.106743,3.4851892,6.444304,1.9,3141750016.0,0.154,5.444020826666673,False,23.43016286428958,142.7100067138672,141.7455926513672,129.99997756958007,True,True,49.74466118608444,False,1898394.0,4442179.8,False,5.7169381071493035,50
RF,Financial Services,12.49187,3.6231492,1.507481,1.9,,0.085,-7.603543686956522,True,23.43016286428958,30.759899139404297,29.512761650085448,27.245398359298704,True,True,47.32411965640227,False,1733564.0,10563368.8,False,5.7169381071493035,50
YUM,Consumer Cyclical,25.31129,5.097011,-5.947021,1.95,1261500032.0,0.722,-17.56680902884616,True,23.341025461554615,156.8699951171875,153.63776306152343,153.14568519592285,True,True,38.383844289169666,False,1303366.0,2666725.533333333,False,5.568375769257691,50
NEE,Utilities,19.594383,6.3363886,3.292738,1.95,-17766875136.0,0.531,-7.551472112903223,True,23.341025461554615,87.33999633789062,87.27032562255859,86.81560272216797,True,True,46.51683909952586,False,3431312.0,11115800.4,False,5.568375769257691,50
PNC,Financial Services,13.688871,4.0785956,1.5514181,1.96,,0.251,-6.406542686956522,True,23.32374372020804,248.66000366210938,237.0245327758789,213.12344688415527,True,True,47.163961121641464,False,394323.0,2193160.7666666666,False,5.539572867013398,50
MOS,Basic Materials,161.57143,0.5784377,0.60909605,2.02,-289787488.0,,121.15180182352941,False,23.223646505477873,22.65999984741211,22.148092575073242,24.74779028892517,True,False,59.9653305645386,True,1776742.0,8513674.733333332,False,5.372744175796456,50
ROK,Industrials,49.063213,5.9840713,14.958296,2.03,974499968.0,0.396,14.400490826666669,False,23.207538907705203,473.1400146484375,462.52840087890627,409.0382977294922,True,True,50.526978645256214,False,209480.0,839432.6666666666,False,5.345898179508672,50
FITB,Financial Services,18.97643,5.072417,1.5847486,2.07,,-0.057,-1.118983686956522,True,23.144664806254394,56.46500015258789,54.14745018005371,48.46171770095825,True,True,46.2769206499596,False,2004492.0,6831793.066666666,False,5.241108010423989,50
JKHY,Technology,21.58799,4.3655334,5.155943,2.07,373407744.0,0.125,-87.26981628048779,True,23.144664806254394,154.80499267578125,139.71489715576172,158.40018226623536,True,False,54.85020738890635,True,286887.0,1425339.5666666667,False,5.241108010423989,50
ABT,Healthcare,34.127834,3.9429624,3.5282211,2.11,7209124864.0,-0.475,1.8172469259259287,False,23.084174556991293,105.44999694824219,92.4776057434082,107.08076473236083,True,False,69.56842639974535,True,2929573.0,13672555.766666668,False,5.14029092831882,50
USB,Financial Services,12.541915,3.5825949,1.614839,2.12,,0.216,-7.553498686956523,True,23.069408658881077,62.869998931884766,59.141402130126956,53.74576051712036,True,True,52.49999378038799,False,2065980.0,9179566.0,False,5.115681098135129,50
AIZ,Financial Services,14.431282,1.0594815,2.3815005,2.16,2029737472.0,0.912,-5.664131686956523,True,23.011712279228203,281.8500061035156,265.509528503418,235.74721923828125,True,True,55.42123825546495,False,151088.0,362052.93333333335,False,5.019520465380337,50
APD,Basic Materials,31.388187,5.3162227,4.2339215,2.17,-3519237376.0,,-9.03144117647059,True,22.997620536732338,298.4200134277344,288.322529296875,273.0690535736084,True,True,48.425552692819146,False,723878.0,1429515.9333333333,False,4.996034227887232,50
ANET,Technology,57.917522,21.856085,15.735224,2.18,4362237440.0,0.25,-50.940284280487795,True,22.98365807627772,168.30999755859375,165.75220001220703,145.66759967803955,True,True,33.996912630588,False,3180578.0,7839382.6,False,4.972763460462869,50
GWW,Industrials,36.21582,3.4638238,16.202787,2.19,1152125056.0,0.182,1.5530978266666722,False,22.969823126877486,1350.699951171875,1328.9942016601562,1128.6546017456055,True,True,43.996158327445265,False,66190.0,327586.3333333333,False,4.949705211462476,50
CINF,Financial Services,8.2376,1.9180907,1.6046634,2.19,2984875008.0,0.855,-11.857813686956522,True,22.969823126877486,173.97000122070312,173.63190673828126,163.87907005310058,True,True,43.211455449469234,False,282015.0,985273.8333333334,False,4.949705211462476,50
HUM,Healthcare,35.38396,0.30911434,2.4236531,2.2,1891874944.0,0.271,3.0733729259259306,False,22.956113949744523,372.55499267578125,366.2833770751953,263.4190511322021,True,True,41.772990336455784,False,616356.0,1526211.8666666667,False,4.926856582907538,50
CSX,Industrials,29.005814,6.3685207,6.5627465,2.22,1953250048.0,0.227,-5.656908173333328,True,22.929066113779488,49.875,48.021357498168946,41.05710508346558,True,True,52.2895144419514,False,4203738.0,13289181.266666668,False,4.881776856299148,50
MCO,Financial Services,30.181017,10.088451,27.214235,2.23,2579124992.0,0.567,10.085603313043478,False,22.91572413191333,476.5299987792969,466.9436016845703,470.23695358276365,True,True,44.88728264971407,False,296427.0,1014410.9,False,4.859540219855549,50
CLX,Consumer Defensive,15.686179,1.7256336,-174.13358,2.24,62750000.0,0.027,-11.17190710714286,True,22.90250127488526,96.5250015258789,95.37250030517578,103.00710018157959,True,False,49.917208293249054,True,733180.0,2348606.0,False,4.837502124808767,50
KMB,Consumer Defensive,21.22824,2.2004383,20.282759,2.25,1054625024.0,0.179,-5.6298461071428605,True,22.889395954364108,109.56999969482422,104.75366622924804,101.67367794036865,True,True,43.38919105343523,False,1045238.0,4277637.933333334,False,4.815659923940178,50
SNA,Industrials,20.856485,4.0045886,3.4961388,2.26,1109474944.0,0.051,-13.80623717333333,True,22.87640661013075,408.9150085449219,391.76170166015623,365.51227127075197,True,True,54.667116449514396,False,69842.0,394948.06666666665,False,4.794011016884586,50
MAR,Consumer Cyclical,39.283176,13.798873,-24.318521,2.26,1796875008.0,0.017,-3.5949230288461607,True,22.87640661013075,375.875,378.6161993408203,333.6664306640625,False,True,49.810480385458284,True,578388.0,1507859.6,False,4.794011016884586,50
WM,Industrials,59.204727,3.529179,9.125001,2.43,2349374976.0,0.083,24.54200482666667,False,22.67194471016127,226.57000732421875,225.02857299804688,221.76010620117188,True,True,42.74367774560557,False,1101808.0,2038553.6,False,4.453241183602117,50
ICE,Financial Services,22.06696,8.215783,2.9108505,2.5,3743124992.0,0.797,1.9715463130434792,False,22.595836774690277,152.0399932861328,140.00316009521484,153.86919982910158,True,False,76.71972250407225,True,3269685.0,4670009.5,False,4.326394624483796,50
ADM,Consumer Defensive,35.982143,0.4820522,1.7036207,2.52,1578499968.0,0.009,9.12405689285714,False,22.574868261856434,80.63999938964844,80.17920013427734,68.89913740158082,True,True,50.78927800934168,False,1071189.0,3493739.6333333333,False,4.291447103094055,50
REG,Real Estate,27.549828,9.080193,2.1952956,2.61,574623104.0,0.172,-26.06987093333333,True,22.484486741020895,80.47000122070312,79.3160986328125,74.05776332855224,True,True,54.82405206344257,False,501710.0,1396243.6666666667,False,4.140811235034823,50
ERIE,Financial Services,21.493612,2.9981463,5.2099648,2.67,447472992.0,0.087,1.3981983130434763,False,22.427617469483927,234.10000610351562,228.08007690429687,257.7556698608398,True,False,43.045632088782604,True,78921.0,279727.36666666664,False,4.046029115806544,50
IRM,Real Estate,135.63586,5.1241946,-30.554604,2.7,-499464512.0,8.6,82.01616106666668,False,22.400130654907723,124.81999969482422,125.02800598144532,105.75121326446533,False,True,56.82474582286191,True,819940.0,1954184.6666666667,False,4.000217758179541,50
MNST,Consumer Defensive,46.524155,10.711504,10.791686,2.81,1684340480.0,0.289,19.66606889285714,False,22.30436698419562,96.01000213623047,93.24299987792969,80.4384502029419,True,True,46.35307391518067,False,1703844.0,5853798.133333334,False,3.8406116403260357,50
EXE,Energy,7.8698273,1.7253281,1.1213197,2.81,1466249984.0,-0.455,-92.97320664285715,True,22.30436698419562,90.8550033569336,90.46269989013672,101.77636966705322,True,False,59.37094310540618,True,1198148.0,4252374.933333334,False,3.8406116403260357,50
CB,Financial Services,12.366808,2.1760457,1.7862113,2.83,10488000512.0,-0.007,-7.728605686956522,True,22.2877552327711,348.57000732421875,336.9800128173828,316.92281967163086,True,True,50.411031628535476,False,609401.0,1965680.0333333334,False,3.812925387951833,50
PFE,Healthcare,18.843512,2.2220767,1.5613534,2.91,12376625152.0,-0.101,-13.46707507407407,True,22.22359162933068,24.7450008392334,24.70580783843994,24.919130659103395,True,False,64.01032258342991,True,21167991.0,46616553.03333333,False,3.705986048884466,50
DVN,Energy,12.204736,3.1579301,1.7636049,2.92,1607500032.0,-0.753,-88.63829794285715,True,22.215818384564567,43.7400016784668,43.856250228881834,41.367321996688844,False,True,57.61857506674755,True,3285723.0,12670614.1,False,3.6930306409409446,50
NVDA,Technology,29.694878,18.55767,24.064995,0.54,46335873024.0,2.145,-79.16292828048779,True,22.18543664403537,193.85980224609375,206.49226348876954,192.85874557495117,False,True,36.262650011069034,False,66129456.0,136339485.2,False,20.309061073392282,25
D,Utilities,20.438053,3.4923465,2.1629932,2.99,-9948250112.0,-0.102,-6.707802112903224,True,22.162861529753293,69.37999725341797,68.61407958984375,62.31398048400879,True,True,45.8823371016457,False,1102662.0,5231352.066666666,False,3.6047692162554865,50
O,Real Estate,52.282787,10.031475,1.5193417,3.11,1797902592.0,0.179,-1.336911933333333,True,22.07762458934966,63.68000030517578,62.50475387573242,60.20631582260132,True,True,52.143678366690935,False,2558082.0,5615009.4,False,3.462707648916099,50
AON,Financial Services,19.955898,4.3986373,7.9957595,3.12,3601125120.0,-0.03,-0.13951568695652128,True,22.070817472581314,362.1050109863281,339.7741015625,335.8929360961914,True,True,52.570293651953136,False,1321731.0,1587994.3666666667,False,3.4513624543021892,50
AME,Industrials,35.981846,7.175131,4.992443,3.15,1385356544.0,0.145,1.3191238266666687,False,22.05065544101031,238.3000030517578,232.48865234375,218.4333709716797,True,True,57.14760342863606,False,227999.0,1106093.3,False,3.4177590683505144,50
ES,Utilities,15.785868,1.9898169,1.676674,3.16,587291392.0,0.074,-11.359987112903223,True,22.04401983568314,73.8550033569336,71.67610046386719,69.24881624221801,True,True,44.431638282772965,False,960963.0,2358278.7666666666,False,3.4066997261385707,50
UNP,Industrials,23.070793,6.666808,8.718204,3.31,4720750080.0,0.066,-11.59192917333333,True,21.949297070816495,285.7550048828125,276.6677264404297,248.55476249694823,True,True,49.02768864957933,False,1558794.0,3046876.466666667,False,3.2488284513608274,50
EQIX,Real Estate,67.75064,10.88625,7.252856,3.37,2725125120.0,0.2,14.130941066666672,False,21.913769007080163,1052.2900390625,1054.8508081054688,924.2429953002929,False,True,50.22220179680087,True,370946.0,613454.8666666667,False,3.189615011800272,50
KIM,Real Estate,29.235632,7.9357104,1.6510873,3.37,838712128.0,0.294,-24.384066933333333,True,21.913769007080163,25.450000762939453,24.995299797058106,22.2802294921875,True,True,57.64077699194055,False,1173418.0,4277540.6,False,3.189615011800272,50
FTNT,Technology,54.448765,15.879287,114.31008,3.5,1813049984.0,0.286,-54.40904128048779,True,21.84097031267186,154.27999877929688,148.98579940795898,100.15544990539551,True,True,45.22331915469756,False,5221700.0,5935146.666666667,False,3.0682838544530986,50
PANW,Technology,275.77588,24.58101,9.399976,3.52,3579375104.0,,166.91807371951217,False,21.830247777700006,319.1300048828125,303.3057992553711,213.6864500427246,True,True,46.04434059048855,False,3179047.0,6972768.233333333,False,3.0504129628333447,50
IDXX,Healthcare,40.82599,9.865487,28.315,3.56,786844480.0,0.172,8.515402925925926,False,21.809164141519396,558.22998046875,556.8411999511719,620.8729476928711,True,False,48.068009527128154,True,102945.0,644291.5,False,3.0152735691989965,50
FRT,Real Estate,21.4922,8.210449,3.39949,3.59,448925248.0,1.525,-32.12749893333333,True,21.793659740539784,123.96499633789062,121.8489744567871,106.70293254852295,True,True,62.88878428843374,False,256983.0,831482.7666666667,False,2.9894329008996428,50
WELL,Real Estate,105.03795,13.283471,3.786004,3.66,2756164352.0,0.356,51.41825106666666,False,21.7584712457846,234.9600067138672,223.63399932861327,202.94620903015138,True,True,53.68952075671786,False,881733.0,3285577.7666666666,False,2.9307854096410004,50
BSX,Healthcare,18.257086,3.192379,2.7596233,0.56,,0.151,-14.05350107407407,True,21.748592626663598,45.060001373291016,46.79459999084472,73.40835004806519,False,False,51.46910364232267,True,9072842.0,20625284.733333334,False,19.580987711105998,25
KR,Consumer Defensive,33.842102,0.2385139,6.2548637,0.56,2994500096.0,0.132,6.984015892857137,False,21.748592626663598,57.837501525878906,60.541150131225585,64.79470430374145,False,False,41.24979805630117,True,2695251.0,8773165.033333333,False,19.580987711105998,25
EIX,Utilities,8.417392,1.519631,1.7287645,3.71,-1134000000.0,-0.632,-18.728463112903224,True,21.734149586914537,77.58999633789062,73.57245056152344,65.57216144561768,True,True,59.8841898146103,False,634886.0,2359572.8666666667,False,2.8902493115242267,50
CEG,Utilities,23.353043,3.2110128,2.906399,3.74,-4478875136.0,10.91,-3.792812112903224,True,21.719868741225053,268.68499755859375,263.26500122070314,307.97709480285647,True,False,62.80428957813699,True,1210230.0,3297237.6666666665,False,2.866447902041757,50
PH,Industrials,35.157135,5.7261252,8.226039,3.86,2774481920.0,-0.042,0.4944128266666681,False,21.66496517904062,956.030029296875,927.0810021972657,903.4418542480469,True,True,48.034808150469075,False,201230.0,588391.0,False,2.774941965067703,50
VLO,Energy,22.546051,0.77717406,3.8367665,4.08,4786625024.0,,-78.29698294285714,True,21.572696692591784,308.1050109863281,269.2320657348633,216.51322044372557,True,True,66.78711006480995,False,989673.0,3035189.1,False,2.6211611543196405,50
AXON,Industrials,208.36002,14.073797,11.875613,4.15,62617500.0,0.898,173.69729782666667,False,21.545390071520067,521.989990234375,489.6660009765625,515.7372505187989,True,True,38.60598242949447,False,254563.0,1015108.7666666667,False,2.5756501192001147,50
STX,Technology,3668.587,15.654438,172.90471,0.57,1770749952.0,1.491,3559.7291937195123,False,21.541666513171712,840.3306884765625,887.3729016113281,514.3079780578613,False,True,44.41810436491681,False,3748064.0,5442482.133333334,False,19.236110855286185,25
APO,Financial Services,75.1478,2.2017193,3.7127898,0.57,,,55.052386313043485,False,21.541666513171712,119.66500091552734,125.50910018920898,126.2094934463501,False,False,48.51158641977593,True,1489231.0,4695661.033333333,False,19.236110855286185,25
DASH,Consumer Cyclical,90.76067,5.6682506,8.186773,4.22,2295624960.0,-0.061,47.88257097115385,False,21.518989357308552,191.49000549316406,173.74160064697264,191.4011501312256,True,True,49.751242522150314,False,1339857.0,4370735.233333333,False,2.5316489288475887,50
DOC,Real Estate,68.765625,5.281213,1.9547837,4.32,1109761536.0,3.639,15.145926066666668,False,21.48275821842701,21.9950008392334,20.809224319458007,17.761316771507264,True,True,56.31477486724278,False,1487343.0,6419074.766666667,False,2.4712636973783466,50
JNJ,Healthcare,29.657011,6.2983327,7.2537127,4.4,16885125120.0,-0.009,-2.6535760740740706,True,21.45495905368517,256.30999755859375,244.578369140625,224.4516529083252,True,True,49.33145676347729,False,3558493.0,8824756.433333334,False,2.424931756141947,50
CME,Financial Services,22.456745,14.08927,3.5868242,4.48,2909012480.0,0.025,2.361331313043479,False,21.428152716255536,265.19000244140625,253.07374267578126,273.7846762084961,True,False,76.9114433330466,True,1050814.0,3519527.1333333333,False,2.3802545270925615,50
NSC,Industrials,28.133104,5.9057317,4.5565352,4.55,1382249984.0,-0.044,-6.529618173333329,True,21.405470430738156,329.17498779296875,319.190498046875,300.1862342834473,True,True,51.318933634755304,False,379337.0,1155301.2333333334,False,2.3424507178969276,50
GE,Industrials,41.586575,7.234191,20.767603,5.31,6594625024.0,0.194,6.923852826666675,False,21.197698986752208,353.81500244140625,343.3840393066406,314.1045722961426,True,True,46.48812557393682,False,1005601.0,4582206.7,False,1.9961649779203487,50
FCX,Basic Materials,30.855392,3.4980364,4.382136,5.62,2159249920.0,0.271,-9.56423617647059,True,21.129085570910718,63.11000061035156,63.386765213012694,56.75968564987183,False,True,53.96453557522284,True,6358087.0,15408422.9,False,1.881809284851196,50
UAL,Industrials,11.461611,0.63162667,2.3796194,6.5,910124992.0,-0.172,-23.20111117333333,True,20.969970548804454,122.62999725341797,117.64820022583008,105.43969993591308,True,True,44.80739005262991,False,1104956.0,5048781.866666666,False,1.6166175813407562,50
TROW,Financial Services,12.732833,3.432419,2.366018,6.81,1880349952.0,0.037,-7.362580686956523,True,20.923713341570185,119.02999877929688,110.66751235961914,100.45160434722901,True,True,50.923778915627985,False,641637.0,2160044.566666667,False,1.5395222359503062,50
CPT,Real Estate,31.715084,7.098827,2.93014,9.17,724267136.0,0.121,-21.90461493333333,True,20.674096583215906,113.4800033569336,111.55301071166993,104.7552632522583,True,True,51.457410130152944,False,1066624.0,1035927.4666666667,False,1.1234943053598458,50
INVH,Real Estate,27.509174,6.408576,1.9591637,13.14,1021075392.0,-0.037,-26.11052493333333,True,20.456473985834425,30.065000534057617,29.459269981384278,27.20163510322571,True,True,56.3961468956673,False,2691776.0,4947305.866666666,False,0.7607899763907092,50
LITE,Technology,121.76359,21.547321,16.618805,0.63,93350000.0,,12.9057837195122,False,20.438060574548288,683.969970703125,829.4852001953125,598.3369498443603,False,True,40.851311387344474,False,2812107.0,4721650.233333333,False,17.39676762424715,25
OMC,Communication Services,213.7973,1.007783,2.0561173,15.97,,0.588,162.41985820000002,False,20.3673972410736,79.0250015258789,76.78400695800781,75.57582695007324,True,True,45.033340290097044,False,1913742.0,4500281.4,False,0.612328735122668,50
CIEN,Technology,121.80565,9.318883,17.949427,0.65,700927872.0,23.833,12.947843719512207,False,20.115468069412213,366.864990234375,466.7022979736328,350.16942459106446,False,True,31.89560080855898,False,1176309.0,2580176.966666667,False,16.859113449020356,25
PGR,Financial Services,10.693929,1.3614056,3.6091921,61.84,,0.05,-9.401484686956522,True,20.060613367565352,212.8800048828125,210.43647888183594,207.12643577575685,True,True,37.307913597214,False,954668.0,3601715.6,False,0.10102227927558964,50
PLD,Real Estate,32.22,14.324076,2.5181494,135.88,,0.853,-21.399698933333333,True,20.00241382455738,145.02499389648438,143.4765609741211,133.55601680755615,True,True,58.30832412905116,False,1334832.0,4357484.4,False,0.004023040928965784,50
COO,Healthcare,60.949154,3.315198,1.7013626,0.67,424275008.0,,28.63856692592593,False,19.812134818314114,72.02999877929688,67.82159965515137,73.06644987106323,True,False,54.49629414119405,False,342965.0,2546032.1666666665,False,16.35355803052352,25
ORCL,Technology,21.640875,5.395406,9.675329,0.68,-24536750080.0,0.219,-87.21693128048778,True,19.667159367421636,125.625,165.46715988159178,182.80679637908935,False,False,38.549537221279685,True,21824851.0,36488178.36666667,False,16.11193227903606,25
ADI,Technology,54.602085,14.007554,5.288929,0.68,3868954624.0,1.105,-54.25572128048779,True,19.667159367421636,366.3599853515625,398.3221179199219,329.30388732910154,False,True,34.956349078219304,False,1865871.0,4837942.366666666,False,16.11193227903606,25
NXPI,Technology,49.85229,4.7766795,5.7742634,0.68,3555000064.0,0.726,-59.00551628048779,True,19.667159367421636,250.14500427246094,291.8517224121094,239.837767868042,False,True,28.052518436749992,False,2336485.0,4262639.5,False,16.11193227903606,25
C,Financial Services,14.16595,2.698637,1.1457208,0.72,,0.61,-5.929463686956522,True,19.127528522432982,131.22999572753906,134.87620056152343,117.98610462188721,False,True,34.911609259124575,False,3726973.0,13636379.1,False,15.212547537388302,25
JBL,Technology,38.346493,0.9546107,24.2457,0.82,1211624960.0,0.276,-70.5113132804878,True,18.008781648676006,307.0798034667969,348.1397973632813,277.50544967651365,False,True,40.0085023736231,False,332299.0,1429273.3,False,13.347969414460014,25
FIX,Industrials,41.588715,5.2900147,91.94607,0.83,1841915392.0,0.388,6.925992826666672,False,17.91173372709709,1684.8349609375,1819.3198974609375,1392.9150424194336,False,True,45.55392505666504,False,336311.0,558933.7,False,13.186222878495151,25
TTD,Communication Services,20.77841,2.8951106,3.5102706,0.85,569112640.0,-0.2,-30.5990318,True,17.724488325462474,18.264999389648438,19.404900131225585,29.44670006752014,False,False,41.388690161637754,True,7039951.0,16331058.366666667,False,12.874147209104123,25
CCI,Real Estate,31.016325,7.980685,-9.899687,0.9,1036249984.0,-0.675,-22.603373933333334,True,17.29278364947155,76.12999725341797,83.30642196655273,85.52788661956787,False,False,40.60668147070801,True,1432158.0,4500348.6,False,12.154639415785914,25
LULU,Consumer Cyclical,9.494693,1.1894498,2.7826903,0.9,1133960960.0,-0.35,-33.38340602884616,True,17.29278364947155,117.5250015258789,118.67189971923828,159.3399744796753,False,False,46.76486956482154,True,835489.0,3054232.966666667,False,12.154639415785914,25
SMCI,Technology,14.731579,0.537266,2.2219577,0.91,-7448383488.0,3.26,-94.1262272804878,True,17.212135523187527,27.924999237060547,32.435499839782715,32.90872490882874,False,False,49.01660216758614,True,23469763.0,50557528.766666666,False,12.020225871979212,25
FICO,Technology,33.196243,11.808146,-12.731132,0.93,730540992.0,0.69,-75.6615632804878,True,17.05604237554104,1144.18994140625,1219.3223901367187,1378.4269952392578,False,False,41.27144298688194,False,489985.0,286582.8333333333,True,11.760070625901733,25
FLEX,Technology,47.04292,1.3721926,7.45342,0.94,603750016.0,0.52,-61.81488628048779,True,16.980486649818538,110.25,139.29600082397462,87.87525011062623,False,True,29.929306165267604,False,3436118.0,8017340.6,False,11.63414441636423,25
APTV,Consumer Cyclical,33.9375,0.5840333,1.3112925,0.95,1091124992.0,,-8.940599028846158,True,16.906521570953352,57.224998474121094,61.74829986572266,70.88112491607666,False,False,38.19272501057019,True,638251.0,2516295.033333333,False,11.51086928492225,25
FTV,Technology,30.693121,4.175518,2.9143429,0.98,953612480.0,-0.124,-78.16468528048779,True,16.69368328279026,58.310001373291016,60.82919174194336,56.70584064483643,False,True,37.57188208705215,False,1800682.0,2842842.7333333334,False,11.156138804650437,25
NCLH,Consumer Cyclical,15.455646,0.87714267,3.6187692,1.02,-1500744960.0,,-27.422453028846157,True,16.429374297489698,19.065000534057617,19.215699939727784,20.310325064659118,False,False,45.60837966966135,True,17138660.0,15509875.333333334,False,10.715623829149495,25
PNR,Industrials,16.54639,2.5861394,2.7229927,1.06,558312512.0,-0.111,-18.11633217333333,True,16.185013160136343,64.29000091552734,71.26851676940917,90.6842018699646,False,False,29.312542328113068,True,772341.0,3111544.7,False,10.308355266893903,25
HSY,Consumer Defensive,33.504658,3.043499,7.7093153,1.06,1527240576.0,0.936,6.646571892857139,False,16.185013160136343,179.60000610351562,180.07059997558594,190.19788772583007,False,False,58.834032278561445,True,840688.0,2116772.933333333,False,10.308355266893903,25
MRVL,Technology,63.05498,18.8928,8.819939,1.07,2269700096.0,-0.804,-45.80282628048779,True,16.12677756198204,181.76010131835938,239.1531332397461,134.49128074645995,False,True,31.485972943765702,False,14300171.0,36931729.03333333,False,10.21129593663673,25
KEYS,Technology,50.4016,8.771858,8.428361,1.12,1085750016.0,0.356,-58.45620628048779,True,15.851198392144706,312.8550109863281,333.7260992431641,268.0711241912842,False,True,44.62313340545294,False,390240.0,1485798.0,False,9.751997320241177,25
AMD,Technology,161.55482,21.170729,12.296255,1.16,7173374976.0,0.912,52.69701371951221,False,15.647839970264746,485.1499938964844,510.96080017089844,310.5236000823975,False,True,38.79336617416083,False,20385695.0,28856503.166666668,False,9.41306661710791,25
TXN,Technology,42.754932,13.227374,14.285606,1.23,3545250048.0,0.518,-66.1028742804878,True,15.323789151659277,281.3800048828125,298.73259887695315,224.8310277557373,False,True,32.20961466056508,False,3068735.0,9493147.833333334,False,8.872981919432128,25
MGM,Consumer Cyclical,63.05479,0.66478235,4.839659,1.24,528360256.0,-0.059,20.17669097115384,False,15.280482821062234,45.845001220703125,45.89589996337891,38.14332500457763,False,True,40.208137395510846,False,1459771.0,2772472.3666666667,False,8.80080470177039,25
AMZN,Consumer Cyclical,28.626797,3.465906,5.8238635,1.24,9806624768.0,0.748,-14.251302028846158,True,15.280482821062234,238.44500732421875,246.4431005859375,234.76937515258788,False,True,43.75963254100217,False,36908399.0,53595116.63333333,False,8.80080470177039,25
TRGP,Energy,27.075588,3.435417,18.146778,1.25,-318550016.0,1.429,-73.76744594285715,True,15.237869391754742,265.8399963378906,269.69419982910154,220.8732233428955,False,True,42.86256238674094,False,315285.0,1271472.8333333333,False,8.729782319591237,25
GOOGL,Communication Services,16.760662,9.162591,6.563188,1.27,22665000960.0,2.94,-34.6167798,True,15.15465576602043,334.6099853515625,359.3285009765625,325.4189218902588,False,True,39.53832931034288,False,13660287.0,33976412.9,False,8.59109294336738,25
GOOG,Communication Services,16.731194,9.15107,6.5549355,1.27,22665000960.0,2.94,-34.6462478,True,15.15465576602043,334.0799865722656,357.21781555175784,324.6512313079834,False,True,40.058834023987735,False,8236736.0,22627587.866666667,False,8.59109294336738,25
DHR,Healthcare,34.77402,5.4719625,2.612491,1.28,4325125120.0,0.597,2.463432925925929,False,15.114024112829846,196.38499450683594,186.92749877929688,203.04349716186525,True,False,47.7371078348045,False,2109258.0,5916038.6,False,8.523373521383075,25
TKO,Communication Services,67.49259,6.8788037,4.046408,1.29,830904512.0,0.63,16.115148200000007,False,15.074022407750743,182.52999877929688,194.6208923339844,195.58244674682618,False,False,46.64755443702812,True,355267.0,1396222.2333333334,False,8.456704012917907,25
FDX,Industrials,16.509974,0.7649425,2.322562,1.31,5656625152.0,-0.043,-18.15274817333333,True,14.99585113675647,306.385009765625,319.76590454101563,274.0107359313965,False,True,41.8841041314013,False,568654.0,2026478.4666666666,False,8.326418561260782,25
AMAT,Technology,46.984978,13.688305,16.616524,1.31,3040375040.0,0.335,-61.872828280487795,True,14.99585113675647,496.92999267578125,541.4522937011719,371.49119041442873,False,True,35.44303392643765,False,5469164.0,10758548.8,False,8.326418561260782,25
TER,Technology,49.502087,12.637437,17.944292,1.32,439064384.0,3.858,-59.35571928048779,True,14.957653811156996,359.635009765625,379.39967041015626,288.10046379089357,False,True,50.00807596220478,False,2979418.0,4896107.266666667,False,8.262756351928328,25
ELV,Healthcare,16.642698,0.40559068,1.8171519,1.34,4306375168.0,-0.131,-15.667889074074072,True,14.882969487969962,376.5799865722656,396.6670001220703,348.5187713623047,False,True,33.37525181800315,False,216652.0,1659191.7333333334,False,8.138282479949938,25
AKAM,Technology,37.68581,3.8010533,3.307537,1.34,700723392.0,-0.134,-71.1719962804878,True,14.882969487969962,111.6500015258789,129.08440063476561,104.90470012664795,False,True,30.446483554434522,False,1108212.0,3737550.4,False,8.138282479949938,25
SWKS,Technology,31.860106,2.3039942,1.6039755,1.37,1290674944.0,-0.686,-76.99770028048779,True,14.77503156102812,61.494998931884766,68.67569999694824,63.71471429824829,False,False,52.5816110227875,True,2782741.0,5934248.033333333,False,7.958385935046867,25
LOW,Consumer Cyclical,17.941832,1.3305306,-12.693052,1.38,4816124928.0,-0.007,-24.936267028846157,True,14.740095130568683,209.98500061035156,213.52986907958984,236.82789848327636,False,False,49.68056559858996,True,825303.0,3129473.433333333,False,7.900158550947807,25
AZO,Consumer Cyclical,20.684082,2.4579186,-17.689157,1.39,903784256.0,0.077,-22.194017028846158,True,14.705661382561901,3014.695068359375,3089.0820947265624,3487.8983203125,False,False,46.025431397990054,True,76059.0,380605.3,False,7.842768970936502,25
TSCO,Consumer Cyclical,15.5338545,0.99307877,5.935323,1.41,103175000.0,-0.15,-27.344244528846158,True,14.638259152420963,29.920000076293945,30.583885192871094,44.0657905960083,False,False,46.68400229874052,True,2972178.0,11670442.6,False,7.730431920701605,25
GS,Financial Services,15.721303,4.4429684,2.7770154,1.49,,0.923,-4.374110686956522,True,14.386744790284311,1018.4349975585938,1046.7690026855469,909.4356930541992,False,True,45.527346933559855,False,1156776.0,2143925.8666666667,False,7.311241317140518,25
PEP,Consumer Defensive,18.370892,1.9758946,8.664765,1.51,7831875072.0,1.37,-8.487194107142859,True,14.328030344818636,139.80999755859375,141.3521469116211,147.58906059265138,False,False,54.62855747767858,True,3234258.0,9406238.6,False,7.2133839080310596,25
VST,Utilities,24.87709,2.579632,16.11406,0.46,-164124992.0,,-2.2687651129032247,True,14.312677076454422,148.6999969482422,155.7876513671875,163.71467414855957,False,False,41.389827404992054,False,1880236.0,4154571.2,False,23.854461794090703,0
LRCX,Technology,56.487736,17.268005,35.371574,1.56,4352341504.0,0.408,-52.370070280487795,True,14.187830787536814,296.3399963378906,337.4104290771484,240.0048983001709,False,True,36.88225569466928,False,10876897.0,13089073.233333332,False,6.979717979228023,25
AXP,Financial Services,20.381676,3.198706,6.613961,1.56,,0.11,0.28626231304347627,False,14.187830787536814,336.44500732421875,332.4544989013672,337.67339431762696,True,False,39.43968966698115,False,770353.0,3268298.433333333,False,6.979717979228023,25
CMI,Industrials,32.86611,2.57841,7.0757594,1.57,1688625024.0,-0.21,-1.7966121733333296,True,14.160862465053304,632.844970703125,669.1154602050781,576.0640853881836,False,True,37.43988338951508,False,442808.0,1051330.2666666666,False,6.9347707750888405,25
NFLX,Communication Services,22.66352,6.2040596,9.953045,1.58,25387552768.0,0.111,-28.7139218,True,14.134235513740471,72.5,77.44999923706055,91.54895484924316,False,False,47.24158867540233,True,23486610.0,51611807.0,False,6.890392522900786,25
COIN,Financial Services,59.727943,6.813995,3.174473,1.61,2407562752.0,,39.63252931304348,False,14.05633927729113,162.82000732421875,165.27859924316405,213.4823996734619,False,False,52.401688687358295,True,3129427.0,7312067.566666666,False,6.760565462151884,25
HLT,Consumer Cyclical,49.213413,14.235884,-13.807202,1.64,1393874944.0,0.141,6.335313971153845,False,13.981292903150912,322.6099853515625,333.0100573730469,305.38784057617187,False,True,38.05455772192931,False,765523.0,2471207.433333333,False,6.635488171918186,25
STZ,Consumer Defensive,12.249523,2.4257019,2.6714022,1.65,2210487552.0,0.307,-14.60856310714286,True,13.956883880450759,128.67520141601562,138.40830413818358,144.29114685058593,False,False,40.12500377764818,True,625246.0,2387931.533333333,False,6.594806467417932,25
GEV,Industrials,27.835821,6.243873,21.601515,1.69,15722125312.0,0.328,-6.826901173333329,True,13.862136431389814,965.5,1024.728741455078,834.0096948242187,False,True,36.910525951572886,False,1619211.0,3105100.3666666667,False,6.436894052316357,25
XYL,Industrials,27.97381,3.0059574,2.4928918,1.7,1183750016.0,0.195,-6.688912173333328,True,13.839146241544144,117.58499908447266,114.70155578613281,127.81225910186768,True,False,43.88356085423488,False,793359.0,2074368.6333333333,False,6.39857706924024,25
LHX,Industrials,26.71645,3.8366091,2.5759625,1.72,,-0.061,-7.94627217333333,True,13.793967845219512,265.6300048828125,298.1290661621094,314.4392411804199,False,False,34.81152012201126,True,2140151.0,1517025.0333333334,False,6.32327974203252,25
MO,Consumer Defensive,14.219207,5.581328,-35.437042,1.72,8542875136.0,1.063,-12.63887910714286,True,13.793967845219512,67.98999786376953,71.53747253417968,63.91909379959107,False,True,39.91506425052928,False,11127404.0,7910203.466666667,False,6.32327974203252,25
PWR,Industrials,88.303154,3.2069895,10.680061,1.74,1037176768.0,0.51,53.64043182666668,False,13.749828032718433,640.280029296875,681.6065222167969,559.9122404479981,False,True,46.42382507037147,False,1377280.0,1333466.0,False,6.249713387864057,25
AMT,Real Estate,27.96613,7.384071,21.719906,1.75,2920012544.0,1.385,-25.653568933333332,True,13.728136467717905,173.47000122070312,175.94801544189454,176.01930946350097,False,False,57.101290691601804,True,1361272.0,3431649.066666667,False,6.213560779529842,25
FFIV,Technology,31.23764,6.7263966,5.7732387,1.76,752090496.0,0.114,-77.6201662804878,True,13.7066913977742,391.260009765625,400.6850012207031,310.68565017700195,False,True,34.36676098705752,False,185264.0,666772.1333333333,False,6.177818996290334,25
IBKR,Financial Services,35.370716,22.120176,6.762325,1.77,,0.369,15.275302313043479,False,13.685488645005,89.24669647216797,90.15844909667969,75.818456325531,False,True,41.14787166902279,False,1993197.0,4605279.9,False,6.142481075008334,25
UPS,Industrials,19.169144,0.97477084,5.8249083,1.78,4976500224.0,-0.53,-15.49357817333333,True,13.664524125412981,102.91999816894531,108.5329997253418,101.17475551605224,False,True,33.6863569588341,False,1979130.0,5148487.666666667,False,6.1075402090216375,25
PPG,Basic Materials,15.962698,1.5102524,3.0602086,1.8,,-0.015,-24.45693017647059,True,13.623293903548682,111.45999908447266,115.85579986572266,108.60407192230224,False,True,40.82410083896864,False,809089.0,2079749.6333333333,False,6.038823172581135,25
SPGI,Financial Services,24.918541,7.495439,3.8922648,1.83,5448249856.0,0.177,4.823127313043479,False,13.563138333943387,410.3699951171875,410.23391296386717,433.5308207702637,True,False,41.13606030521344,False,1238901.0,2438124.6666666665,False,5.938563889905646,25
ZTS,Healthcare,12.393442,3.3253222,9.644087,1.84,1780875008.0,0.06,-19.91714507407407,True,13.543522387332965,75.70500183105469,76.77066116333008,109.48292377471924,False,False,52.61121060908866,True,1331463.0,6297738.766666667,False,5.905870645554943,25
WY,Real Estate,41.616074,2.4463384,1.7802308,1.86,-45875000.0,0.966,-12.003624933333334,True,13.504923266583427,23.364999771118164,24.031931915283202,23.798684778213502,False,False,49.08895026381907,True,2266349.0,5305924.966666667,False,5.841538777639045,25
HD,Consumer Cyclical,23.587358,1.9863931,23.848383,1.89,10128249856.0,-0.043,-19.29074102884616,True,13.448556296599973,332.4750061035156,329.84622985839843,345.55920166015625,True,False,42.499840360501935,False,1301553.0,4435765.1,False,5.7475938276666225,25
TT,Industrials,33.955692,4.548241,11.4447565,1.9,2662362624.0,-0.021,-0.7070301733333295,True,13.430162864289581,444.55999755859375,469.21625244140625,438.3994299316406,False,True,25.99724174273831,False,1224709.0,1274313.6333333333,False,5.7169381071493035,25
ORLY,Consumer Cyclical,28.044443,4.021216,-97.39801,1.95,1330813184.0,0.161,-14.833656028846157,True,13.341025461554615,88.26000213623047,88.39239990234375,93.18769973754883,False,False,54.11472191542911,True,5318020.0,9223184.0,False,5.568375769257691,25
EW,Healthcare,51.10417,7.591068,4.796637,2.0,,-0.254,18.793582925925932,False,13.256344928956393,86.08000183105469,87.49560028076172,83.61064998626709,False,True,28.369813884846266,False,1266512.0,5186723.733333333,False,5.427241548260656,25
HBAN,Financial Services,13.073078,3.7416315,1.1544733,2.01,,-0.029,-7.022335686956522,True,13.239914377855246,17.0,17.106880569458006,16.52933180809021,False,True,37.3177660988919,False,9289037.0,23972897.9,False,5.399857296425411,25
DTE,Utilities,22.402536,1.7865368,2.4212112,2.04,-2596624896.0,0.224,-4.743319112903222,True,13.191589227557754,141.5850067138672,146.79095886230468,139.82713333129882,False,True,31.156449342438947,False,356182.0,1325516.0666666667,False,5.319315379262925,25
MAS,Industrials,16.398617,1.8417099,-38.449486,2.05,893124992.0,0.25,-18.264105173333327,True,13.175795154045892,71.45999908447266,74.70450057983399,68.07655113220216,False,True,37.35131836919782,False,1760320.0,2631654.0,False,5.2929919234098195,25
CAT,Industrials,40.158794,5.2597837,19.945076,2.05,3776624896.0,0.302,5.496071826666672,False,13.175795154045892,804.6500244140625,919.4772058105468,733.981361694336,False,True,22.097407373967926,False,1657976.0,3621422.533333333,False,5.2929919234098195,25
ETR,Utilities,28.837767,3.8075743,2.898268,2.06,-3913097728.0,0.012,1.6919118870967758,False,13.160154421053562,108.26000213623047,112.28440063476563,103.39631168365479,False,True,31.35640975472417,False,1536304.0,3044606.8,False,5.266924035089269,25
MS,Financial Services,16.938965,4.232269,3.1662335,2.08,,0.624,-3.156448686956523,True,13.129324130059063,209.3300018310547,213.95339904785158,183.0675252532959,False,True,38.34383777065121,False,2733618.0,6160350.6,False,5.215540216765105,25
KLAC,Technology,52.289772,17.705618,41.259808,2.09,,0.147,-56.568034280487794,True,13.114130254592876,182.8800048828125,221.11898040771484,161.91362022399903,False,True,29.435136901417167,False,5988816.0,14109870.533333333,False,5.190217090988127,25
OKE,Energy,15.779858,1.5842988,2.4946458,2.11,454375008.0,0.18,-85.06317594285714,True,13.084174556991293,88.45999908447266,89.40279998779297,80.64225374221802,False,True,45.55420655021854,False,782243.0,3698904.7666666666,False,5.14029092831882,25
XEL,Utilities,22.492796,3.2957416,2.0463545,2.13,-7471625216.0,0.06,-4.653059112903225,True,13.054781407701476,78.19000244140625,79.36906707763671,78.10959121704101,False,True,40.80632916330334,False,3022630.0,5329454.333333333,False,5.091302346169126,25
GILD,Healthcare,17.633333,5.4114094,6.8454547,2.14,7934125056.0,0.548,-14.677254074074071,True,13.040290859803925,129.72500610351562,129.40656967163085,130.42323547363281,True,False,49.805166747929775,False,2300854.0,7437598.466666667,False,5.067151433006543,25
LIN,Basic Materials,33.44264,6.7282844,6.049264,2.14,4694499840.0,0.134,-6.976988176470591,True,13.040290859803925,504.5400085449219,514.6169555664062,471.75213607788083,False,True,30.85672745041876,False,869942.0,2158684.7333333334,False,5.067151433006543,25
ATO,Utilities,21.536947,5.980229,1.9579699,2.15,-2210371840.0,0.145,-5.608908112903222,True,13.025935107700771,174.90499877929688,173.81915161132812,175.06182067871094,True,False,47.46427019898259,False,157476.0,1138165.8666666667,False,5.0432251795012855,25
MKC,Consumer Defensive,8.378535,1.8329793,1.935242,2.18,714025024.0,-0.142,-18.47955110714286,True,12.983658076277722,50.34000015258789,49.21853271484375,57.68550342559814,True,False,42.480400404363166,False,980134.0,4728281.133333334,False,4.972763460462869,25
RL,Consumer Cyclical,25.315735,2.8037674,8.085528,2.19,656187520.0,0.2,-17.562364028846158,True,12.969823126877486,382.7200012207031,383.28355285644534,358.68734939575194,False,True,44.05041304277828,False,125582.0,608309.4,False,4.949705211462476,25
AEP,Utilities,18.89926,3.0941684,2.1816907,2.2,-6953449984.0,0.067,-8.246595112903222,True,12.956113949744523,127.55000305175781,131.64999984741212,125.09777481079101,False,True,29.959353915862536,False,2482169.0,5053005.633333334,False,4.926856582907538,25
WMB,Energy,30.75443,7.0820684,6.7087736,2.22,-190250000.0,0.25,-70.08860394285715,True,12.92906611377949,70.12999725341797,73.59210647583008,67.70493564605712,False,True,32.49825239749218,False,1971022.0,7484994.066666666,False,4.881776856299148,25
QCOM,Technology,17.491428,3.6261902,5.9418435,0.51,9589624832.0,1.73,-91.3663782804878,True,12.904944437353578,153.21499633789062,199.3143167114258,167.93405059814452,False,False,17.34942457618004,False,12465864.0,17515895.466666665,False,21.50824072892263,0
MSCI,Financial Services,31.14278,12.50971,-15.50657,2.24,1194705920.0,0.196,11.047366313043476,False,12.90250127488526,574.280029296875,595.5399987792969,569.8208361816406,False,True,42.22812506332824,False,189185.0,792782.8333333334,False,4.837502124808767,25
DIS,Communication Services,15.2736,1.704321,1.532337,2.25,3751375104.0,-0.298,-36.1038418,True,12.889395954364106,95.50499725341797,98.82896835327148,103.88347812652587,False,False,49.721872887385274,True,7965181.0,11391256.033333333,False,4.815659923940178,25
EQT,Energy,12.058005,3.4977784,1.2941059,2.26,2460903936.0,-0.74,-88.78502894285715,True,12.876406610130752,51.744998931884766,52.638499908447265,56.18571578979492,False,False,62.71409286144363,True,1636008.0,8227913.6,False,4.794011016884586,25
CHRW,Industrials,29.60852,1.0621628,10.120641,2.39,642142272.0,0.099,-5.05420217333333,True,12.717436602253914,145.94000244140625,186.26564697265624,170.86389892578126,False,False,25.695012602849445,False,2898679.0,1900759.3,True,4.529061003756523,25
EVRG,Utilities,21.981384,3.1591,1.8758086,2.42,-1101750016.0,0.185,-5.164471112903225,True,12.683176695915549,82.79000091552734,84.48109436035156,79.06110137939453,False,True,36.96429033668799,False,547170.0,2075249.0,False,4.471961159859249,25
SO,Utilities,24.019182,3.5085495,2.8519588,2.44,-3950000128.0,-0.008,-3.126673112903223,True,12.660804789863993,94.02999877929688,94.50759979248046,91.89242687225342,False,True,44.208204172451175,False,2502683.0,5690659.433333334,False,4.434674649773323,25
LNT,Utilities,22.248426,4.136057,2.461983,2.44,-1202625024.0,0.049,-4.897429112903225,True,12.660804789863993,70.83000183105469,74.02800003051757,69.6675458908081,False,True,26.964413163967762,False,977479.0,2470879.3,False,4.434674649773323,25
LDOS,Technology,10.193504,0.8087245,2.795579,2.46,1194749952.0,-0.076,-98.66430228048779,True,12.638796654642546,111.29000091552734,114.01826171875,159.3638500213623,False,False,57.86372970974011,True,280630.0,1790937.6666666667,False,4.397994424404242,25
AEE,Utilities,19.420864,3.4972076,2.2040334,2.51,-1869374976.0,0.196,-7.724991112903222,True,12.58531074832747,108.1500015258789,110.65390014648438,106.2051445388794,False,True,36.46127099970975,False,388449.0,1693031.6333333333,False,4.308851247212452,25
CNP,Utilities,24.979168,2.8735132,2.4565358,2.56,-5191875072.0,0.233,-2.1666871129032224,True,12.533914135227828,42.064998626708984,43.16247184753418,41.071342887878416,False,True,40.48999300024054,False,2434707.0,6965973.566666666,False,4.223190225379716,25
MCD,Consumer Cyclical,22.028008,6.9228115,-147.74586,2.59,5952249856.0,0.069,-20.85009102884616,True,12.50402869147182,267.4100036621094,274.72654907226564,297.86602127075196,False,False,41.94847890423693,True,1431416.0,4630760.533333333,False,4.173381152453035,25
JBHT,Industrials,37.74858,1.9646734,6.824426,2.62,903028352.0,0.458,3.0858578266666683,False,12.474827647191141,265.07000732421875,279.19099853515627,223.26995864868164,False,True,39.44422834034794,False,353792.0,1093833.0666666667,False,4.124712745318569,25
NEM,Basic Materials,11.875157,3.8509023,2.8296275,2.78,8815875072.0,0.114,-28.544471176470587,True,12.329732770093857,94.57499694824219,98.9781379699707,103.87647617340087,False,False,48.57370101734351,True,2958773.0,8154385.766666667,False,3.882887950156429,25
WST,Healthcare,43.185898,7.125789,7.986391,2.84,277937504.0,0.181,10.87531092592593,False,12.27953709518256,337.0199890136719,337.1811584472656,284.0542551422119,False,True,38.373779459392345,False,168321.0,872417.3666666667,False,3.7992284919709336,25
FSLR,Technology,13.123385,4.028226,2.2097373,0.54,1147664768.0,0.651,-95.7344212804878,True,12.185436644035368,204.47500610351562,245.35390350341797,234.29862632751465,False,False,28.191256685779678,False,622177.0,1793489.2333333334,False,20.309061073392282,0
ED,Utilities,18.37774,2.3329868,1.5668402,2.96,-833249984.0,0.129,-8.768115112903224,True,12.18525062474107,109.19000244140625,109.19220001220702,105.1406757736206,False,True,43.84173710586548,False,859530.0,2306724.3333333335,False,3.64208437456845,25
ETN,Industrials,37.545544,5.2188106,7.5478463,3.0,2646500096.0,-0.094,2.882821826666671,False,12.155498005179533,383.2550048828125,402.4927001953125,372.7167910766602,False,True,40.74787404102967,False,1229395.0,2340449.8333333335,False,3.5924966752992225,25
TDG,Industrials,38.86824,7.318483,-7.4023066,3.05,1524875008.0,0.115,4.2055178266666715,False,12.119404663416358,1243.3199462890625,1261.972998046875,1280.9783978271485,False,False,42.247475802301196,True,76405.0,368860.1666666667,False,3.53234110569393,25
CDNS,Technology,66.32968,15.732403,13.301442,3.21,1516221952.0,1.254,-42.5281262804878,True,12.011461959077888,332.239990234375,371.27760009765626,327.5845002746582,False,True,28.053425712284792,False,782100.0,2507120.0,False,3.3524365984631466,25
ODFL,Industrials,42.975,7.6572328,9.979198,3.35,,0.323,8.312277826666673,False,11.925470289763473,205.41000366210938,225.99660278320312,187.43248481750487,False,True,33.47217278713413,False,1809171.0,1755879.0333333334,False,3.209117149605788,25
KMI,Energy,20.248388,3.8880873,2.2075684,3.55,1075000064.0,0.212,-80.59464594285714,True,11.814390507671211,31.415000915527344,32.16410037994385,30.121988925933838,False,True,41.65684026147567,False,3793368.0,10211072.266666668,False,3.023984179452018,25
CPRT,Industrials,18.086956,6.0470676,3.0727024,3.58,999977152.0,0.023,-16.575766173333328,True,11.798799001944573,29.139999389648438,30.031200141906737,35.94405007362366,False,False,60.33162564002007,True,3980276.0,13698659.2,False,2.9979983365742884,25
PNW,Utilities,18.792912,2.2368722,1.7270467,3.74,-831102848.0,,-8.352943112903223,True,11.719868741225055,100.80500030517578,104.39130050659179,96.37792381286621,False,True,27.247266469291162,False,346556.0,1248668.5333333334,False,2.866447902041757,25
NOC,Industrials,16.688177,1.7388908,4.170453,3.78,2478000128.0,-0.058,-17.97454517333333,True,11.701180227112893,526.3499755859375,535.2628930664063,603.2561157226562,False,False,43.49910544727039,True,291867.0,1038795.5666666667,False,2.835300378521489,25
EXPD,Industrials,26.702745,1.9327134,9.552679,3.94,783248512.0,0.163,-7.959977173333328,True,11.630220792819001,165.41000366210938,166.04828948974608,150.4714503479004,False,True,39.60365577080826,False,417313.0,1226487.1,False,2.7170346546983355,25
WMT,Consumer Defensive,39.098595,1.2183359,9.372046,4.26,6862249984.0,0.194,12.240508892857143,False,11.504292782663645,110.95500183105469,116.0916993713379,117.62305709838867,False,False,43.04932477035278,True,11086932.0,22382137.733333334,False,2.507154637772741,25
COST,Consumer Defensive,47.939606,1.4388927,25.552874,4.62,6954375168.0,0.455,21.081519892857138,False,11.383475487206152,952.5900268554688,961.2708508300781,954.8013735961914,False,False,63.5579515532993,True,893274.0,2510179.1333333333,False,2.305792478676919,25
PSA,Real Estate,31.94221,11.865287,11.147044,4.81,2338522624.0,0.328,-21.677488933333333,True,11.327001983542894,310.42999267578125,315.1481457519531,289.4225249481201,False,True,43.13778267315966,False,525346.0,1161118.2,False,2.2116699725714914,25
ESS,Real Estate,44.017162,9.891814,3.3381839,7.02,983003264.0,-0.478,-9.602536933333333,True,10.894698964272703,283.06500244140625,284.8789569091797,259.2078658294678,False,True,38.1082226089557,False,186992.0,481956.4,False,1.4911649404545044,25
MAA,Real Estate,120.6,7.1513314,2.785863,7.03,909082496.0,-0.315,66.98030106666667,False,10.893360564832237,132.5500030517578,133.66499221801757,129.23072135925293,False,True,47.44645776723427,False,888055.0,1068805.1666666667,False,1.4889342747203957,25
SBAC,Real Estate,19.149317,6.766962,-4.064955,7.17,708085504.0,-0.147,-34.47038193333333,True,10.875014972501848,181.77999877929688,190.76270751953126,192.70058303833008,False,False,39.585959289335406,True,463873.0,990999.1,False,1.4583582875030787,25
AVB,Real Estate,25.676754,8.659444,2.1616082,7.17,,-0.413,-27.942944933333333,True,10.875014972501848,186.44000244140625,186.8352017211914,176.9145481109619,False,True,41.57304548013262,False,181489.0,975502.9666666667,False,1.4583582875030787,25
UDR,Real Estate,24.20886,8.023542,3.844221,8.17,,0.909,-29.41083893333333,True,10.762259670803434,38.25,38.89016418457031,36.25326868057251,False,True,39.04508471929413,False,1231262.0,3446102.066666667,False,1.2704327846723904,25
LEN,Consumer Cyclical,13.118339,0.61586505,0.93252444,11.3,1077926016.0,-0.315,-29.75976002884616,True,10.538324648126801,84.02970123291016,87.43225997924804,102.09804973602294,False,False,49.36831937977531,True,760934.0,2623884.466666667,False,0.8972077468780022,25
NRG,Utilities,147.29669,0.87329006,6.751624,0.63,431624992.0,-0.856,120.15083488709679,False,10.43806057454829,133.9199981689453,135.40179931640625,152.7236791229248,False,False,43.941088670804135,False,1270570.0,2607679.0,False,17.39676762424715,0
EQR,Real Estate,29.222708,8.262859,2.3898292,16.1,,-0.399,-24.39699093333333,True,10.364057669592345,66.83000183105469,67.05393043518066,62.048881912231444,False,True,41.24293095322935,False,721217.0,2994963.9,False,0.6067627826539089,25
FOXA,Communication Services,15.284211,1.5053287,2.228019,24.95,1406499968.0,-0.493,-36.0932308,True,10.218536884786582,58.099998474121094,58.43040008544922,62.825699424743654,False,False,65.33126865651903,True,981936.0,7238774.533333333,False,0.36422814131096937,25
CMCSA,Communication Services,7.5336537,0.66779846,0.9286476,142.98,12697624576.0,-0.668,-43.8437881,True,10.0,23.479999542236328,23.602852516174316,26.384215307235717,False,False,49.4478516695507,True,11199125.0,41397337.5,False,0.0,25
HAL,Energy,16.502619,1.1769427,2.387698,0.79,2052249984.0,0.161,-84.34041494285715,True,8.31466686985513,31.520000457763672,36.38911281585693,33.47572350502014,False,False,30.206903918036105,False,3075024.0,12627004.133333333,False,13.857778116425216,0
GNRC,Industrials,44.40345,2.5617182,4.24302,0.82,292954496.0,0.92,9.74072782666667,False,8.008781648676008,193.22999572753906,250.80460144042968,204.44715019226075,False,False,7.900735545893582,False,793137.0,1057877.9,False,13.347969414460014,0
SRE,Utilities,30.183672,4.279601,1.7983584,0.82,-28243374080.0,0.137,3.0378168870967777,False,8.008781648676008,88.75,91.46921203613282,90.88637817382812,False,False,27.863588472265263,False,673811.0,3442157.033333333,False,13.347969414460014,0
TMUS,Communication Services,18.354233,2.0437877,3.4133308,0.84,11335999488.0,0.053,-33.0232088,True,7.8169964703176715,175.125,183.88280975341797,197.8456460571289,False,False,39.92901469112307,False,1976950.0,5672935.0,False,13.028327450529453,0
META,Communication Services,20.112322,6.3001523,5.557371,0.87,25558249472.0,0.624,-31.2651198,True,7.545851907811055,532.1950073242188,602.7643981933594,634.3357315063477,False,False,13.202637649116866,False,24886542.0,18861224.733333334,False,12.576419846351758,0
COHR,Technology,117.28436,7.33327,4.5323343,0.92,-197631744.0,,8.426553719512214,False,7.1332406170401175,246.49180603027344,349.1822360229492,254.19520931243898,False,False,31.961902382794676,False,3173275.0,5067315.833333333,False,11.88873436173353,0
APP,Communication Services,34.831303,21.829937,56.994877,1.13,3180097280.0,1.131,-16.5461388,True,5.799009062635689,399.9949951171875,492.16270141601564,521.2335011291503,False,False,21.63630658907509,False,3041220.0,5596077.333333333,False,9.665015104392817,0
DHI,Consumer Cyclical,13.784557,1.2127378,1.7042241,1.21,2413900032.0,-0.048,-29.09354202884616,True,5.412549234205285,145.39999389648438,150.7497998046875,149.6664476776123,False,False,41.27117749113676,False,736683.0,2580136.1,False,9.020915390342141,0
DECK,Consumer Cyclical,14.020626,2.4284537,5.920887,1.21,,0.011,-28.857473028846158,True,5.412549234205285,98.73999786376953,105.905,102.18054988861084,False,False,38.53936313500288,False,851404.0,2426823.466666667,False,9.020915390342141,0
TXT,Industrials,16.171375,0.9760015,1.8656846,1.24,452750016.0,0.052,-18.491347173333327,True,5.280482821062234,85.83999633789062,90.94157531738281,89.52398403167724,False,False,38.6169592466394,False,550746.0,1765364.8666666667,False,8.80080470177039,0
PSKY,Communication Services,386.0,0.29745978,0.73734474,1.31,16400374784.0,-0.318,334.6225582,False,4.995851136756469,7.744999885559082,9.707525825500488,11.702694001197814,False,False,20.107729211361217,False,5635133.0,10021004.433333334,False,8.326418561260782,0
GLW,Technology,62.110596,6.8298745,9.722282,1.36,882000000.0,0.185,-46.74721028048779,True,4.810481762523725,134.19000244140625,183.17323043823242,134.707939491272,False,False,23.909440916841845,False,10004588.0,16730896.266666668,False,8.017469604206209,0
BG,Consumer Defensive,22.892471,0.22493415,1.2871826,1.37,-6688374784.0,0.33,-3.9656151071428596,True,4.77503156102812,106.4800033569336,118.1374462890625,110.96404235839844,False,False,37.071242761257764,False,833448.0,1534584.9333333333,False,7.958385935046867,0
OTIS,Industrials,18.326477,1.8199931,-4.7215047,1.39,1436249984.0,0.13,-16.336245173333328,True,4.705661382561901,71.22250366210938,71.96644927978515,81.84421798706055,False,False,43.59900084413607,False,1015131.0,4024004.3666666667,False,7.842768970936502,0
PPL,Utilities,21.650307,2.8512075,1.7674164,1.4,-1615124992.0,0.073,-5.495548112903222,True,4.671719545240928,35.314998626708984,35.78704116821289,36.10444149017334,False,False,45.10011842006886,False,2094747.0,9094281.566666666,False,7.786199242068214,0
VRT,Industrials,51.7681,7.6561775,20.696003,1.44,2733487616.0,0.53,17.10537782666667,False,4.540666340029397,226.97000122070312,307.32990203857423,245.91973670959473,False,False,16.55385216231072,False,7802717.0,6563317.233333333,False,7.567777233382329,0
LII,Industrials,18.308805,2.7025404,10.96987,1.58,278637504.0,-0.013,-16.35391717333333,True,4.134235513740472,412.78448486328125,525.9922607421875,507.5108374023437,False,False,17.940237338467995,False,386228.0,494074.26666666666,False,6.890392522900786,0
NKE,Consumer Cyclical,19.942905,1.3390465,4.177983,1.61,1889250048.0,4.28,-22.93519402884616,True,4.05633927729113,41.8849983215332,43.48161148071289,54.014927825927735,False,False,38.21715959292524,False,9082642.0,25093861.4,False,6.760565462151884,0
CARR,Industrials,42.557144,2.2383745,3.7528346,1.67,861750016.0,-0.118,7.894421826666672,False,3.9089428059259097,59.64500045776367,67.93056945800781,60.41577388763428,False,False,24.814620071578872,False,4374555.0,6431375.166666667,False,6.514904676543183,0
DOV,Industrials,24.339977,3.223392,3.523216,1.7,906472128.0,0.141,-10.322745173333328,True,3.8391462415441437,201.86000061035156,214.35749298095703,205.8204443359375,False,False,38.30931726635321,False,411483.0,1256246.1,False,6.39857706924024,0
ISRG,Healthcare,40.009747,11.328014,6.795843,1.78,2615200000.0,0.265,7.699159925925926,False,3.6645241254129823,350.3949890136719,401.10669799804685,482.2750256347656,False,False,34.14235782464402,False,1066452.0,3590935.066666667,False,6.1075402090216375,0
PLTR,Technology,137.10675,55.995834,34.61702,1.89,1752997120.0,3.25,28.248943719512212,False,3.4485562965999734,121.62999725341797,130.94969940185547,153.15854988098144,False,False,43.94650116624808,False,12732063.0,39938828.766666666,False,5.7475938276666225,0
CRH,Basic Materials,17.829313,1.6871349,2.783571,2.01,786124992.0,,-22.59031517647059,True,3.239914377855247,96.26249694824219,104.95944961547852,113.572467918396,False,False,33.50580840876326,False,2176563.0,4312325.433333334,False,5.399857296425411,0
BLDR,Industrials,25.44275,0.48379457,1.7899147,2.02,640900096.0,,-9.219972173333328,True,3.2236465054778733,67.3550033569336,76.53590087890625,96.05617530822754,False,False,34.46990104667907,False,1831502.0,2349256.7333333334,False,5.372744175796456,0
SNPS,Technology,85.210526,8.215005,2.3389928,2.09,3538958592.0,-0.96,-23.64728028048779,True,3.114130254592876,372.2900085449219,448.19239990234377,449.7670013427734,False,False,20.82569907435446,False,780977.0,2064862.5666666667,False,5.190217090988127,0
IBM,Technology,19.794666,3.0364559,6.089751,2.18,12049750016.0,-0.018,-89.0631402804878,True,2.9836580762777216,222.3800048828125,260.42419891357423,268.4618376159668,False,False,25.015341840538923,False,2894410.0,12380087.0,False,4.972763460462869,0
HUBB,Industrials,27.834023,3.9868217,6.349782,2.38,524950016.0,-0.009,-6.82869917333333,True,2.729048503281763,470.6199951171875,487.3886291503906,478.692684173584,False,False,41.36641823170321,False,308300.0,591869.4,False,4.548414172136272,0
WEC,Utilities,21.229126,3.5128915,2.613737,2.39,-2348137472.0,0.197,-5.916729112903223,True,2.7174366022539136,109.62999725341797,113.7118000793457,111.33290412902832,False,False,35.26809588156006,False,769472.0,2039889.0666666667,False,4.529061003756523,0
VMC,Basic Materials,32.244408,4.376777,4.193808,2.47,889187520.0,0.027,-8.175220176470589,True,2.627926239674866,274.4100036621094,286.50365783691404,289.8286389160156,False,False,32.24873835640865,False,494219.0,1108433.9666666666,False,4.379877066124777,0
HOOD,Financial Services,38.59513,17.027218,8.601223,2.51,,0.027,18.499716313043475,False,2.5853107483274713,87.21499633789062,96.40030059814453,99.56580001831054,False,False,26.08443382541978,False,17273706.0,26025650.2,False,4.308851247212452,0
NI,Utilities,22.203981,3.136479,2.2151082,2.61,-1562412544.0,0.06,-4.941874112903225,True,2.4844867410208935,44.68000030517578,46.74479995727539,44.88760679244995,False,False,32.763972211954936,False,1182688.0,4798836.266666667,False,4.140811235034823,0
EXC,Utilities,16.479855,1.8572637,1.5703317,2.71,-2807749888.0,-0.003,-10.666000112903223,True,2.391103619862404,45.040000915527344,46.11836296081543,45.63244556427002,False,False,39.05473285959584,False,7571489.0,9284312.966666667,False,3.9851726997706733,0
MLM,Basic Materials,33.96865,5.1232862,2.8802907,2.77,841750016.0,12.208,-6.450978176470592,True,2.3383101297056545,541.5700073242188,574.9102478027344,610.8939199829101,False,False,37.12881980769323,False,434319.0,613527.3,False,3.8971835495094247,0
CMS,Utilities,21.713854,2.5269504,2.3672545,2.87,-2198874880.0,-0.439,-5.432001112903222,True,2.2552262979258693,72.23999786376953,74.14559967041015,73.38568473815918,False,False,32.82608984097709,False,996873.0,3462599.1,False,3.7587104965431153,0
ROL,Consumer Cyclical,34.245453,4.618924,13.125436,2.89,501737504.0,0.031,-8.63264602884616,True,2.2392995011071837,37.7400016784668,45.25240005493164,54.70314342498779,False,False,22.07467124726125,False,2546591.0,5572656.366666666,False,3.7321658351786393,0
RSG,Industrials,30.030172,3.8517442,5.37356,3.12,1808875008.0,0.075,-4.632550173333328,True,2.0708174725813135,210.11500549316406,212.21624450683595,213.44163948059082,False,False,39.16518294538207,False,691317.0,1453627.2333333334,False,3.4513624543021892,0
PEG,Utilities,17.127213,3.0152848,2.2280905,3.94,-171750000.0,0.254,-10.018642112903223,True,1.6302207928190013,77.48500061035156,79.4614468383789,79.94452026367188,False,False,31.981151201238646,False,890778.0,3001449.2666666666,False,2.7170346546983355,0
PG,Consumer Defensive,20.923975,3.8292706,6.2007713,4.18,11850375168.0,-0.148,-5.934111107142861,True,1.533967206109345,142.96499633789062,146.2666030883789,145.85351280212402,False,False,43.889286575394486,False,4261685.0,9176802.833333334,False,2.5566120101822416,0
TSLA,Consumer Cyclical,286.8972,11.700867,14.019273,4.4,4835999744.0,-0.03,244.01910097115385,False,1.454959053685168,306.7156982421875,392.5759130859375,412.2124786376953,False,False,13.756284322405335,False,20783392.0,43414249.733333334,False,2.424931756141947,0
NVR,Consumer Cyclical,16.157034,1.7288932,4.8612204,4.97,,-0.226,-26.72106502884616,True,1.2827944076582403,6252.580078125,6377.667197265625,6948.495244140625,False,False,43.54968032169738,False,11282.0,30466.066666666666,False,2.1379906794304007,0
UBER,Technology,17.148882,2.6203783,5.686194,5.52,6536625152.0,-0.846,-91.70892428048779,True,1.1503769008615312,69.15499877929688,71.8693000793457,78.68837509155273,False,False,36.41865059894147,False,6629647.0,19482528.233333334,False,1.917294834769219,0
TPL,Energy,52.74107,31.564108,17.02079,7.33,-56057624.0,0.183,-48.10196394285715,True,0.8549066873203786,383.54998779296875,395.21079528808593,383.86696212768555,False,False,43.52363540671182,False,76567.0,362542.23333333334,False,1.4248444788672976,0
CVNA,Consumer Cyclical,31.092592,2.861893,11.294445,,196750000.0,0.119,-11.785507028846158,True,,59.11000061035156,66.67759986877441,72.32280002593994,False,False,39.87952228069123,False,17750900.0,11126713.333333334,True,,25
FOX,Communication Services,13.652632,1.3446358,1.9901795,,1406499968.0,-0.493,-37.7248098,True,,51.86000061035156,52.506900253295896,56.45696844100952,False,False,63.89633570964945,True,291615.0,2102467.1666666665,False,,25
SNDK,Technology,43.20335,14.199387,13.5799465,,2259500032.0,,-65.65445628048779,True,,1250.7135009765625,1711.9998681640625,837.539116859436,False,True,31.66033667829008,False,15877388.0,14321476.266666668,False,,25
VICI,Real Estate,10.156977,7.1412663,0.9937806,,1285280000.0,0.601,-43.462721933333334,True,,26.239999771118164,27.01215187072754,27.674499979019163,False,False,52.94117360109738,True,8038419.0,10100870.633333333,False,,25
