ticker,sector,pe_ratio,ps_ratio,pb_ratio,peg_ratio,free_cash_flow,earnings_growth,pe_vs_sector,undervalued_flag,score,price,sma50,sma200,above_sma50,above_sma200,rsi,macd_bullish,volume_today,avg_volume_30d,volume_spike,fundamentals_score,technicals_score,headline_count,sentiment_score,sentiment_norm,macro_adjustment
HIG,Financial Services,9.847376,1.3333894,2.0068681,0.12,5507500032.0,0.361,-10.3381184942029,True,87.81144362292993,142.72999572753906,134.40809371948242,133.8160486602783,True,True,56.86479067011974,True,636954.0,1774958.4666666666,False,91.66025057744804,75,10.0,0.2508901000022888,86.57165431539153,3
GPN,Industrials,31.772058,2.6695635,0.99304795,0.24,7124387840.0,,-3.031866200000003,True,65.1673166640762,86.53500366210938,73.33649452209472,74.05162940979004,True,True,67.34998692067217,True,1629235.0,3450874.5,False,45.79162875341219,75,10.0,0.2886375069618225,91.55541862520352,0
MU,Technology,19.519087,10.810642,9.685703,0.13,7639499776.0,13.685,-88.96038454878048,True,59.79404964058574,864.0800170898438,962.0533618164062,514.7314043426513,False,True,42.447762225833095,False,48376857.0,51306648.56666667,False,84.60353952759635,25,10.0,-0.0271494388580322,49.862284265836905,3
SW,Consumer Cyclical,50.276592,0.7912332,1.3743964,0.26,1270000000.0,,7.648152461538466,False,59.55144267311108,47.43999862670898,43.495399932861325,40.748596572875975,True,True,59.124501855517714,True,2688129.0,5961887.633333334,False,42.26327322848636,75,10.0,0.1360913097858428,71.41484860146107,0
CSGP,Real Estate,161.1111,3.330235,1.4541442,0.11,427075008.0,12.61,105.04812056666664,False,57.411001055308056,29.040000915527344,30.79860008239746,49.022700023651126,False,False,52.73800073915768,True,7648127.0,7816214.233333333,False,100.0,25,10.0,-0.3797777831554413,3.3050052765402875,3
COF,Financial Services,11.506057,2.6645362,1.1827269,0.22,,,-8.6794374942029,True,56.768505369413134,209.1199951171875,196.49679901123048,206.2315590667725,True,True,59.758602083332526,False,2052413.0,4581227.1,False,49.96150346468818,50,10.0,0.2308755278587341,83.9291440515173,0
GM,Consumer Cyclical,39.178574,0.4278312,1.2413715,0.35,21933750272.0,-0.262,-3.449865538461537,True,54.10727931929503,87.87999725341797,80.12542907714844,76.97579307556153,True,True,70.99204486301261,True,3589453.0,8287215.1,False,31.375776180143788,75,10.0,0.11545991897583,68.69090019115161,0
FIS,Technology,8.890504,2.0727124,1.4844837,0.24,2446874880.0,30.406,-99.58896754878047,True,53.608045534896576,45.875,41.00244171142578,51.797962284088136,True,False,63.48217919231916,True,4415726.0,5693600.866666666,False,45.79162875341219,50,10.0,0.1822493493556976,77.50906297930543,0
TPR,Consumer Cyclical,46.17933,3.9100032,45.042988,0.3,1529737472.0,0.737,3.550890461538465,False,53.41741819478005,151.84500122070312,143.19662658691405,134.15168064117432,True,True,64.33270356770558,True,630289.0,2575762.966666667,False,36.61790438860503,75,10.0,0.0,53.446806099538925,0
DAL,Industrials,14.721392,0.8548801,2.6615295,0.21,2817374976.0,-0.254,-20.082532200000003,True,51.38142725984662,88.79000091552734,84.20681900024414,70.40946365356446,True,True,53.21396256831166,False,3065512.0,7652990.4,False,52.34428901398873,50,10.0,-0.013741797208786,51.63248601775845,0
AVY,Consumer Cyclical,19.753378,1.489854,5.8454413,1.92,809049984.0,0.043,-22.875061538461534,True,48.3241166769829,175.4499969482422,159.93803863525392,170.84630294799803,True,True,65.97310961720095,True,1297235.0,776287.8333333334,True,5.6565846573808365,100,8.0,0.1169926673173904,68.89326790580765,-3
CBRE,Real Estate,34.082382,0.99773747,4.961359,1.02,1686375040.0,-0.042,-21.98059743333333,True,48.07203072311727,149.3300018310547,135.42240036010742,148.01520053863524,True,True,62.60288794637759,True,1531111.0,1947763.7,False,10.715623829149497,75,10.0,0.3525974035263061,100.0,-3
MET,Financial Services,18.849129,0.8081939,2.3040001,0.5,-17429749760.0,0.359,-1.336365494202898,True,45.77380539540516,97.41999816894533,88.1773991394043,78.9678331375122,True,True,73.94187356236692,True,3336755.0,3893198.5,False,21.93994540491356,75,10.0,0.0742815613746643,63.25414981597033,-3
AMCR,Consumer Cyclical,36.128,0.9409433,1.7912816,0.62,149500000.0,-0.117,-6.500439538461535,True,44.34019037711366,45.1150016784668,41.439036254882815,41.210272006988525,True,True,58.46828356527044,True,1717800.0,3444033.333333333,False,17.678602474164425,75,10.0,0.0926104187965393,65.67409631869832,-3
BLK,Financial Services,26.339798,6.5516834,3.0146353,1.14,,0.197,6.154303505797099,False,43.87046083614626,1099.77001953125,1030.8775842285156,1045.8679541015624,True,True,61.74624561517314,True,390426.0,897790.8666666667,False,9.579558892331267,75,10.0,0.2128428101539611,81.54829667298593,-3
ABBV,Healthcare,127.635475,7.2872224,-68.781525,0.42,20811624448.0,-0.462,95.16363247592594,False,43.83792817894264,259.5350036621094,236.1295092773437,221.3658605194092,True,True,66.50561875310092,False,3275795.0,8092733.166666667,False,26.13364797168255,50,10.0,0.2608672678470611,87.88893295842747,-3
EXPE,Consumer Cyclical,25.867493,2.3165822,61.004166,0.91,3478249984.0,,-16.760946538461535,True,43.27680369401129,292.7699890136719,249.1106820678711,246.65257530212403,True,True,63.374784940795465,True,976341.0,1574278.0333333334,False,12.020225871979212,75,9.0,0.1487677494684855,73.08851025810323,-3
MSFT,Technology,27.379196,10.658946,8.187694,1.21,37011251200.0,0.234,-81.10027554878047,True,42.98584758924285,456.2000122070313,398.524755859375,432.5119795227051,True,True,74.5477100969916,True,87527070.0,43665942.333333336,True,9.02091539034214,100,10.0,-0.142503410577774,34.632178317944415,-3
ZBRA,Technology,34.938328,2.4651966,4.028779,0.56,559000000.0,0.038,-73.54114354878048,True,42.75080568990549,289.0450134277344,253.2856997680664,246.3557748413086,True,True,60.919867757741926,True,473147.0,758154.9,False,19.580987711106,75,4.0,0.0,53.446806099538925,-3
IQV,Healthcare,29.551552,2.3056407,6.345256,0.86,2149750016.0,-0.006,-2.920290524074069,True,42.5468261593898,238.9499969482422,192.73679962158204,197.30504974365235,True,True,70.76100603689774,True,978148.0,1590518.2666666666,False,12.723552554688682,75,8.0,0.1091373637318611,67.85613754889948,-3
CPAY,Technology,23.30419,5.3175216,7.3325043,0.91,2095142784.0,0.491,-85.17528154878048,True,42.30806245006837,389.6300048828125,355.4425994873047,320.295899810791,True,True,70.7244088731933,True,303951.0,678698.3666666667,False,12.020225871979212,75,7.0,0.1120811530521937,68.24480403838861,-3
CVS,Healthcare,46.008774,0.32997742,1.7240529,0.3,5201625088.0,0.631,13.536931475925932,False,42.20933860012187,104.86499786376952,100.35269134521484,83.25444259643555,True,True,53.7163114516179,False,4498373.0,7864139.1,False,36.61790438860503,50,9.0,-0.0930884016884697,41.15640812624804,0
IFF,Basic Materials,24.469042,1.8704034,1.4284554,0.9,3702625024.0,,-16.00285935294118,True,41.67492719452895,79.12000274658203,76.48379867553712,71.30319103240967,True,True,54.16886540368812,True,596713.0,1929270.433333333,False,12.154639415785914,75,10.0,0.0858134508132934,64.77669728712641,-3
ZBH,Healthcare,24.52202,2.1776636,1.4444749,0.65,1044124992.0,0.341,-7.949822524074069,True,41.52596227196695,94.55999755859376,88.42757461547852,90.686597366333,True,True,56.09386749463748,True,1106258.0,2328848.6,False,16.859113449020356,75,5.0,0.0,53.446806099538925,-3
APA,Energy,8.410257,1.5234987,1.9752545,0.66,1691250048.0,0.322,-93.12042139523808,True,40.97480461129394,36.185001373291016,35.3121374130249,30.850468072891235,True,True,66.7009732019761,True,2821635.0,5501384.5,False,16.602505774480296,75,10.0,-0.016499525308609,51.26838506388904,-3
BKNG,Consumer Cyclical,25.403162,5.39619,-17.238264,0.81,7075125248.0,2.4,-17.225277538461537,True,40.49080056234268,193.0,174.05300567626952,184.844015045166,True,True,61.81083490135814,True,4117730.0,7388404.333333333,False,13.51370969205364,75,10.0,0.0178093016147613,55.79815600459269,-3
SOLV,Healthcare,10.626683,1.8197808,3.0319538,1.22,377500000.0,-0.91,-21.84515952407407,True,40.47548285940967,86.94000244140625,78.15719955444337,75.1910000038147,True,True,70.76237626212938,True,592016.0,1217117.2,False,8.946342370170292,75,10.0,0.0950647801160812,65.99814396416518,-3
IR,Industrials,56.685806,4.2192435,3.2262344,0.81,1035425024.0,0.065,21.881881799999995,False,40.020530581331926,83.88999938964844,77.3268000793457,81.4486658859253,True,True,62.57485200916898,True,2397688.0,4276469.6,False,13.51370969205364,75,10.0,0.0,53.446806099538925,-3
CI,Healthcare,12.254872,0.27531102,1.8129873,0.89,6923375104.0,0.291,-20.21697052407407,True,39.4707942898079,288.32000732421875,286.3870556640625,277.6971611022949,True,True,46.69326551295055,True,1328729.0,1666564.3,False,12.29207348866692,75,10.0,0.0,53.446806099538925,-3
MDLZ,Consumer Defensive,38.631096,2.0497954,3.1582751,1.0,2252375040.0,1.449,11.675357214285714,False,39.36607051491102,63.3650016784668,60.73347763061523,57.77419984817505,True,True,65.31578270664119,True,5213359.0,10339465.3,False,10.931476167144956,75,10.0,0.0192209213972091,55.98453119847897,-3
EME,Industrials,26.743874,1.9991283,9.15684,0.36,891520000.0,0.3,-8.060050200000003,True,39.13587111194014,796.7100219726562,803.3867138671875,743.7963070678711,False,True,52.44855162497996,True,582941.0,508234.7,False,30.502088145400247,50,9.0,-0.1052580542034573,39.54965723255015,0
KDP,Consumer Defensive,23.24074,2.5193315,1.6897349,1.01,-16345499648.0,-0.477,-3.714998785714286,True,38.95075881973979,31.375,30.80787315368652,28.222960777282715,True,True,47.579982694603565,True,7565559.0,15395291.966666669,False,10.822481422216557,75,10.0,0.0053503632545471,54.15321089871168,-3
XYZ,Technology,63.914062,1.9891452,2.2183354,0.86,-794561728.0,,-44.56540954878048,True,38.56491461954504,81.97000122070312,75.1725994873047,67.63329990386963,True,True,61.82278930879564,True,2022251.0,5293025.033333333,False,12.723552554688682,75,10.0,-0.041659128665924,47.94657984967566,-3
LMT,Industrials,20.859358,1.6933966,14.822937,1.22,5562625024.0,4.438,-13.944566200000004,True,37.965215286484415,565.7449951171875,526.8447668457031,539.9211073303222,True,True,68.87401198110892,True,873039.0,1358471.3,False,8.946342370170292,75,,,53.446806099538925,-3
A,Healthcare,27.846386,5.4156876,5.4951262,1.22,930625024.0,0.6,-4.625456524074071,True,37.965215286484415,138.72000122070312,130.98710067749025,130.53098262786864,True,True,58.88489074331029,True,1066514.0,2304353.8,False,8.946342370170292,75,,,53.446806099538925,-3
FDS,Financial Services,17.643705,3.9038162,4.711904,1.22,621161344.0,-0.096,-2.5417894942028987,True,37.965215286484415,267.3550109863281,244.24572723388675,246.06982612609863,True,True,58.87044895224864,True,533516.0,1029500.5333333332,False,8.946342370170292,75,,,53.446806099538925,-3
REGN,Healthcare,17.843384,5.1357393,2.370437,1.23,3273349888.0,-0.072,-14.62845852407407,True,37.93220308365225,731.6900024414062,640.8850012207031,707.3566680908203,True,True,73.07136756562527,True,868916.0,909957.2,False,8.872981919432128,75,,,53.446806099538925,-3
OXY,Energy,75.25675,2.6228137,1.8012743,1.16,3033374976.0,3.156,-26.273928395238087,True,37.86278454904754,55.709999084472656,54.75054275512695,49.82206197738648,True,True,60.7469540561412,True,3266486.0,9228489.533333331,False,9.41306661710791,75,10.0,-0.0118328511714935,51.88452285674489,-3
SBUX,Consumer Cyclical,61.98266,3.17663,-14.433975,1.26,-1304087552.0,0.326,19.354220461538468,False,37.83631049447308,106.93000030517578,102.38700012207032,94.06160606384276,True,True,52.73808929114763,False,15248815.0,7429067.166666667,True,8.659887276811753,75,,,53.446806099538925,-3
WTW,Financial Services,19.62588,3.1914482,3.9524534,1.27,2052125056.0,0.33,-0.5596144942029007,True,37.80535304442311,333.9849853515625,272.98087219238283,296.64207771301267,True,True,77.26798537317657,True,702905.0,626190.1666666666,False,8.59109294336738,75,,,53.446806099538925,-3
LH,Healthcare,27.605309,1.8084501,2.941221,1.3,1142537472.0,0.329,-4.866533524074072,True,37.71533830504705,313.1288146972656,272.8355841064453,267.0874485015869,True,True,76.68976455227345,True,788038.0,749594.6,False,8.391060189198356,75,,,53.446806099538925,-3
XOM,Energy,26.398989,1.9937214,2.5551157,1.32,11630499840.0,-0.434,-75.13168939523808,True,37.65760157827553,156.8699951171875,146.53519927978516,137.8032488632202,True,True,83.37659014061859,True,5708846.0,16079154.866666667,False,8.262756351928328,75,,,53.446806099538925,-3
L,Financial Services,14.816793,1.2942934,1.2812163,1.32,2084000000.0,-0.063,-5.368701494202899,True,37.65760157827553,116.45500183105467,111.32921920776369,107.28522441864014,True,True,54.782902396121486,True,338394.0,858666.4666666667,False,8.262756351928328,75,,,53.446806099538925,-3
CDW,Technology,17.63642,0.8076063,7.2528048,1.33,884099968.0,0.077,-90.84305154878048,True,37.62938438098119,144.77000427246094,131.20277709960936,131.7968857574463,True,True,50.442071958465405,True,652963.0,1913135.433333333,False,8.200051469051996,75,,,53.446806099538925,-3
PRU,Financial Services,12.705459,0.677045,1.3400898,1.33,10378999808.0,-0.143,-7.4800354942029,True,37.62938438098119,123.37999725341795,110.08120574951172,103.78105739593506,True,True,72.76860765906358,True,1028945.0,1802738.1666666667,False,8.200051469051996,75,,,53.446806099538925,-3
PCAR,Industrials,28.190527,2.533537,3.5668051,1.35,23981574144.0,0.042,-6.613397200000005,True,37.57420408405002,134.0500030517578,120.60480026245118,115.01463485717774,True,True,67.95454039718487,True,2191152.0,3574005.066666667,False,8.077428586982727,75,,,53.446806099538925,-3
ABNB,Consumer Cyclical,37.420982,7.11225,11.8088665,1.36,3191000064.0,0.06,-5.207457538461533,True,37.54722254180058,151.52499389648438,140.7741000366211,132.38079990386962,True,True,54.500386256638926,True,1231730.0,3642761.0,False,8.017469604206209,75,,,53.446806099538925,-3
BALL,Consumer Cyclical,18.96793,1.2674323,3.0923522,1.37,403500000.0,0.219,-23.660509538461536,True,37.52063489067888,64.98999786376953,59.27676658630371,56.875696926116944,True,True,63.749992450080725,True,617068.0,2494635.6,False,7.958385935046867,75,,,53.446806099538925,-3
WAB,Industrials,39.255375,4.1178713,4.471835,1.37,1101374976.0,0.189,4.451450799999996,False,37.52063489067888,291.79998779296875,268.3708999633789,241.86959510803223,True,True,69.29967480019177,True,580236.0,1004524.5333333332,False,7.958385935046867,75,,,53.446806099538925,-3
SWK,Industrials,39.077866,0.9721261,1.6510823,1.39,1468225024.0,2.478,4.273941799999996,False,37.46860725682921,95.4499969482422,85.28902130126953,76.68586740493774,True,True,64.94419090212355,True,1465288.0,1790186.2666666666,False,7.842768970936502,75,,,53.446806099538925,-3
CTVA,Basic Materials,48.627026,3.3633544,2.4742153,1.4,2576124928.0,0.121,8.15512464705882,False,37.44315087883848,89.87000274658203,81.98663192749024,74.90982767105102,True,True,66.0045787983452,True,2636222.0,3989897.4,False,7.786199242068214,75,,,53.446806099538925,-3
DE,Industrials,34.038506,3.4300208,5.9207892,1.44,1098749952.0,-0.085,-0.7654182000000063,True,37.34486097492984,600.030029296875,587.36875,544.5140306091308,True,True,55.06813793880973,True,596175.0,1190399.1666666667,False,7.567777233382329,75,,,53.446806099538925,-3
RCL,Consumer Cyclical,19.780592,4.5818458,8.362292,1.46,-1516249984.0,-0.046,-22.847847538461536,True,37.29773567853528,320.3099975585937,291.94842346191405,284.1090015411377,True,True,72.66477838714428,True,1278475.0,2639565.833333333,False,7.463054352505534,75,,,53.446806099538925,-3
BRO,Financial Services,22.583065,3.5497422,1.8809707,1.51,1642749952.0,0.071,2.397570505797102,False,37.18538397852176,70.8499984741211,63.14840034484863,70.7873897743225,True,True,56.637523847804566,True,2454419.0,3055973.966666667,False,7.2133839080310596,75,,,53.446806099538925,-3
GEN,Technology,17.315287,3.2544634,6.226523,1.51,1422249984.0,2.652,-91.16418454878048,True,37.18538397852176,27.21500015258789,25.536900100708007,24.10325499534607,True,True,60.43166169627556,True,1830314.0,5498123.8,False,7.2133839080310596,75,,,53.446806099538925,-3
PCG,Utilities,12.758993,1.5117459,1.2084357,1.13,-6150125056.0,0.398,-14.4117605,True,37.03198385937216,17.75,16.952528648376465,16.620077481269835,True,True,60.431636413284735,True,28104282.0,19533086.066666663,False,9.665015104392817,75,10.0,-0.0475892096757888,47.16363531197692,-3
V,Financial Services,31.058672,15.082644,19.592855,1.59,20404000768.0,0.104,10.873177505797102,False,37.02031883938241,365.4200134277344,339.7034014892578,329.3369709777832,True,True,63.84913971179163,True,5415739.0,8868807.966666667,False,6.846572487721388,75,,,53.446806099538925,-3
SYK,Healthcare,40.409615,5.290515,5.8179708,1.6,4359875072.0,0.142,7.937772475925932,False,37.00084631124957,348.7200012207031,316.58617126464844,341.74305114746096,True,True,58.55619499917833,True,1433286.0,2557259.533333333,False,6.803300202981731,75,,,53.446806099538925,-3
KVUE,Consumer Defensive,22.99405,2.4251223,3.4959276,1.61,1858000000.0,0.469,-3.961688785714284,True,36.981615677876135,19.32999992370605,18.48719993591309,17.257537760734557,True,True,47.404852055150734,True,12567697.0,20686716.566666663,False,6.760565462151884,75,,,53.446806099538925,-3
ROP,Technology,16.196175,4.6408,2.0548978,1.62,2265687552.0,2.33,-92.28329654878048,True,36.96262245972954,388.7049865722656,343.94515197753907,382.5384434509277,True,True,60.62234380632554,True,585224.0,1135530.8,False,6.718358310714999,75,,,53.446806099538925,-3
BMY,Healthcare,18.344538,2.7584515,6.663614,1.64,9851750400.0,0.092,-14.12730452407407,True,36.92533089727097,65.44999694824219,57.61426704406738,54.43371328353882,True,True,75.97357862883428,True,12034896.0,12428613.2,False,6.635488171918186,75,,,53.446806099538925,-3
SYY,Consumer Defensive,23.433334,0.48328328,17.560368,1.65,1868375040.0,-0.135,-3.5224047857142864,True,36.90702413024586,84.37000274658203,79.72782501220703,77.56799579620362,True,True,52.18447096353259,True,1330557.0,3297451.9,False,6.594806467417932,75,,,53.446806099538925,-3
HII,Industrials,20.439571,0.96467644,2.406624,1.02,634124992.0,0.0,-14.364353200000004,True,36.89745381036158,314.8500061035156,291.96558959960936,345.0352279663086,True,False,63.79509423444903,True,834571.0,524649.0333333333,True,10.715623829149497,75,10.0,-0.0705880403518676,44.12711543622154,-3
WAT,Healthcare,48.503815,9.928258,2.4473445,1.66,-502370624.0,,16.031972475925933,False,36.88893792667888,381.5299987792969,367.1590020751953,354.1873507690429,True,True,52.93036676884792,True,362790.0,891653.0,False,6.554614903935755,75,,,53.446806099538925,-3
MCK,Healthcare,22.60146,0.2517405,-47.93757,1.66,5657625088.0,0.372,-9.87038252407407,True,36.88893792667888,865.8250122070312,788.043251953125,834.2400860595703,True,True,65.44702489470242,True,347556.0,1103635.2,False,6.554614903935755,75,,,53.446806099538925,-3
EOG,Energy,14.257621,3.2766712,2.5091715,1.12,2864250112.0,0.396,-87.27305739523808,True,36.8368889402384,145.11500549316406,136.4510821533203,121.99179084777832,True,True,69.11204959961981,True,869698.0,3664093.2666666666,False,9.751997320241175,75,10.0,-0.0564598500728607,45.99245073064935,-3
BBY,Consumer Cyclical,16.355555,0.44469544,6.036085,1.69,1143750016.0,0.379,-26.272884538461536,True,36.83596354345015,88.30000305175781,76.84847633361817,69.21712707519531,True,True,65.60725528146907,True,1127852.0,3593401.7333333334,False,6.436894052316357,75,,,53.446806099538925,-3
PSX,Energy,20.805143,0.62707394,2.9561234,1.2,-1134499968.0,-0.568,-80.72553539523808,True,36.82735941780686,210.3300018310547,185.1524008178711,158.25489616394043,True,True,73.13119155455252,True,1137299.0,2793263.3,False,9.096731294183524,75,10.0,-0.0456539094448089,47.41915167712138,-3
HAS,Consumer Cyclical,16.72064,2.673506,20.521948,1.72,721862528.0,,-25.907799538461536,True,36.78483710382242,94.0500030517578,84.68964202880859,86.39109245300293,True,True,78.63380185856224,True,539770.0,2404795.6666666665,False,6.32327974203252,75,,,53.446806099538925,-3
MA,Financial Services,33.33719,15.006269,76.08237,1.73,16148124672.0,0.212,13.1516955057971,False,36.768188995350194,576.4400024414062,512.0789996337891,526.2393444824219,True,True,73.55449452795554,True,3319558.0,3545901.933333333,False,6.28628394542757,75,,,53.446806099538925,-3
AMP,Financial Services,13.537121,2.4212303,7.5454774,1.75,,0.117,-6.6483734942028985,True,36.73546357069622,543.719970703125,481.9345989990234,473.8952587890625,True,True,73.06534378313812,True,169283.0,734219.4333333333,False,6.213560779529842,75,,,53.446806099538925,-3
MRSH,Financial Services,23.271393,3.2505078,5.992005,1.76,4785249792.0,0.073,3.0858985057971005,False,36.71937976823844,190.4199981689453,170.26577606201172,175.47405448913574,True,True,63.02872430002465,True,1808654.0,2754865.1333333333,False,6.177818996290334,75,,,53.446806099538925,-3
NDAQ,Financial Services,27.603498,9.427141,4.44361,1.77,1691500032.0,0.141,7.418003505797099,False,36.703477703661534,94.7750015258789,87.91709945678711,88.73341354370118,True,True,66.01290993156721,True,2046293.0,4830409.766666667,False,6.142481075008334,75,,,53.446806099538925,-3
DG,Consumer Defensive,18.075071,0.65348417,3.183088,1.77,1882562304.0,0.124,-8.880667785714284,True,36.703477703661534,127.69000244140624,114.39442596435546,122.07680976867675,True,True,60.60460243557634,True,950615.0,2666953.833333333,False,6.142481075008334,75,,,53.446806099538925,-3
J,Industrials,39.100945,1.1845324,4.7437615,0.43,512446368.0,,4.297020799999999,False,36.67520540090824,132.60000610351562,125.11448623657226,133.51007251739503,True,False,61.90645383420988,True,459023.0,1077977.433333333,False,25.52409818000101,50,,,53.446806099538925,-3
AVGO,Technology,64.365,24.346783,20.954422,0.43,27212249088.0,0.854,-44.114471548780486,True,36.67520540090824,385.9599914550781,395.417896118164,364.7125411987305,False,True,44.17753717482963,True,12908398.0,23886089.933333334,False,25.52409818000101,50,,,53.446806099538925,-3
PFG,Financial Services,16.26389,1.5612761,2.0915694,1.06,,0.028,-3.9216044942028994,True,36.66186517505166,114.1999969482422,108.52676132202149,93.67415927886962,True,True,55.34453388418462,True,569337.0,1643581.2333333334,False,10.308355266893903,75,10.0,-0.0725693345069885,43.86552652474702,-3
CMG,Consumer Cyclical,35.962963,4.10438,20.758951,1.8,1087909760.0,-0.179,-6.665476538461533,True,36.6568316475693,38.810001373291016,32.72180004119873,34.95575006484985,True,True,62.62412312657035,True,25132368.0,18976995.6,False,6.038823172581135,75,,,53.446806099538925,-3
DRI,Consumer Cyclical,19.795021,1.7916874,10.679552,1.82,790974976.0,0.36,-22.833418538461537,True,36.62658860021279,206.6875,201.88163269042968,193.84509201049804,True,True,52.63898690815088,True,857270.0,1592642.3333333333,False,5.971616400677784,75,,,53.446806099538925,-3
MMM,Industrials,31.409254,3.6153824,28.216112,1.83,6350125056.0,0.328,-3.394670200000004,True,36.61171497036533,176.68499755859375,160.1615170288086,157.9520871734619,True,True,73.57028785470459,True,1356465.0,3844655.5,False,5.938563889905646,75,,,53.446806099538925,-3
TMO,Healthcare,30.88847,4.5978694,4.102254,1.83,6226625024.0,0.094,-1.5833725240740684,True,36.61171497036533,574.2249755859375,502.0613201904297,529.6277496337891,True,True,70.2146757423891,True,1150717.0,2299530.566666667,False,5.938563889905646,75,,,53.446806099538925,-3
NDSN,Industrials,31.61604,5.672466,5.143548,1.84,574589504.0,0.061,-3.1878842000000027,True,36.59700301040751,295.739990234375,289.7425030517578,267.1324225616455,True,True,61.21746829696914,True,101604.0,394670.13333333336,False,5.905870645554943,75,,,53.446806099538925,-3
NTAP,Technology,27.213837,4.8967247,25.109531,1.91,1295250048.0,0.234,-81.26563454878048,True,36.49833274493127,173.15499877929688,159.95392547607423,119.88815952301026,True,True,53.83445517862136,True,848410.0,2855660.333333333,False,5.6866033889410685,75,,,53.446806099538925,-3
ON,Technology,61.25,5.3470497,4.4705634,0.29,1282174976.0,,-47.22947154878048,True,36.48682177604394,83.22000122070312,105.62360000610352,74.85345001220703,False,True,35.4897574114152,False,4578103.0,12187313.433333334,False,37.883245680302565,25,,,53.446806099538925,0
IEX,Industrials,33.720142,4.8380327,4.2996182,1.92,578887488.0,0.109,-1.0837822000000017,True,36.48482431572916,234.33999633789065,219.5125537109375,196.05841751098632,True,True,69.67051684675573,True,951013.0,767450.4333333333,False,5.6565846573808365,75,,,53.446806099538925,-3
CVX,Energy,33.443382,2.058345,2.0662282,0.78,11776499712.0,-0.445,-68.08729639523808,True,36.48202098711942,191.9900054931641,182.7514004516601,173.1053288269043,True,True,74.9760068681715,True,3592830.0,8758244.333333334,False,14.036429029079688,75,10.0,-0.1429127037525177,34.5781396201678,-3
TSN,Consumer Defensive,47.842518,0.38404924,1.1821932,1.04,1029000000.0,36.022,20.88677921428572,False,36.47519368546956,60.73500061035156,58.90565010070801,59.21817623138428,True,True,69.8023118056444,True,1077359.0,3114558.6333333333,False,10.508073504153856,75,10.0,-0.0830421864986419,42.48280304300164,-3
BEN,Financial Services,25.229008,1.9019468,1.4165094,0.37,-242137504.0,0.872,5.043513505797101,False,36.445468894781605,33.10049819946289,32.33339614868164,26.52154190063477,True,True,46.829603805674246,False,3220525.0,4613064.166666667,False,29.67562649091312,50,10.0,-0.0794491827487945,42.95718486935349,-3
YUM,Consumer Cyclical,25.322582,5.0992846,-5.949674,1.95,1261500032.0,0.722,-17.305857538461535,True,36.445130316073744,157.19000244140625,153.64416320800785,153.14728523254394,True,True,39.0630592937439,True,1809093.0,2683583.1,False,5.568375769257691,75,,,53.446806099538925,-3
DGX,Healthcare,24.905952,2.2376864,3.4300494,1.97,909625024.0,0.15,-7.565890524074071,True,36.41933929091693,234.6199951171875,205.53808837890625,192.3408353424072,True,True,77.78005127853226,True,515804.0,1058710.1333333333,False,5.511062380020316,75,,,53.446806099538925,-3
PKG,Consumer Cyclical,32.06031,2.3098872,4.770806,1.98,,-0.199,-10.568129538461534,True,36.40663916489274,247.58999633789065,229.08106384277343,215.1758173370361,True,True,68.13799610530442,True,250247.0,712158.2333333333,False,5.482839877744336,75,,,53.446806099538925,-3
PAYX,Technology,23.801636,10.432945,11.080541,2.04,,0.434,-84.67783554878048,True,36.333053140576105,116.41000366210938,102.67635116577148,101.11749683380128,True,True,64.91379632780293,True,2069119.0,3698750.633333333,False,5.319315379262925,75,,,53.446806099538925,-3
VRSK,Industrials,31.10154,8.44623,-22.681477,2.05,1014275008.0,-0.034,-3.702384200000005,True,36.3212075854422,201.78500366210932,184.8224203491211,198.59969116210937,True,True,62.39322943039472,True,1352007.0,2683166.9,False,5.29299192340982,75,,,53.446806099538925,-3
AMGN,Healthcare,26.926287,5.61459,22.73902,2.06,7436624896.0,0.044,-5.545555524074072,True,36.30947703569796,387.3200073242188,354.64460205078126,340.2109141540527,True,True,67.86621109770368,True,1226930.0,2582627.6666666665,False,5.266924035089269,75,,,53.446806099538925,-3
EMR,Industrials,34.58585,4.5583806,4.1122513,2.08,3272250112.0,0.279,-0.2180742000000037,True,36.28635431745209,149.0500030517578,141.5190002441406,138.76857856750487,True,True,64.42553556208426,True,1542468.0,2736682.2666666666,False,5.215540216765105,75,,,53.446806099538925,-3
VZ,Communication Services,12.050782,1.3911515,1.850186,0.88,18881875968.0,-0.22,-39.55153342500001,True,36.1291893647626,46.255001068115234,44.951468048095705,43.30039985656738,True,True,70.41976363570602,True,13022214.0,33150150.466666665,False,12.432631063204312,75,10.0,-0.1289431750774383,36.42252693160329,-3
ALLE,Industrials,20.47113,3.09313,6.2628984,2.26,484449984.0,0.162,-14.332794200000006,True,36.09666617750585,156.30999755859375,136.59887817382813,151.24018131256105,True,True,74.60000961304445,True,659505.0,1430630.1666666667,False,4.794011016884586,75,,,53.446806099538925,-3
MSI,Technology,34.57448,6.0061502,28.053505,2.28,1815124992.0,-0.138,-73.90499154878049,True,36.077438529792005,430.4150085449219,410.6613623046875,414.1700708007813,True,True,54.80272804336299,True,449409.0,1010900.3,False,4.751282910853813,75,,,53.446806099538925,-3
TRV,Financial Services,10.0650015,1.5957295,2.3600247,2.36,14775124992.0,0.571,-10.1204929942029,True,36.00378686227794,374.4100036621094,327.43544799804687,297.9982598876953,True,True,66.6291738949642,True,1540237.0,2271817.9,False,4.58761253860034,75,,,53.446806099538925,-3
ADP,Technology,24.083258,4.871301,16.606524,2.38,4749387264.0,0.105,-84.39621354878048,True,35.98614759736911,263.4649963378906,233.9740240478516,233.08483352661133,True,True,63.82241808053847,True,1515088.0,2779786.2666666666,False,4.548414172136272,75,,,53.446806099538925,-3
ICE,Financial Services,22.442503,8.355602,2.9603884,2.5,3743124992.0,0.797,2.257008505797099,False,35.8862388009255,154.60000610351562,140.0543603515625,153.88200004577638,True,True,82.80189005917693,True,4472835.0,4710114.5,False,4.326394624483796,75,,,53.446806099538925,-3
SHW,Basic Materials,31.691597,3.4132905,18.382519,2.53,2506037504.0,0.143,-8.78030435294118,True,35.86274246342196,343.3099975585937,322.34781677246093,331.42475296020507,True,True,54.6451388774813,True,824250.0,2550148.333333333,False,4.274180541142602,75,,,53.446806099538925,-3
DUK,Utilities,19.454685,3.017692,1.842289,2.56,-2246500096.0,0.12,-7.716068499999999,True,35.83979682132866,126.62999725341795,125.54280044555664,123.33626205444337,True,True,53.38432163584078,True,3050844.0,3834148.133333333,False,4.223190225379716,75,,,53.446806099538925,-3
ECL,Basic Materials,37.19839,4.637014,7.7464194,2.58,,0.033,-3.2735113529411777,True,35.82479618192399,277.6099853515625,267.4962106323242,269.5375260925293,True,True,52.99454560358369,True,549142.0,1403948.066666667,False,4.189855471147131,75,,,53.446806099538925,-3
TGT,Consumer Defensive,19.063408,0.6161512,3.9977283,2.61,3141250048.0,-0.247,-7.892330785714286,True,35.80272627567346,144.5399932861328,132.26139938354493,112.76312957763672,True,True,68.17476436219363,True,1491870.0,4228365.666666667,False,4.140811235034823,75,,,53.446806099538925,-3
AWK,Utilities,23.800694,5.1523294,2.4298024,2.68,-1896625024.0,-0.048,-3.3700595,True,35.7531513370062,137.30999755859375,129.01359970092773,130.21618576049804,True,True,66.33759113092728,True,2002170.0,2312842.333333333,False,4.030644704663146,75,,,53.446806099538925,-3
IRM,Real Estate,136.77174,5.167106,-30.81048,2.7,-499464512.0,8.6,80.70876056666665,False,35.73945921108858,125.87750244140624,125.04915603637696,105.75650074005128,True,True,58.62887503274697,True,1071087.0,1962556.2333333327,False,4.000217758179541,75,,,53.446806099538925,-3
AAPL,Technology,40.481213,10.865484,46.001377,2.71,101090746368.0,0.218,-67.99825854878048,True,35.73268893480459,333.92498779296875,309.3104998779297,277.3540057373047,True,True,64.93776909634593,True,35519636.0,60196951.2,False,3.985172699770673,75,,,53.446806099538925,-3
PM,Consumer Defensive,26.45467,7.0554314,-32.34632,2.73,9714374656.0,-0.075,-0.5010687857142848,True,35.719297179517575,192.58999633789065,182.885599975586,167.476957321167,True,True,60.21224793604437,True,4419921.0,5411990.7,False,3.955413243577308,75,,,53.446806099538925,-3
CBOE,Financial Services,25.631626,6.5493793,5.84171,2.73,1003075008.0,0.544,5.446131505797101,False,35.719297179517575,300.6400146484375,285.3520748901367,277.8880216217041,True,True,74.02273040351284,True,981552.0,1493451.7333333334,False,3.955413243577308,75,,,53.446806099538925,-3
VLTO,Industrials,23.926952,4.0656476,7.7637925,2.77,,0.101,-10.876972200000004,True,35.69309381718703,95.13999938964844,88.2986474609375,93.60520771026611,True,True,55.62212227838204,True,1055676.0,2326159.2,False,3.8971835495094247,75,,,53.446806099538925,-3
VRSN,Technology,31.183298,15.218049,-11.530379,2.79,832837504.0,0.077,-77.29617354878047,True,35.68027389260595,287.3399963378906,276.4952001953125,255.7942654418945,True,True,62.337103851907465,True,403119.0,875877.3,False,3.868694828218148,75,,,53.446806099538925,-3
MTD,Healthcare,32.46692,6.837055,-667.50604,2.8,615044352.0,0.067,-0.0049225240740682,True,35.673932608482815,1384.5899658203125,1224.0559985351565,1317.8619482421875,True,True,67.50474873971106,True,102182.0,200286.06666666668,False,3.854603085722285,75,,,53.446806099538925,-3
RTX,Industrials,37.418137,3.0635912,4.318325,2.82,9880000512.0,0.287,2.614212799999997,False,35.66138496117533,212.7400054931641,189.5518182373047,186.6032542419433,True,True,70.60554426037561,True,2948724.0,5229884.133333334,False,3.82671942503898,75,,,53.446806099538925,-3
ITW,Industrials,25.758371,4.972254,25.470245,2.87,,0.101,-9.045553200000004,True,35.630780943352185,284.7349853515625,263.8197317504883,259.1436688232422,True,True,63.03723668444506,True,843820.0,1533464.0,False,3.7587104965431153,75,,,53.446806099538925,-3
ROST,Consumer Cyclical,35.10405,3.3910878,12.797607,2.88,2047583488.0,0.374,-7.524389538461534,True,35.62478765652849,251.3500061035156,228.41991455078124,201.36866653442385,True,True,79.55158115475139,True,972867.0,2918945.566666667,False,3.7453920813793418,75,,,53.446806099538925,-3
GD,Industrials,23.219782,1.8748366,3.9380414,2.89,4734000128.0,0.134,-11.584142200000006,True,35.618835845738175,380.5299987792969,357.9334606933594,346.40281372070314,True,True,54.895291489985794,True,646308.0,1333873.6,False,3.7321658351786393,75,,,53.446806099538925,-3
PFE,Healthcare,19.046413,2.2460032,1.5781657,2.91,12376625152.0,-0.101,-13.425429524074069,True,35.607054941905794,24.934999465942383,24.70960781097412,24.920080690383912,True,True,67.64604589582153,True,29885621.0,46907140.7,False,3.705986048884466,75,,,53.446806099538925,-3
SYF,Financial Services,7.8810253,2.5233645,1.6974838,0.97,,0.036,-12.304469194202898,True,35.60231413457756,76.88500213623047,73.49050048828126,73.99633548736573,True,True,64.85131478929571,True,1755916.0,3983167.2,False,11.271944287900688,75,9.0,-0.1291160980860392,36.39969602511125,-3
DVN,Energy,12.275766,3.176309,1.7738689,2.92,1607500032.0,-0.753,-89.25491239523808,True,35.60122500833121,44.09000015258789,43.863250198364256,41.36907178878784,True,True,59.72803138584365,True,4886881.0,12723986.033333331,False,3.693030640940945,75,,,53.446806099538925,-3
CHD,Consumer Defensive,32.296055,3.7488515,5.555996,3.03,1128824960.0,0.022,5.340316214285718,False,35.53963551205317,98.3499984741211,97.03859985351562,92.61322113037107,True,True,55.76143095131543,True,2071431.0,1905927.7,False,3.556165093656422,75,,,53.446806099538925,-3
NWSA,Communication Services,35.588608,1.72978,1.8021281,3.07,1744000000.0,-0.104,-16.013707425000007,True,35.51833360750691,28.09499931335449,26.62050006866455,25.7157595539093,True,True,55.06637734320018,True,1350304.0,5267453.466666667,False,3.50882752799805,75,,,53.446806099538925,-3
WSM,Consumer Cyclical,26.066069,3.4772043,14.658061,3.08,885462144.0,0.043,-16.562370538461536,True,35.51309458390503,232.80499267578125,217.5273107910156,196.92814987182612,True,True,61.55511705659617,True,292957.0,1090708.566666667,False,3.4971852533272,75,,,53.446806099538925,-3
ALL,Financial Services,5.848639,0.9979809,2.3032277,3.13,12428999680.0,3.384,-14.3368554942029,True,35.48740160873285,264.6400146484375,234.24850158691407,212.1500355529785,True,True,59.24769975739726,True,822011.0,1848970.3666666667,False,3.440089752944598,75,,,53.446806099538925,-3
AME,Industrials,36.257187,7.2300363,5.030647,3.15,1385356544.0,0.145,1.4532627999999974,False,35.47735280066552,239.75,232.51765228271483,218.4406214904785,True,True,59.10958346402329,True,405041.0,1111994.7,False,3.4177590683505144,75,,,53.446806099538925,-3
BXP,Real Estate,38.182793,3.9260874,2.1876538,3.16,,-0.232,-17.880186433333336,True,35.47237609667015,71.04000091552734,65.21360572814942,62.636254959106445,True,True,63.7191289586812,True,978443.0,1519764.7666666666,False,3.4066997261385707,75,,,53.446806099538925,-3
GRMN,Technology,30.162886,7.355318,6.251175,3.33,1043656256.0,0.353,-78.31658554878048,True,35.39234531620399,293.0299987792969,241.21326385498048,227.6403681182861,True,True,78.17792635780097,True,719246.0,1046181.5333333332,False,3.2288535473248845,75,,,53.446806099538925,-3
TJX,Consumer Cyclical,31.0,2.8582683,16.925856,3.34,4314250240.0,0.293,-11.628439538461537,True,35.38789133123968,159.53500366210938,157.43870025634766,153.77563163757324,True,True,70.27966535614438,True,2262847.0,5513134.9,False,3.218955802959769,75,,,53.446806099538925,-3
CTAS,Industrials,42.180893,7.371884,16.15648,3.35,1463799936.0,0.156,7.376968799999993,False,35.38346393723039,207.7899932861328,182.30919921875,184.2456516265869,True,True,74.55940943611436,True,1641420.0,2419157.333333333,False,3.209117149605788,75,,,53.446806099538925,-3
FAST,Industrials,39.78205,6.10445,13.126057,3.45,916124992.0,0.146,4.978125799999994,False,35.340601630010006,46.61000061035156,45.840685806274415,43.74221410751343,True,True,51.77718769376114,True,4326575.0,8639709.166666666,False,3.1138675780049354,75,,,53.446806099538925,-3
NWS,Communication Services,40.12025,1.9500401,2.0316005,3.53,1744000000.0,-0.104,-11.482065425000007,True,35.30806027495317,31.68000030517578,30.26759994506836,29.31888808250428,True,True,54.27594048376622,True,534567.0,1738005.566666667,False,3.041553455656413,75,,,53.446806099538925,-3
CF,Basic Materials,11.326576,2.607674,3.6152804,3.59,1076375040.0,1.151,-29.14532535294118,True,35.28460602531263,125.8249969482422,114.9188995361328,102.37935668945312,True,True,62.90018678367356,True,681898.0,2519256.6,False,2.9894329008996428,75,,,53.446806099538925,-3
CASY,Consumer Cyclical,45.056076,1.8200492,8.066165,3.68,550939648.0,0.66,2.4276364615384622,False,35.25085867426733,864.5700073242188,824.0953991699218,689.8812326049805,True,True,60.437663644715606,True,128158.0,476768.6,False,2.914438787465649,75,,,53.446806099538925,-3
HON,Industrials,9.23847,2.0019345,5.6041636,3.9,2610374912.0,2.639,-25.565454200000005,True,35.17492232710045,240.32000732421875,233.47116821289063,225.63627197265623,True,True,65.59695372198262,True,1205644.0,4695407.6,False,2.745691349317023,75,,,53.446806099538925,-3
HST,Real Estate,16.986393,2.8044915,2.5050159,4.11,1190875008.0,1.053,-39.07658643333333,True,35.110021188977726,24.975000381469727,23.47922451019287,19.274651436805726,True,True,70.01113788910847,True,3512747.0,9506348.233333332,False,2.601466597933193,75,,,53.446806099538925,-3
KO,Consumer Defensive,26.570572,7.5949945,10.53208,4.11,5264750080.0,0.169,-0.3851667857142864,True,35.110021188977726,88.47000122070312,81.71585159301758,75.23712108612061,True,True,63.188559471858746,True,9958617.0,19596000.566666663,False,2.601466597933193,75,,,53.446806099538925,-3
DASH,Consumer Cyclical,92.01422,5.7465377,8.299846,4.22,2295624960.0,-0.061,49.38578046153846,False,35.078603237889205,194.51499938964844,173.80210052490236,191.416275100708,True,True,52.06433583107462,True,1856102.0,4387943.4,False,2.5316489288475887,75,,,53.446806099538925,-3
BF-B,Consumer Defensive,18.908497,3.379568,3.3010042,4.4,739625024.0,-0.627,-8.047241785714284,True,35.03058051017166,28.940000534057617,26.31540626525879,26.854138641357423,True,True,65.90127417965351,True,1107596.0,2851239.8666666667,False,2.424931756141947,75,,,53.446806099538925,-3
SPG,Real Estate,63.841667,13.135231,15.468435,4.58,2494690560.0,0.164,7.778687566666669,False,34.98633249467646,230.1649932861328,217.17969146728515,193.3989991760254,True,True,68.10740559335431,True,591015.0,2120830.5,False,2.3266028328192823,75,,,53.446806099538925,-3
BIIB,Healthcare,36.86945,3.0584705,1.669079,4.79,1000400000.0,-0.848,4.3976074759259305,False,34.93891290952503,207.96499633789065,200.2731005859375,183.0566752624512,True,True,55.62288788874527,True,497224.0,1437594.1333333333,False,2.221225976927212,75,,,53.446806099538925,-3
PSA,Real Estate,32.848812,12.202055,11.463428,4.81,2338522624.0,0.328,-23.21416743333333,True,34.93461270756496,319.42999267578125,315.3281457519531,289.4675249481201,True,True,49.1282171536954,True,931420.0,1174654.0,False,2.2116699725714914,75,,,53.446806099538925,-3
NUE,Basic Materials,20.648561,1.6308573,2.7444026,5.21,669000000.0,0.938,-19.82334035294118,True,34.8555418154776,258.7149963378906,241.70368377685543,189.87594123840333,True,True,74.22895756648194,True,600959.0,1657155.3,False,2.0359568790440337,75,,,53.446806099538925,-3
WRB,Financial Services,15.11214,1.8294955,2.941565,5.22,,0.15,-5.073354494202899,True,34.8537203069003,73.3949966430664,69.4156925201416,69.07164724349975,True,True,53.80965727774044,True,669045.0,2081754.8333333333,False,2.03190908220559,75,,,53.446806099538925,-3
EXR,Real Estate,98.430466,9.344511,2.3685303,6.4,,0.062,42.36748656666666,False,34.67874733140775,148.6199951171875,145.61573791503906,138.2468363189697,True,True,59.17320221192288,True,1078673.0,1274929.1,False,1.6430802477777,75,,,53.446806099538925,-3
BRK-B,Financial Services,15.144643,2.9236922,0.0010065285,10.06,61228249088.0,1.196,-5.040851494202899,True,34.397140894488565,509.1300048828125,490.7448010253906,490.2939001464844,True,True,66.39033868451186,True,2260963.0,4639185.433333334,False,1.017288165735064,75,,,53.446806099538925,-3
STLD,Basic Materials,22.988668,1.7694902,3.8762517,11.95,234191248.0,0.836,-17.48323335294118,True,34.31925920482136,253.6300048828125,247.5738092041016,197.17195724487303,True,True,73.87765153803441,True,483268.0,1340722.2666666666,False,0.8442177442523898,75,,,53.446806099538925,-3
MRK,Healthcare,36.574646,4.875958,6.9896636,12.11,14049250304.0,,4.102803475925931,False,34.31378214630187,129.90499877929688,122.2357292175293,110.14474174499512,True,True,63.3858870350528,True,3762660.0,10136495.333333334,False,0.8320465030979582,75,,,53.446806099538925,-3
INCY,Healthcare,15.705732,4.2942653,4.7350025,12.21,1180664576.0,0.377,-16.766110524074072,True,34.310431877602646,123.44000244140624,108.66400009155274,101.08625007629396,True,True,60.83039915253966,True,1333262.0,1997655.4,False,0.8246014615441366,75,,,53.446806099538925,-3
DLR,Real Estate,94.20732,10.754264,2.6760476,14.38,,-0.588,38.14434056666666,False,34.24920746448291,193.10499572753903,184.70047485351563,174.21196769714356,True,True,61.36830889130775,True,1499941.0,3782988.033333333,False,0.6885472101669403,75,,,53.446806099538925,-3
KKR,Financial Services,34.311222,3.709805,3.2097175,0.55,,,14.1257275057971,False,34.16164371448328,100.98999786376952,95.78859985351562,107.00716804504394,True,False,57.91323719125032,True,2825456.0,4301945.2,False,19.938405543501084,50,,,53.446806099538925,-3
HPQ,Technology,9.905556,0.42598724,-170.35031,21.83,3450874880.0,0.162,-98.57391554878048,True,34.1316410974948,26.795000076293945,24.415238189697263,22.009557361602784,True,True,62.54262035616961,True,11422463.0,15831022.1,False,0.42728861686003,75,,,53.446806099538925,-3
BA,Industrials,79.09712,1.8476245,28.497927,26.48,5625375232.0,,44.2931958,False,34.091791798738775,220.0,218.8625991821289,218.3697003173828,True,True,47.8490577553803,True,2998076.0,5685179.2,False,0.338734619624415,75,,,53.446806099538925,-3
FANG,Energy,1649.5834,3.8513014,1.5267676,56.78,1397250048.0,-0.984,1548.052721604762,False,33.99196004360435,198.08999633789065,191.8478002929688,172.12535766601562,True,True,64.37229991350175,True,675166.0,2183185.533333333,False,0.1168862748812628,75,,,53.446806099538925,-3
BDX,Healthcare,28.895288,2.052514,1.8904139,1.11,4531250176.0,,-3.5765545240740693,True,33.8881857794863,165.60000610351562,150.9907681274414,153.4113271331787,True,True,67.27366116979483,True,977938.0,2432114.6,False,9.840546783221942,75,10.0,-0.169637382030487,31.04969863518213,-3
WDAY,Technology,49.056076,3.9467134,5.867208,0.58,3118749952.0,2.48,-59.42339554878048,True,33.69576805708554,157.94000244140625,135.60819900512695,165.962399559021,True,False,60.63866217730428,True,4917073.0,4950495.766666667,False,18.903126304839464,50,,,53.446806099538925,-3
RJF,Financial Services,15.22561,2.2012036,2.707236,0.9,,0.42,-4.9598844942029,True,33.674141777419074,174.8699951171875,158.15655944824218,157.19625007629395,True,True,64.33121761960176,True,437987.0,1515026.2333333334,False,12.154639415785914,75,9.0,-0.2171793116463555,24.77277020157705,-3
AFL,Financial Services,14.566857,3.581891,2.171898,1.18,4923125248.0,38.6,-5.618637494202899,True,33.58090968708529,127.4800033569336,119.44980010986328,112.4820985031128,True,True,66.80748279242292,True,830781.0,2244809.3666666667,False,9.252218147824324,75,10.0,-0.1712479412555694,30.83705760282171,-3
LUV,Industrials,28.39375,0.73902595,3.138298,0.36,-834750016.0,0.205,-6.410174200000004,True,33.1653008853379,45.459999084472656,46.03574645996094,41.43429975509643,False,True,38.8261748642036,False,2461561.0,6206545.366666666,False,30.502088145400247,25,,,53.446806099538925,0
PHM,Consumer Cyclical,13.196118,1.4998975,1.9025389,1.15,1078512896.0,-0.182,-29.432321538461537,True,33.132434857740286,129.23060607910156,124.78010498046876,123.74690464019776,True,True,56.71565636375113,True,802817.0,2034717.2333333327,False,9.495588875262095,75,10.0,-0.1923792958259582,28.04709931936172,-3
IT,Technology,15.07757,1.5779483,163.36725,0.64,1064192896.0,0.173,-93.40190154878049,True,32.89504427093319,152.9499969482422,145.63499954223633,184.56064975738525,True,False,61.57913401171724,True,1313030.0,1432597.6666666667,False,17.123740113389793,50,,,53.446806099538925,-3
AIG,Financial Services,13.80986,1.5575961,1.0345556,0.65,9517249536.0,0.216,-6.375634494202899,True,32.77596227196695,78.5199966430664,76.76468978881836,76.78151969909668,True,True,47.939119644122776,False,1665203.0,4089976.7666666666,False,16.859113449020356,50,,,53.446806099538925,-3
ADBE,Technology,14.197159,3.9170787,8.601805,0.65,9218374656.0,0.079,-94.28231254878048,True,32.77596227196695,248.3000030517578,228.43540008544923,276.8936000823975,True,False,59.88456212629787,True,4701367.0,6606888.9,False,16.859113449020356,50,,,53.446806099538925,-3
COR,Healthcare,23.985834,0.18543027,17.938213,0.66,-318246112.0,1.283,-8.48600852407407,True,32.66048881842392,313.29998779296875,287.57200012207034,323.6905196380615,True,False,58.74732781605411,True,467071.0,1524652.3666666667,False,16.602505774480296,50,,,53.446806099538925,-3
RVTY,Healthcare,54.712563,4.353181,1.7601211,0.68,508969248.0,0.035,22.240720475925933,False,32.439730745474016,113.63500213623048,105.64074951171877,98.68529197692872,True,True,52.90585042128848,False,950682.0,1478066.066666667,False,16.11193227903606,50,,,53.446806099538925,-3
GDDY,Technology,15.695722,2.610401,55.360535,0.68,1347612544.0,0.06,-92.78374954878048,True,32.439730745474016,99.27999877929688,87.12519958496094,100.83985008239746,True,False,62.89841085897204,True,854510.0,2100000.333333333,False,16.11193227903606,50,,,53.446806099538925,-3
DELL,Technology,782.7481,1.9626474,-188.17798,0.7,5434124800.0,2.825,674.2686284512196,False,32.23158741954982,407.0799865722656,395.0872067260742,212.28248229980468,True,True,45.375938381436654,False,4096465.0,7408682.166666667,False,15.649391554760072,50,,,53.446806099538925,-3
CRM,Technology,20.87833,3.445502,4.3104234,0.72,16552999936.0,0.522,-87.60114154878048,True,32.035007611732524,180.3000030517578,170.77342193603516,204.48139366149903,True,False,60.730535926531,True,7646034.0,15234261.133333333,False,15.212547537388302,50,,,53.446806099538925,-3
DVA,Healthcare,23.073147,1.1121773,-21.001314,0.73,999662976.0,0.435,-9.398695524074071,True,31.94075701894341,239.6000061035156,215.96920043945312,156.0715999984741,True,True,60.11905491757754,False,159466.0,749665.5333333333,False,15.003101775634711,50,,,53.446806099538925,-3
CTSH,Technology,11.63734,1.1852319,1.7299901,0.77,2197499904.0,0.038,-96.84213154878049,True,31.588235321238663,54.2599983215332,47.491399993896486,63.53847589492798,True,False,77.97987688888134,True,6799063.0,12954722.1,False,14.219720225179731,50,,,53.446806099538925,-3
STT,Financial Services,16.049383,3.327955,2.0917616,0.78,,-0.241,-4.1361114942029005,True,31.50575428299365,181.91000366210932,170.16873107910158,138.19855239868164,True,True,52.431658189073744,False,1291421.0,2656320.7,False,14.036429029079688,50,,,53.446806099538925,-3
INTU,Technology,19.241611,4.1225977,4.192914,0.79,5232000000.0,0.107,-89.23786054878047,True,31.425361372299136,315.489990234375,292.781657409668,465.30775718688966,True,False,65.84316248890276,True,3260546.0,4949451.533333333,False,13.857778116425216,50,,,53.446806099538925,-3
HWM,Industrials,64.161255,12.831234,20.080967,0.8,1192749952.0,0.714,29.3573308,False,31.346978284371986,276.5199890136719,268.7346014404297,235.69956687927245,True,True,55.09799552854585,False,935160.0,2952062.0,False,13.683593476587108,50,,,53.446806099538925,-3
AES,Utilities,7.7239585,0.84697115,2.3927073,0.81,-2964999936.0,9.511,-19.446795,True,31.270530581331926,14.829999923706056,14.707599983215331,14.328465132713315,True,True,59.25931158716423,False,5669873.0,7947179.1,False,13.51370969205364,50,,,53.446806099538925,-3
AJG,Financial Services,41.503235,4.6417136,2.7714865,0.83,1080225024.0,0.162,21.317740505797097,False,31.123161515230606,257.1700134277344,229.444098815918,234.13369491577149,True,True,52.49024532531849,False,755238.0,1701341.2666666666,False,13.186222878495151,50,,,53.446806099538925,-3
CHTR,Communication Services,3.6604214,0.3485394,0.98978347,0.83,2198374912.0,0.161,-47.94189402500001,True,31.123161515230606,140.49000549316406,136.17419967651367,192.86775020599364,True,False,59.95919673972515,True,2180350.0,3866845.0,False,13.186222878495151,50,,,53.446806099538925,-3
HPE,Technology,43.52336,1.5896314,2.4365613,0.85,3836000000.0,,-64.95611154878048,True,30.98272746400464,46.61000061035156,45.59339981079101,29.157216558456422,True,True,45.299560594416455,False,9676468.0,20152412.266666666,False,12.874147209104123,50,,,53.446806099538925,-3
ADSK,Technology,34.408623,6.6197004,15.571985,0.87,3060999936.0,2.314,-74.07084854878048,True,30.84875015076608,235.3600006103516,216.09260040283203,254.20744972229005,True,False,65.11967489990656,True,1398193.0,2811396.433333333,False,12.576419846351758,50,,,53.446806099538925,-3
VEEV,Healthcare,35.82739,9.871652,4.4996033,0.88,1259549056.0,0.146,3.355547475925931,False,30.78404519834973,201.83999633789065,177.25640106201172,204.28190063476563,True,False,58.26050240862579,True,817178.0,2103465.933333333,False,12.432631063204312,50,,,53.446806099538925,-3
TEL,Technology,20.265688,3.1018343,4.5246797,0.89,2336875008.0,0.192,-88.21378354878048,True,30.7207942898079,206.6150054931641,205.5836920166016,218.7880791473389,True,False,56.69056106127672,True,1739592.0,2663616.4,False,12.29207348866692,50,,,53.446806099538925,-3
LULU,Consumer Cyclical,9.588997,1.2012638,2.8103287,0.9,1133960960.0,-0.35,-33.039442538461536,True,30.658948957011447,118.6999969482422,118.69539962768556,159.3458494567871,True,False,48.9079465002245,True,1183720.0,3065840.6666666665,False,12.154639415785914,50,,,53.446806099538925,-3
NOW,Technology,68.55312,7.6974716,9.645181,0.93,5149374976.0,-0.219,-39.92635154878048,True,30.481393001563568,109.75499725341795,105.42910049438476,125.28394496917724,True,False,51.838530942154335,True,22317538.0,24850374.6,False,11.760070625901731,50,,,53.446806099538925,-3
ALGN,Healthcare,30.321178,3.053894,3.014377,0.93,532954624.0,0.239,-2.1506645240740703,True,30.481393001563568,174.80999755859375,173.50000061035155,166.51499961853028,True,True,44.67156252026067,False,937101.0,1044833.3666666668,False,11.760070625901731,50,,,53.446806099538925,-3
TECH,Healthcare,102.935715,9.272245,5.4083166,0.96,299849376.0,1.286,70.46387247592594,False,30.314934293331177,72.05500030517578,61.81110008239746,59.44245901107788,True,True,65.50299065361995,False,2995975.0,6835929.166666667,False,11.390162385385317,50,,,53.446806099538925,-3
EG,Financial Services,7.928133,0.85611784,0.98737216,0.97,3993250048.0,2.307,-12.2573614942029,True,30.261736149463097,375.3599853515625,354.75388793945314,334.8054588317871,True,True,52.43927090513301,False,471854.0,424075.13333333336,False,11.271944287900688,50,,,53.446806099538925,-3
NCLH,Consumer Cyclical,15.237904,0.8647854,3.5677872,1.02,-1500744960.0,,-27.39053553846153,True,30.01139194302506,18.90999984741211,19.21259992599488,20.30955006122589,False,False,44.49684987608233,True,25526815.0,15789480.5,True,10.715623829149497,50,,,53.446806099538925,-3
PTC,Technology,13.309408,5.287006,4.1060476,1.04,986047232.0,2.689,-95.17006354878048,True,29.917994296777024,137.4550018310547,127.14850036621094,154.4411757659912,True,False,63.22413602939718,True,1999190.0,1872699.6666666667,False,10.508073504153856,50,,,53.446806099538925,-3
ACGL,Financial Services,7.8497653,1.7787604,1.5096157,1.05,5318125056.0,-0.071,-12.3357291942029,True,29.872629725742264,100.4250030517578,96.40269989013672,94.7246248626709,True,True,48.82037097299057,False,1091431.0,2016731.0333333327,False,10.407263346298832,50,,,53.446806099538925,-3
BR,Technology,16.441177,2.4281404,6.309773,1.05,1187662464.0,0.151,-92.03829454878048,True,29.872629725742264,153.92999267578125,146.69242370605468,182.0837768554688,True,False,57.15550922254516,True,519979.0,1345465.9666666666,False,10.407263346298832,50,,,53.446806099538925,-3
PYPL,Financial Services,10.878072,1.4534632,2.56348,1.01,4423124992.0,-0.031,-9.3074224942029,True,29.79715869256769,57.57500076293945,46.744651336669925,51.94309892654419,True,True,84.1370884044573,True,7312704.0,18934743.466666665,False,10.822481422216557,75,10.0,-0.3412999272346496,8.385210262851194,-3
BAC,Financial Services,14.273672,3.8070893,1.5709674,1.07,,0.36,-5.9118224942029,True,29.784444391394317,61.845001220703125,56.96025550842285,53.08369472503662,True,True,62.59410835946411,False,13705445.0,35485641.5,False,10.21129593663673,50,,,53.446806099538925,-3
SCHW,Financial Services,18.978182,6.9752526,3.6147666,1.07,,0.426,-1.207312494202899,True,29.784444391394317,104.33999633789062,94.89539962768556,95.08344779968262,True,True,53.77472644463717,False,3230205.0,10052230.166666666,False,10.21129593663673,50,,,53.446806099538925,-3
CCL,Consumer Cyclical,12.497748,1.3914144,2.9353578,1.09,1899374976.0,-0.065,-30.130691538461534,True,29.699495216105007,27.73500061035156,27.537300033569338,27.775767726898195,True,False,57.57323185487925,True,12930605.0,21528966.83333333,False,10.022519991549384,50,,,53.446806099538925,-3
UHS,Healthcare,6.5951023,0.53998023,1.3561058,1.11,497965120.0,0.101,-25.87674022407407,True,29.61760727235766,161.35000610351562,151.10906341552734,191.5256427001953,True,False,55.72503716457422,True,628346.0,985721.5333333332,False,9.840546783221942,50,,,53.446806099538925,-3
ACN,Technology,13.083067,1.371208,3.1426873,1.12,12089380864.0,0.09,-95.39640454878048,True,29.577760014016313,163.60000610351562,153.31096298217773,207.81055294036867,True,False,70.41302388290099,True,5624340.0,11848064.666666666,False,9.751997320241175,50,,,53.446806099538925,-3
LVS,Consumer Cyclical,19.236435,2.3431306,55.328873,1.13,2212875008.0,-0.198,-23.39200453846153,True,29.538618016884563,49.584999084472656,48.22190002441406,55.433958568573,True,False,66.999409091744,True,4493706.0,5119473.533333333,False,9.665015104392817,50,,,53.446806099538925,-3
NTRS,Financial Services,15.667096,2.46549,2.7883704,1.21,,0.986,-4.5183984942028985,True,29.24877314556175,182.41000366210932,175.45111450195313,149.78489601135254,True,True,48.557694349581176,False,318749.0,1090228.3,False,9.02091539034214,50,,,53.446806099538925,-3
RMD,Healthcare,20.008198,5.4348445,4.6356044,1.21,1446655104.0,0.105,-12.46364452407407,True,29.24877314556175,207.5,199.13660064697265,231.46827201843263,True,False,52.9915987352329,True,576783.0,1519429.433333333,False,9.02091539034214,50,,,53.446806099538925,-3
ARES,Financial Services,57.02765,6.907724,10.875297,1.21,1757137152.0,7.705,36.8421555057971,False,29.24877314556175,123.80999755859376,123.14686477661132,131.94279777526856,True,False,53.93391059021264,True,1821571.0,2337255.7,False,9.02091539034214,50,,,53.446806099538925,-3
APH,Technology,39.545,6.7076097,13.912048,1.23,3762800128.0,0.593,-68.93447154878048,True,29.182203083652247,158.25999450683594,152.96142181396485,141.54824169158937,True,True,49.1833364434535,False,6653718.0,7717630.6,False,8.872981919432128,50,,,53.446806099538925,-3
HCA,Healthcare,13.291554,1.127839,-13.305823,1.26,3738125056.0,0.116,-19.180288524074072,True,29.086310494473075,396.05999755859375,386.8173303222656,456.0004533386231,True,False,46.55409306995677,True,738521.0,1713317.3666666667,False,8.659887276811753,50,,,53.446806099538925,-3
EA,Communication Services,59.67379,6.9739947,7.763631,1.3,2219124992.0,0.853,8.07147457499999,False,28.965338305047048,209.4810028076172,204.76678894042968,202.4441526031494,True,True,85.95166217109376,False,2639246.0,2452151.533333333,False,8.391060189198356,50,,,53.446806099538925,-3
GL,Financial Services,12.136636,2.2889185,2.3365676,1.3,,0.197,-8.0488584942029,True,28.965338305047048,182.67999267578125,169.82026641845704,147.79755210876465,True,True,55.52785645041723,False,376939.0,723084.6333333333,False,8.391060189198356,50,,,53.446806099538925,-3
TFC,Financial Services,11.939081,3.3343043,1.0811234,1.3,,0.367,-8.2464134942029,True,28.965338305047048,51.915000915527344,50.10929985046387,48.07985603332519,True,True,51.53992891381616,False,5181850.0,8940468.333333334,False,8.391060189198356,50,,,53.446806099538925,-3
BNY,Financial Services,18.187864,4.9385204,2.649904,1.32,,0.269,-1.9976304942028984,True,28.90760157827553,155.93499755859375,147.05017303466798,125.0836947631836,True,True,57.39535238378271,False,1068113.0,4291237.1,False,8.262756351928328,50,,,53.446806099538925,-3
GPC,Consumer Cyclical,498.72,0.6855724,3.79763,1.32,917241984.0,-0.098,456.0915604615385,False,28.90760157827553,124.45500183105467,111.7321337890625,117.35789520263673,True,True,48.22651675621635,False,548632.0,2093184.4,False,8.262756351928328,50,,,53.446806099538925,-3
UNH,Healthcare,31.820917,0.8532093,3.6660106,1.34,22759749632.0,0.615,-0.6509255240740686,True,28.85158833588526,423.05999755859375,408.8929052734375,341.1738343811035,True,True,49.0547763030988,False,2301433.0,6044044.433333334,False,8.138282479949938,50,,,53.446806099538925,-3
DXCM,Healthcare,31.729614,5.9211674,9.648916,1.37,1056637504.0,0.922,-0.7422285240740685,True,28.77063489067888,73.78500366210938,72.7877003479004,67.65127504348754,True,True,47.52892512920239,False,3047590.0,4621919.666666667,False,7.958385935046867,50,,,53.446806099538925,-3
TDY,Technology,31.154482,4.675795,2.784371,1.4,912675008.0,0.212,-77.32498954878048,True,28.69315087883848,643.280029296875,628.9472009277343,598.2904486083985,True,True,54.44948238403701,False,343255.0,415001.8333333333,False,7.786199242068214,50,,,53.446806099538925,-3
CAH,Healthcare,34.63588,0.21190943,-18.825409,1.42,4849999872.0,-0.195,2.16403747592593,False,28.64331374446227,226.76499938964844,220.8208364868164,207.48694885253903,True,True,39.54644865469126,False,694988.0,2324529.6,False,7.675450054565512,50,,,53.446806099538925,-3
PODD,Healthcare,38.389015,3.9232388,8.736839,1.46,253375008.0,1.59,5.9171724759259305,False,28.547735678535275,164.10000610351562,155.07819946289064,232.88615089416504,True,False,53.48493579686708,True,638224.0,1444167.4666666666,False,7.463054352505534,50,,,53.446806099538925,-3
MPC,Energy,20.714287,0.67569375,5.503087,1.55,3518749952.0,,-80.81639139523809,True,28.350721536189,315.0199890136719,272.98079772949217,220.0252701568604,True,True,71.31949699296507,False,1074287.0,2236676.2333333334,False,7.0252451472915824,50,,,53.446806099538925,-3
MCHP,Technology,339.22726,8.598314,6.289398,0.28,1139912448.0,,230.74778845121952,False,28.346897041683825,74.62000274658203,89.2027394104004,74.86694147109985,False,False,30.184393386988035,False,5481594.0,11884913.133333333,False,39.23896849283564,0,,,53.446806099538925,0
TRMB,Technology,29.67801,3.5843124,2.3298397,1.56,370112512.0,0.556,-78.80146154878048,True,28.3302343105604,56.7598991394043,53.08679809570312,67.43644939422607,True,False,60.9807078159829,True,1135080.0,3011202.6666666665,False,6.979717979228023,50,,,53.446806099538925,-3
BX,Financial Services,28.742153,10.304401,11.375455,1.56,,0.573,8.556658505797099,False,28.3302343105604,128.25,121.18140045166017,130.4780082321167,True,False,58.07765455979523,True,3025980.0,5226219.333333333,False,6.979717979228023,50,,,53.446806099538925,-3
DLTR,Consumer Defensive,20.607544,1.249365,7.0797944,1.57,1443624960.0,0.095,-6.348194785714284,True,28.31000806869776,128.36000061035156,115.8252001953125,113.30294990539552,True,True,55.60975670270887,False,548802.0,3462313.4,False,6.9347707750888405,50,,,53.446806099538925,-3
DDOG,Technology,665.89996,25.820467,23.765165,1.57,936726528.0,1.04,557.4204884512195,False,28.31000806869776,266.5799865722656,243.7786001586914,166.73185020446778,True,True,56.21731534349691,False,2480678.0,4264895.933333334,False,6.9347707750888405,50,,,53.446806099538925,-3
CSCO,Technology,37.868336,7.3711305,9.160955,1.59,9288375296.0,0.371,-70.61113554878048,True,28.27031883938241,113.48999786376952,117.37882797241213,88.62155048370361,False,True,33.816223139616355,True,11180730.0,23540354.33333333,False,6.846572487721388,50,,,53.446806099538925,-3
COP,Energy,20.07966,2.43072,2.2362535,0.98,5289124864.0,-0.202,-81.45101839523808,True,28.270262462092692,118.53500366210938,113.69630020141602,106.6040788269043,True,True,69.30270243945111,True,3171602.0,7175906.733333333,False,11.156138804650436,75,10.0,-0.4048101425170898,0.0,-3
TYL,Technology,42.51184,5.5833263,3.8542013,1.6,544489280.0,0.022,-65.96763154878047,True,28.250846311249568,323.07000732421875,305.3020007324219,376.66284942626953,True,False,55.19932636675883,True,1197918.0,847663.9333333333,False,6.803300202981731,50,,,53.446806099538925,-3
VRTX,Healthcare,28.333136,9.929114,6.2744327,1.62,2783225088.0,0.614,-4.13870652407407,True,28.212622459729538,478.0,467.3721990966797,452.567449798584,True,True,44.35618522534146,False,563105.0,1800920.1666666667,False,6.718358310714999,50,,,53.446806099538925,-3
AOS,Industrials,15.815654,2.144452,4.352932,1.63,495612512.0,-0.105,-18.9882702,True,28.193862287204368,59.52999877929688,59.312000045776365,65.479075050354,True,False,46.88142782029256,True,1701724.0,1853270.8,False,6.676669038436847,50,,,53.446806099538925,-3
T,Communication Services,7.6831684,1.2537316,1.4499253,1.63,10142000128.0,0.062,-43.91914702500001,True,28.193862287204368,23.280000686645508,22.665712432861326,24.644811067581177,True,False,68.06723739659446,True,32193979.0,83517452.63333334,False,6.676669038436847,50,,,53.446806099538925,-3
CL,Consumer Defensive,35.350777,3.5095582,503.89505,1.64,3319500032.0,-0.059,8.395038214285716,False,28.175330897270968,91.29000091552734,90.4259230041504,84.99532554626465,True,True,48.786480658594286,False,2484542.0,4839304.733333333,False,6.635488171918186,50,,,53.446806099538925,-3
CFG,Financial Services,15.633986,3.7166219,1.2600306,1.65,,0.413,-4.551508494202899,True,28.15702413024586,71.79000091552734,67.98900009155274,60.86603702545166,True,True,55.398372662826034,False,2030745.0,4943561.5,False,6.594806467417932,50,,,53.446806099538925,-3
WFC,Financial Services,12.416425,3.1113765,1.6059142,1.65,,0.25,-7.769069494202899,True,28.15702413024586,85.41000366210938,83.19600036621094,84.21241344451904,True,True,44.66136875042476,False,6846814.0,16598310.466666669,False,6.594806467417932,50,,,53.446806099538925,-3
MDT,Healthcare,23.048258,3.0262206,2.2250116,1.66,4625375232.0,0.183,-9.42358452407407,True,28.13893792667888,85.95010375976562,80.31418090820313,88.82057422637939,True,False,55.8038859892958,True,4451888.0,8625729.6,False,6.554614903935755,50,,,53.446806099538925,-3
MTB,Financial Services,13.183333,3.8209956,1.4155011,1.67,,0.255,-7.0021614942029,True,28.121068324352212,249.1699981689453,232.30715942382807,210.70212936401367,True,True,58.88629435940644,False,398045.0,1200671.5,False,6.514904676543183,50,,,53.446806099538925,-3
LLY,Healthcare,41.22455,14.343596,33.282356,1.67,9156599808.0,1.699,8.75270747592593,False,28.121068324352212,1161.800048828125,1144.9110070800782,1021.0717184448242,True,True,44.69157920564242,False,1785861.0,2763905.3666666667,False,6.514904676543183,50,,,53.446806099538925,-3
ULTA,Consumer Cyclical,19.277842,1.7392184,8.099882,1.67,973080128.0,0.155,-23.35059753846153,True,28.121068324352212,514.5,478.415396118164,554.9001495361329,True,False,75.76792188052242,True,283575.0,667732.5,False,6.514904676543183,50,,,53.446806099538925,-3
KEY,Financial Services,13.225145,3.289116,1.4015245,1.68,,0.253,-6.9603494942029,True,28.103411455386592,22.59499931335449,22.46579177856445,20.508815059661867,True,True,40.30260496330908,False,6398635.0,11157711.166666666,False,6.475667189952904,50,,,53.446806099538925,-3
WYNN,Consumer Cyclical,28.830946,1.4316709,-48.561775,1.68,356894624.0,0.509,-13.797493538461534,True,28.103411455386592,100.72000122070312,100.29879989624024,109.76042835235596,True,False,52.70656880743517,True,784061.0,1451042.0333333334,False,6.475667189952904,50,,,53.446806099538925,-3
GEHC,Healthcare,16.036865,1.5091505,2.967764,1.72,1483624960.0,-0.309,-16.43497752407407,True,28.03483710382242,69.62000274658203,63.87731140136719,73.02913705825806,True,False,58.80768091955419,True,4219725.0,5796290.833333333,False,6.32327974203252,50,,,53.446806099538925,-3
LHX,Industrials,26.683147,3.831827,2.5727518,1.72,,-0.061,-8.120777200000003,True,28.03483710382242,265.3949890136719,298.1243658447266,314.4380647277832,False,False,34.712944856967,True,2811634.0,1539407.8,True,6.32327974203252,50,,,53.446806099538925,-3
DPZ,Consumer Cyclical,19.931974,2.313438,-2.919587,1.72,531496512.0,0.068,-22.69646553846153,True,28.03483710382242,352.3299865722656,313.25617126464846,369.4696144104004,True,False,76.05200885902197,True,448709.0,1076360.3,False,6.32327974203252,50,,,53.446806099538925,-3
VTR,Real Estate,167.03636,7.306646,3.4024668,1.72,1483115264.0,0.1,110.97338056666666,False,28.03483710382242,91.87999725341795,88.64115524291992,81.87475891113282,True,True,53.10905560785695,False,3781869.0,3940475.633333333,False,6.32327974203252,50,,,53.446806099538925,-3
DD,Basic Materials,121.17826,2.7198076,1.3560419,1.72,-124750000.0,,80.7063586470588,False,28.03483710382242,139.1699981689453,139.9065997314453,131.8617621612549,False,True,61.51873839835214,True,491422.0,1402056.3,False,6.32327974203252,50,,,53.446806099538925,-3
MO,Consumer Defensive,14.186848,5.568626,-35.3564,1.72,8542875136.0,1.063,-12.768890785714284,True,28.03483710382242,68.14759826660156,71.54062454223633,63.91988182067871,False,True,40.25177856847952,False,15049540.0,8040941.333333333,True,6.32327974203252,50,,,53.446806099538925,-3
MPWR,Technology,93.46676,21.724867,17.46914,1.74,491719136.0,0.395,-15.012711548780487,True,28.00173224444661,1308.0224609375,1445.12822265625,1205.315218505859,False,True,45.7769200795907,True,846608.0,1099746.933333333,False,6.249713387864057,50,,,53.446806099538925,-3
FE,Utilities,103.914894,1.8067651,2.1848438,1.75,-2007124992.0,0.083,76.7441405,False,27.98546357069622,48.845001220703125,47.44029983520508,46.904639911651614,True,True,57.25491721368861,False,4659976.0,4288622.533333333,False,6.213560779529842,50,,,53.446806099538925,-3
URI,Industrials,25.566994,3.9301662,7.182769,1.76,1706249984.0,0.255,-9.236930200000003,True,27.96937976823844,1065.095703125,1058.0789184570312,900.5529794311524,True,True,45.73785525703014,False,195945.0,504538.1666666667,False,6.177818996290334,50,,,53.446806099538925,-3
EFX,Industrials,30.985939,3.2141767,4.7335353,1.77,947537472.0,0.007,-3.817985200000006,True,27.95347770366153,176.48500061035156,167.3537353515625,191.29262634277345,True,False,56.75657312281605,True,858877.0,1938709.2333333327,False,6.142481075008334,50,,,53.446806099538925,-3
EBAY,Consumer Cyclical,25.887096,4.2988105,11.357662,1.77,1200375040.0,0.071,-16.741343538461535,True,27.95347770366153,112.51000213623048,111.57235107421874,96.08131309509275,True,True,41.60401940428442,False,1402172.0,3399979.066666667,False,6.142481075008334,50,,,53.446806099538925,-3
SLB,Energy,23.77805,1.9891541,2.6542335,1.77,,-0.297,-77.75262839523808,True,27.95347770366153,48.7599983215332,50.93176239013672,46.32674311637879,False,True,54.05186756496583,True,6795361.0,15685548.7,False,6.142481075008334,50,,,53.446806099538925,-3
STE,Healthcare,29.072104,3.7898884,3.1426306,1.77,837287488.0,0.522,-3.3997385240740705,True,27.95347770366153,230.7496032714844,212.90106689453123,233.71409339904784,True,False,62.15551636580204,True,428711.0,793830.3666666667,False,6.142481075008334,50,,,53.446806099538925,-3
JPM,Financial Services,15.07005,5.017579,2.6444848,1.79,,0.469,-5.115444494202899,True,27.92220660460529,351.364990234375,325.69608642578123,309.0603349304199,True,True,62.401118359170745,False,4141289.0,10089766.3,False,6.072989743772222,50,,,53.446806099538925,-3
HRL,Consumer Defensive,29.835295,1.1421419,1.7556249,1.83,471169760.0,-0.051,2.8795562142857136,False,27.861714970365327,25.364999771118164,24.04533889770508,22.7691921043396,True,True,60.647116389565326,False,2277277.0,4024069.233333333,False,5.938563889905646,50,,,53.446806099538925,-3
HSIC,Healthcare,25.628399,0.72202325,2.9720073,1.84,290124992.0,0.045,-6.843443524074068,True,27.847003010407512,84.86499786376953,81.53209991455078,76.15922498703003,True,True,52.00862137150992,False,522083.0,1331902.7666666666,False,5.905870645554943,50,,,53.446806099538925,-3
RF,Financial Services,12.542683,3.6378868,1.5136129,1.9,,0.085,-7.642811494202899,True,27.761983368124973,30.850000381469727,29.51456367492676,27.245848865509032,True,True,48.218030859021525,False,3216869.0,10612812.3,False,5.716938107149304,50,,,53.446806099538925,-3
JCI,Industrials,40.342697,3.505693,6.482217,1.9,3141750016.0,0.154,5.538772799999997,False,27.761983368124973,143.6699981689453,141.76479248046874,130.00477752685546,True,True,52.093475203753634,False,2866127.0,4474437.566666666,False,5.716938107149304,50,,,53.446806099538925,-3
NEE,Utilities,19.701124,6.3709064,3.3106754,1.95,-17766875136.0,0.531,-7.4696295,True,27.695130316073744,87.69999694824219,87.27752563476562,86.81740272521972,True,True,48.477739412429486,False,6101564.0,11204808.8,False,5.568375769257691,50,,,53.446806099538925,-3
PNC,Financial Services,13.725771,4.08959,1.5555999,1.96,,0.251,-6.459723494202899,True,27.682169010063816,249.2050018310547,237.0354327392578,213.12617164611817,True,True,48.43164216922747,False,563976.0,2198815.8666666667,False,5.539572867013398,50,,,53.446806099538925,-3
WDC,Technology,31.450089,15.399333,25.157063,0.44,2075000064.0,4.829,-77.02938254878049,True,27.66337605857231,526.7050170898438,559.3545458984376,329.55164958953856,False,True,42.718281755622414,False,6474556.0,9214998.533333331,False,24.942255197032267,25,,,53.446806099538925,-3
MOS,Basic Materials,161.98215,0.579908,0.61064434,2.02,-289787488.0,,121.5102486470588,False,27.60709609901619,22.73500061035156,22.14959259033203,24.748165340423583,True,False,60.47903957134443,True,3016582.0,8555002.733333332,False,5.372744175796456,50,,,53.446806099538925,-3
ROK,Industrials,49.050777,5.982555,14.954505,2.03,974499968.0,0.396,14.246852799999992,False,27.59501540068669,473.1099853515625,462.5278002929688,409.038147277832,True,True,50.51162318290182,False,343894.0,843913.1333333333,False,5.345898179508672,50,,,53.446806099538925,-3
FITB,Financial Services,19.121212,5.1111174,1.5968395,2.07,,-0.057,-1.0642824942028994,True,27.547859824598586,56.775001525878906,54.15365020751953,48.46326766967773,True,True,48.20669606499046,False,3671951.0,6887375.033333333,False,5.241108010423989,50,,,53.446806099538925,-3
JKHY,Technology,21.579609,4.3638387,5.1539407,2.07,373407744.0,0.125,-86.89986254878048,True,27.547859824598586,154.55999755859375,139.70999725341798,158.39895690917967,True,False,54.56109296046895,True,425900.0,1429973.3333333333,False,5.241108010423989,50,,,53.446806099538925,-3
ABT,Healthcare,34.245956,3.9566095,3.540433,2.11,7209124864.0,-0.475,1.7741134759259296,False,27.50249213765125,105.84500122070312,92.48550582885744,107.0827396774292,True,False,70.46237536698379,True,4193874.0,13714699.133333333,False,5.14029092831882,50,,,53.446806099538925,-3
USB,Financial Services,12.577844,3.5928576,1.619465,2.12,,0.216,-7.607650494202899,True,27.4914177140686,62.97999954223633,59.14360214233398,53.7463104057312,True,True,53.06122114496579,False,2988240.0,9210308.0,False,5.115681098135129,50,,,53.446806099538925,-3
GILD,Healthcare,17.786394,5.458381,6.904875,2.14,7934125056.0,0.548,-14.685448524074069,True,27.469579364760733,130.8300018310547,129.42866958618163,130.42876014709472,True,True,51.93498250909976,False,3453490.0,7476019.666666667,False,5.067151433006543,50,,,53.446806099538925,-3
AIZ,Financial Services,14.498462,1.0644135,2.3925867,2.16,2029737472.0,0.912,-5.687032494202899,True,27.44814542932894,282.6499938964844,265.52552825927734,235.7512190246582,True,True,56.69036761264103,False,252184.0,365422.8,False,5.019520465380337,50,,,53.446806099538925,-3
APD,Basic Materials,31.59072,5.3505254,4.261241,2.17,-3519237376.0,,-8.88118135294118,True,27.437576622457044,298.510009765625,288.3243292236328,273.069503326416,True,True,48.55689145533631,False,922813.0,1436147.1,False,4.996034227887232,50,,,53.446806099538925,-3
ANET,Technology,58.240547,21.977983,15.822985,2.18,4362237440.0,0.25,-50.23892454878048,True,27.42710477711608,169.22000122070312,165.7704000854492,145.6721496963501,True,True,35.011833417860814,False,4405106.0,7880200.2,False,4.972763460462869,50,,,53.446806099538925,-3
GWW,Industrials,36.215687,3.4638112,16.20273,2.19,1152125056.0,0.182,1.4117627999999982,False,27.416728565065903,1348.0849609375,1328.9419018554688,1128.6415255737304,True,True,43.4517131940842,False,181937.0,331444.56666666665,False,4.949705211462476,50,,,53.446806099538925,-3
CINF,Financial Services,8.270903,1.9258449,1.6111505,2.19,2984875008.0,0.855,-11.9145914942029,True,27.416728565065903,175.1699981689453,173.6559066772461,163.8850700378418,True,True,44.57926422104683,False,432765.0,990298.8333333334,False,4.949705211462476,50,,,53.446806099538925,-3
HUM,Healthcare,35.128773,0.306885,2.4061737,2.2,1891874944.0,0.271,2.6569304759259325,False,27.406446682216178,372.1000061035156,366.27427734375,263.41677658081056,True,True,41.550476295934025,False,1019610.0,1539653.6666666667,False,4.926856582907538,50,,,53.446806099538925,-3
CSX,Industrials,29.133778,6.3966165,6.591699,2.22,1953250048.0,0.227,-5.670146200000005,True,27.386160805242405,50.125,48.02635749816895,41.05835508346558,True,True,53.60929084337396,False,6576526.0,13368274.2,False,4.881776856299148,50,,,53.446806099538925,-3
MCO,Financial Services,30.529524,10.204944,27.528484,2.23,2579124992.0,0.567,10.3440295057971,False,27.376154318842783,481.1600036621094,467.03620178222656,470.26010345458985,True,True,46.95522630985696,False,478420.0,1020477.3333333334,False,4.859540219855549,50,,,53.446806099538925,-3
CLX,Consumer Defensive,15.75691,1.7334148,-174.91876,2.24,62750000.0,0.027,-11.198828785714284,True,27.36623717607173,96.96499633789062,95.381300201416,103.00930004119871,True,False,50.97849464744037,True,1167104.0,2363070.1333333333,False,4.837502124808767,50,,,53.446806099538925,-3
KMB,Consumer Defensive,21.30176,2.2080588,20.353003,2.25,1054625024.0,0.179,-5.653978785714283,True,27.35640818568087,110.20999908447266,104.766466217041,101.67687774658204,True,True,44.72167908151479,False,1633382.0,4297242.733333333,False,4.815659923940178,50,,,53.446806099538925,-3
MAR,Consumer Cyclical,39.23563,13.782171,-24.289087,2.26,1796875008.0,0.017,-3.3928095384615347,True,27.346666177505853,375.2049865722656,378.6027990722656,333.66307952880857,False,True,49.27790739975076,True,837229.0,1516487.6333333333,False,4.794011016884586,50,,,53.446806099538925,-3
SNA,Industrials,20.946886,4.021946,3.5112925,2.26,1109474944.0,0.051,-13.857038200000003,True,27.346666177505853,410.375,391.7909014892578,365.5195710754394,True,True,55.75649755826101,False,120478.0,396635.93333333335,False,4.794011016884586,50,,,53.446806099538925,-3
BKR,Energy,19.250805,2.143603,2.9571273,2.43,4415000064.0,-0.042,-82.27987339523808,True,27.193319752528737,59.79999923706055,59.8802001953125,56.214968814849854,False,True,58.76369098184645,True,4743394.0,10197339.8,False,4.453241183602117,50,,,53.446806099538925,-3
WM,Industrials,59.64961,3.5556984,9.193568,2.43,2349374976.0,0.083,24.8456858,False,27.193319752528737,227.1849975585937,225.0408728027344,221.76318107604985,True,True,43.31556766859262,False,1659742.0,2057151.4,False,4.453241183602117,50,,,53.446806099538925,-3
ADM,Consumer Defensive,36.16964,0.48456413,1.7124981,2.52,1578499968.0,0.009,9.213901214285716,False,27.12051241630011,80.97000122070312,80.18580017089843,68.90078704833985,True,True,51.879185283572646,False,1530628.0,3509054.2666666666,False,4.291447103094055,50,,,53.446806099538925,-3
REG,Real Estate,27.556702,9.0824585,2.1958432,2.61,574623104.0,0.172,-28.50627743333333,True,27.052726275673457,80.3499984741211,79.31369857788086,74.05716331481933,True,True,54.08731847097842,False,841384.0,1407566.1333333333,False,4.140811235034823,50,,,53.446806099538925,-3
ERIE,Financial Services,21.488543,2.9974391,5.2087364,2.67,447472992.0,0.087,1.3030485057971006,False,27.010074322020728,234.40499877929688,228.0861767578125,257.757195892334,True,False,43.14898657130399,True,123611.0,281217.0333333333,False,4.046029115806544,50,,,53.446806099538925,-3
EXE,Energy,7.8998613,1.7319125,1.125599,2.81,1466249984.0,-0.455,-93.63081709523809,True,26.917636458054503,91.66999816894533,90.47899978637696,101.78044456481932,True,False,61.99781473093357,True,1813860.0,4272898.666666667,False,3.840611640326036,50,,,53.446806099538925,-3
MNST,Consumer Defensive,46.72464,10.757664,10.838189,2.81,1684340480.0,0.289,19.76890121428572,False,26.917636458054503,96.72509765625,93.25730178833008,80.44202568054199,True,True,48.17383957615476,False,3397013.0,5910237.1,False,3.840611640326036,50,,,53.446806099538925,-3
CB,Financial Services,12.42508,2.186299,1.7946279,2.83,10488000512.0,-0.007,-7.7604144942029,True,26.90517764448611,351.20001220703125,337.03261291503907,316.93597015380857,True,True,51.928154594594965,False,907530.0,1975617.6666666667,False,3.812925387951833,50,,,53.446806099538925,-3
WST,Healthcare,43.361538,7.1547704,8.018872,2.84,277937504.0,0.181,10.889695475925931,False,26.899014041294706,338.44000244140625,337.2095587158203,284.06135528564454,True,True,39.45726413992373,False,238989.0,874772.9666666667,False,3.7992284919709336,50,,,53.446806099538925,-3
ED,Utilities,18.492413,2.3475437,1.5766168,2.96,-833249984.0,0.129,-8.678340500000001,True,26.82829918846359,109.7300033569336,109.20300003051756,105.14337547302246,True,True,45.40648069708338,False,1196314.0,2317950.466666667,False,3.64208437456845,50,,,53.446806099538925,-3
D,Utilities,20.601768,3.5203214,2.1803195,2.99,-9948250112.0,-0.102,-6.5689855,True,26.811507367222752,69.83000183105469,68.62307968139649,62.31623050689697,True,True,48.4472085009269,False,1702041.0,5251331.366666666,False,3.604769216255488,50,,,53.446806099538925,-3
O,Real Estate,52.504097,10.073938,1.525773,3.11,1797902592.0,0.179,-3.5588824333333307,True,26.747579661920028,64.12000274658203,62.5135538482666,60.20851573944092,True,True,54.9450641581884,False,3469194.0,5645379.8,False,3.462707648916099,50,,,53.446806099538925,-3
AON,Financial Services,20.018192,4.412368,8.020719,3.12,3601125120.0,-0.03,-0.1673024942029002,True,26.74247432434377,363.7200012207031,339.8064013671875,335.9010110473633,True,True,53.42908835983426,False,1890467.0,1606952.2333333334,False,3.451362454302189,50,,,53.446806099538925,-3
ES,Utilities,15.860813,1.999264,1.6846343,3.16,587291392.0,0.074,-11.3099405,True,26.722376096670143,74.05999755859375,71.6802003479004,69.2498412322998,True,True,45.50826112011428,False,2048715.0,2394537.1666666665,False,3.4066997261385707,50,,,53.446806099538925,-3
UNP,Industrials,23.351942,6.748052,8.824447,3.31,4720750080.0,0.066,-11.451982200000003,True,26.65133402302016,288.3900146484375,276.7204266357422,248.5679375457764,True,True,51.20514246240086,False,2174065.0,3067385.5,False,3.2488284513608274,50,,,53.446806099538925,-3
EQIX,Real Estate,67.43041,10.834795,7.2185745,3.37,2725125120.0,0.2,11.367430566666664,False,26.62468797521791,1046.5849609375,1054.7367065429687,924.214469909668,False,True,49.02563820337643,True,533797.0,618883.2333333333,False,3.189615011800272,50,,,53.446806099538925,-3
KIM,Real Estate,29.270115,7.9450707,1.6530348,3.37,838712128.0,0.294,-26.79286443333333,True,26.62468797521791,25.4950008392334,24.996199798583984,22.28045443534851,True,True,58.34466873706004,False,1749114.0,4296730.466666667,False,3.189615011800272,50,,,53.446806099538925,-3
FTNT,Technology,54.22615,15.814365,92.11285,3.5,1813049984.0,0.286,-54.25332154878048,True,26.57008895441168,152.27000427246094,148.94559951782227,100.14539993286132,True,True,42.22554363328966,False,7128423.0,5998704.1,False,3.0682838544530986,50,,,53.446806099538925,-3
PANW,Technology,278.4655,24.820751,9.491654,3.52,3579375104.0,,169.98602845121954,False,26.562047053182795,322.8800048828125,303.3807992553711,213.7052000427246,True,True,48.30631671350351,False,4443740.0,7014924.666666667,False,3.0504129628333447,50,,,53.446806099538925,-3
IDXX,Healthcare,40.977238,9.902036,28.419899,3.56,786844480.0,0.172,8.50539547592593,False,26.546234326047333,558.1900024414062,556.840400390625,620.8727478027344,True,False,48.05410861105396,True,190829.0,647220.9666666667,False,3.0152735691989965,50,,,53.446806099538925,-3
FRT,Real Estate,21.483536,8.207139,3.3981194,3.59,448925248.0,1.525,-34.57944343333333,True,26.534606025312627,124.03500366210938,121.85037460327148,106.70328247070312,True,True,63.26621110407651,False,410907.0,836613.5666666667,False,2.9894329008996428,50,,,53.446806099538925,-3
WELL,Real Estate,105.14732,13.297303,3.7899463,3.66,2756164352.0,0.356,49.08434056666666,False,26.50821465424624,235.5500030517578,223.6457992553711,202.9491586303711,True,True,54.39219595412212,False,1394529.0,3302670.966666667,False,2.9307854096410004,50,,,53.446806099538925,-3
EIX,Utilities,8.545652,1.5427865,1.7551067,3.71,-1134000000.0,-0.632,-18.6251015,True,26.48997341009369,78.625,73.59315063476562,65.5773365020752,True,True,65.49073086165512,False,1164413.0,2377223.7666666666,False,2.8902493115242267,50,,,53.446806099538925,-3
CEG,Utilities,23.085218,3.174187,2.873067,3.74,-4478875136.0,10.91,-4.085535499999999,True,26.479262775826577,265.3500061035156,263.19830139160155,307.96041946411134,True,False,60.8732902742782,True,1862029.0,3318964.3,False,2.866447902041757,50,,,53.446806099538925,-3
PH,Industrials,35.385834,5.763374,8.27955,3.86,2774481920.0,-0.042,0.5819097999999983,False,26.438085104188254,959.8400268554688,927.1572021484376,903.4609024047852,True,True,49.47859987297144,False,292321.0,591427.3666666667,False,2.774941965067703,50,,,53.446806099538925,-3
EXPD,Industrials,26.874798,1.9451663,9.614229,3.94,783248512.0,0.163,-7.929126200000006,True,26.41202681452204,166.5,166.07008941650392,150.47690032958985,True,True,41.009773071690894,False,628429.0,1233524.3,False,2.7170346546983355,50,,,53.446806099538925,-3
VLO,Energy,22.593931,0.7788245,3.8449144,4.08,4786625024.0,,-78.93674739523809,True,26.368883739351624,309.0899963378906,269.2517654418945,216.5181455230713,True,True,67.18297454342684,False,1352071.0,3047269.033333333,False,2.6211611543196405,50,,,53.446806099538925,-3
AXON,Industrials,208.65201,14.09352,11.892256,4.15,62617500.0,0.898,173.84808579999998,False,26.34840377354784,522.72998046875,489.68080078125,515.7409504699707,True,True,38.7551550498773,False,348814.0,1018250.4666666668,False,2.5756501192001147,50,,,53.446806099538925,-3
DOC,Real Estate,68.78125,5.282413,1.9552279,4.32,1109761536.0,3.639,12.718270566666668,False,26.30142988372804,22.059999465942383,20.810524291992188,17.761641764640807,True,True,57.37776743825366,False,2565771.0,6455022.366666666,False,2.4712636973783466,50,,,53.446806099538925,-3
JNJ,Healthcare,29.672075,6.301532,7.257397,4.4,16885125120.0,-0.009,-2.7997675240740705,True,26.28058051017166,255.97000122070312,244.5715692138672,224.4499526977539,True,True,48.998998272382806,False,4923260.0,8870248.666666666,False,2.424931756141947,50,,,53.446806099538925,-3
CME,Financial Services,22.53944,14.141152,3.6000323,4.48,2909012480.0,0.025,2.3539455057971,False,26.260475757099435,266.1000061035156,253.09194274902345,273.789225692749,True,False,77.64932361204984,True,1471067.0,3533535.566666667,False,2.380254527092561,50,,,53.446806099538925,-3
NSC,Industrials,28.294367,5.9395833,4.5826535,4.55,1382249984.0,-0.044,-6.509557200000003,True,26.243464042961406,331.8949890136719,319.2448980712891,300.1998342895508,True,True,53.5734353559092,False,509954.0,1159655.1333333333,False,2.342450717896928,50,,,53.446806099538925,-3
GE,Industrials,41.762074,7.26472,20.855244,5.31,6594625024.0,0.194,6.958149799999994,False,26.087635459971946,354.75,343.4027392578125,314.1092475891113,True,True,47.12468468034731,False,1434209.0,4596493.633333334,False,1.9961649779203487,50,,,53.446806099538925,-3
FCX,Basic Materials,30.916668,3.504983,4.390838,5.62,2159249920.0,0.271,-9.55523335294118,True,26.036175398090823,63.04999923706055,63.38556518554688,56.7593856048584,False,True,53.83824347877349,True,7992420.0,15462900.666666666,False,1.881809284851196,50,,,53.446806099538925,-3
UAL,Industrials,11.548689,0.6364253,2.3976982,6.5,910124992.0,-0.172,-23.255235200000005,True,25.916839131511125,123.41000366210938,117.66380035400393,105.44359996795654,True,True,46.10292405824147,False,1572995.0,5064383.166666667,False,1.6166175813407562,50,,,53.446806099538925,-3
TROW,Financial Services,12.812769,3.4539676,2.3808718,6.81,1880349952.0,0.037,-7.3727254942029,True,25.882146226085425,119.44000244140624,110.67571243286132,100.4536542892456,True,True,51.68624269729448,False,1146714.0,2176880.466666667,False,1.5395222359503062,50,,,53.446806099538925,-3
AVB,Real Estate,25.850067,8.717895,2.1761987,7.17,,-0.413,-30.212912433333333,True,25.84562244928417,187.7449951171875,186.86130157470703,176.92107368469237,True,True,43.33821521658186,False,256323.0,977997.4333333332,False,1.4583582875030787,50,,,53.446806099538925,-3
CPT,Real Estate,31.643856,7.082884,2.9235594,9.17,724267136.0,0.121,-24.419123433333333,True,25.69493365731972,113.15499877929688,111.5465106201172,104.75363845825196,True,True,50.53674517256948,False,1330246.0,1044714.8666666668,False,1.1234943053598458,50,,,53.446806099538925,-3
NVDA,Technology,29.611622,18.504164,23.997522,0.54,46335873024.0,2.145,-78.86784954878048,True,25.578438702934317,193.4349975585937,206.4837673950196,192.8566217041016,False,True,35.82463468645253,False,85773687.0,136994292.9,False,20.30906107339228,25,,,53.446806099538925,-3
INVH,Real Estate,27.307339,6.3615565,1.9447892,13.14,1021075392.0,-0.037,-28.755640433333333,True,25.531716709283607,29.7450008392334,29.452869987487794,27.200035171508787,True,True,51.833127568047225,False,4201363.0,4997625.433333334,False,0.7607899763907092,50,,,53.446806099538925,-3
OMC,Communication Services,215.28378,1.0147899,2.070413,15.97,,0.588,163.681464575,False,25.464909150712984,79.68000030517578,76.79710693359375,75.57910194396973,True,True,46.065057208457816,False,2635584.0,4524342.8,False,0.612328735122668,50,,,53.446806099538925,-3
EQR,Real Estate,29.36463,8.302989,2.4014356,16.1,,-0.399,-26.69834943333333,True,25.462404472102044,67.18000030517578,67.06093040466308,62.05063190460205,True,True,42.64847794643673,False,1283142.0,3013694.7333333334,False,0.6067627826539089,50,,,53.446806099538925,-3
FOXA,Communication Services,15.376316,1.5144,2.2414453,24.95,1406499968.0,-0.493,-36.22599942500001,True,25.353263883497725,58.44900131225586,58.43738014221192,62.82744443893433,True,False,67.1364139623127,True,1559102.0,7258013.4,False,0.3642281413109693,50,,,53.446806099538925,-3
KR,Consumer Defensive,33.906433,0.23896727,6.266753,0.56,2994500096.0,0.132,6.950694214285715,False,25.25080568990549,57.98500061035156,60.54410011291504,64.79544179916383,False,False,41.64759525645643,True,3711325.0,8807034.166666666,False,19.580987711106,25,,,53.446806099538925,-3
BSX,Healthcare,18.50405,3.2355623,2.7969527,0.56,,0.151,-13.96779252407407,True,25.25080568990549,45.77000045776367,46.80879997253418,73.41190004348755,False,False,55.45851764797992,True,14012976.0,20789955.866666667,False,19.580987711106,25,,,53.446806099538925,-3
PGR,Financial Services,10.683392,1.3600643,3.605636,61.84,,0.05,-9.5021024942029,True,25.2348212455818,212.759994506836,210.4340786743164,207.1258357238769,True,True,37.24431507227875,False,1435529.0,3617744.3,False,0.1010222792755896,50,,,53.446806099538925,-3
PLD,Real Estate,32.334446,14.374954,2.527094,135.88,,0.853,-23.72853343333333,True,25.191171588325822,145.66000366210938,143.4892611694336,133.55919200897216,True,True,59.67677300745122,False,1819942.0,4373654.733333333,False,0.0040230409289657,50,,,53.446806099538925,-3
CMCSA,Communication Services,7.6009617,0.6737648,0.93694437,142.98,12697624576.0,-0.668,-44.00135372500001,True,25.189361219907788,23.725000381469727,23.607752532958983,26.38544034004212,True,False,50.98039688792,True,15770290.0,41549709.66666666,False,0.0,50,,,53.446806099538925,-3
STX,Technology,3647.5217,15.564549,171.91188,0.57,1770749952.0,1.491,3539.042228451219,False,25.09561110478657,837.010009765625,887.3064880371094,514.2913750457764,False,True,44.1222201924683,False,5488784.0,5500506.133333334,False,19.236110855286185,25,,,53.446806099538925,-3
APO,Financial Services,75.5566,2.2136967,3.7329876,0.57,,,55.371105505797104,False,25.09561110478657,119.93499755859376,125.51450012207032,126.21084342956544,False,False,49.10930554558139,True,2304277.0,4722829.233333333,False,19.236110855286185,25,,,53.446806099538925,-3
LITE,Technology,120.50796,21.325125,16.447432,0.63,93350000.0,,12.028488451219516,False,24.267906650819008,683.969970703125,829.4852001953125,598.3369498443603,False,True,40.85131138734448,False,3698817.0,4751207.233333333,False,17.39676762424715,25,,,53.446806099538925,-3
CIEN,Technology,120.80066,9.241995,17.80133,0.65,700927872.0,23.833,12.321188451219513,False,24.025962271966947,363.4125061035156,466.6332482910156,350.1521621704102,False,True,30.97623792762674,False,1568675.0,2593255.833333333,False,16.859113449020356,25,,,53.446806099538925,-3
COO,Healthcare,61.262714,3.3322532,1.7101154,0.67,424275008.0,,28.790871475925933,False,23.79846233364337,72.2699966430664,67.82639961242675,73.06764986038208,True,False,55.39519531014448,False,628921.0,2555564.033333333,False,16.35355803052352,25,,,53.446806099538925,-3
NXPI,Technology,49.01597,4.6965456,5.677394,0.68,3555000064.0,0.726,-59.46350154878048,True,23.689730745474016,245.0800018310547,291.75042236328125,239.81244323730468,False,True,24.0426776164646,False,3754110.0,4309893.666666667,False,16.11193227903606,25,,,53.446806099538925,-3
ADI,Technology,54.444115,13.967029,5.2736273,0.68,3868954624.0,1.105,-54.03535654878048,True,23.689730745474016,364.822509765625,398.2913684082032,329.296199798584,False,True,33.91261334691474,False,2697743.0,4865671.433333334,False,16.11193227903606,25,,,53.446806099538925,-3
ORCL,Technology,21.688953,5.4073935,9.696825,0.68,-24536750080.0,0.219,-86.79051854878048,True,23.689730745474016,126.2699966430664,165.4800598144531,182.81002143859865,False,False,39.14816770740657,True,27866793.0,36689576.43333333,False,16.11193227903606,25,,,53.446806099538925,-3
C,Financial Services,14.236531,2.712083,1.1514294,0.72,,0.61,-5.9489634942029,True,23.285007611732524,132.15199279785156,134.8946405029297,117.99071445465088,False,True,36.75233536599921,False,5015408.0,13679326.933333334,False,15.212547537388302,25,,,53.446806099538925,-3
JBL,Technology,38.37782,0.95539063,24.26551,0.82,1211624960.0,0.276,-70.10165154878048,True,22.445947456414792,306.1300048828125,348.1208013916016,277.5007002258301,False,True,39.51388563270871,False,512628.0,1435284.2666666666,False,13.347969414460014,25,,,53.446806099538925,-3
FIX,Industrials,41.356823,5.260519,91.4334,0.83,1841915392.0,0.388,6.552898799999994,False,22.373161515230606,1678.1400146484375,1819.185998535156,1392.881567993164,False,True,45.09520388938935,False,475138.0,563561.2666666667,False,13.186222878495151,25,,,53.446806099538925,-3
TTD,Communication Services,20.84659,2.9046106,3.521789,0.85,569112640.0,-0.2,-30.75572542500001,True,22.23272746400464,18.36000061035156,19.406800155639647,29.44717507362365,False,False,41.9310318337886,True,9695867.0,16419588.9,False,12.874147209104123,25,,,53.446806099538925,-3
META,Communication Services,20.090464,6.294593,5.5513315,0.87,25558249472.0,0.624,-31.511851425000007,True,22.09875015076608,534.7041015625,602.814580078125,634.3482769775391,False,False,13.383001299688315,False,31848559.0,19093291.966666665,True,12.576419846351758,25,,,53.446806099538925,-3
CCI,Real Estate,31.248978,8.040548,-9.973945,0.9,1036249984.0,-0.675,-24.81400143333333,True,21.908948957011447,76.4000015258789,83.31182205200196,85.5292366027832,False,False,41.198689489509775,True,2453820.0,4534404.0,False,12.154639415785914,25,,,53.446806099538925,-3
SMCI,Technology,14.536842,0.5301639,2.1925855,0.91,-7448383488.0,3.26,-93.94262954878047,True,21.848462862298437,27.56999969482422,32.428399848937985,32.90694991111755,False,False,48.07492248294724,True,28344961.0,50720035.36666667,False,12.020225871979212,25,,,53.446806099538925,-3
FICO,Technology,33.16691,11.797711,-12.719881,0.93,730540992.0,0.69,-75.31256154878048,True,21.731393001563568,1143.5,1219.3085913085938,1378.4235455322266,False,False,41.22491235594209,False,697428.0,293497.6,True,11.760070625901731,25,,,53.446806099538925,-3
FLEX,Technology,47.667385,1.3904077,7.5523596,0.94,603750016.0,0.52,-60.81208654878048,True,21.67472620727169,110.66000366210938,139.3042008972168,87.87730012893677,False,True,30.377779916241053,False,5321613.0,8080190.433333334,False,11.63414441636423,25,,,53.446806099538925,-3
APTV,Consumer Cyclical,34.22024,0.588899,1.3222171,0.95,1091124992.0,,-8.408199538461538,True,21.6192523981228,57.5,61.75379989624023,70.88249992370605,False,False,38.94888470221192,True,1259392.0,2536999.7333333334,False,11.51086928492225,25,,,53.446806099538925,-3
FTV,Technology,30.904762,4.2043095,2.9344385,0.98,953612480.0,-0.124,-77.57470954878048,True,21.459623682000483,58.505001068115234,60.83309173583984,56.70681562423706,False,True,38.04593632772988,False,2582131.0,2868891.033333333,False,11.156138804650436,25,,,53.446806099538925,-3
HSY,Consumer Defensive,33.43948,3.0375783,7.694319,1.06,1527240576.0,0.936,6.483741214285718,False,21.078121090010043,179.41000366210938,180.06679992675782,190.1969400787353,False,False,58.5034019745714,True,1132578.0,2126502.6,False,10.308355266893903,25,,,53.446806099538925,-3
PNR,Industrials,16.831184,2.6306517,2.7698605,1.06,558312512.0,-0.111,-17.972740200000004,True,21.078121090010043,65.22000122070312,71.2871167755127,90.68885187149048,False,False,30.321062399006465,True,1390996.0,3132166.533333333,False,10.308355266893903,25,,,53.446806099538925,-3
MRVL,Technology,61.762882,18.505657,8.639203,1.07,2269700096.0,-0.804,-46.71658954878048,True,21.03444439139432,180.02999877929688,239.11853118896485,134.48263000488282,False,True,30.664174031415087,False,18351137.0,37066761.23333333,False,10.21129593663673,25,,,53.446806099538925,-3
KEYS,Technology,50.225807,8.741263,8.398964,1.12,1085750016.0,0.356,-58.25366454878048,True,20.827760014016317,311.3299865722656,333.69559875488284,268.0634990692139,False,True,43.617523452362136,False,655316.0,1494633.8666666667,False,9.751997320241175,25,,,53.446806099538925,-3
AMD,Technology,161.95183,21.222754,12.326472,1.16,7173374976.0,0.912,53.47235845121952,False,20.675241197606347,485.8999938964844,510.9758001708984,310.52735008239745,False,True,38.93448632591317,False,25675067.0,29032815.566666663,False,9.41306661710791,25,,,53.446806099538925,-3
TXN,Technology,42.176025,13.048273,14.092177,1.23,3545250048.0,0.518,-66.30344654878047,True,20.432203083652244,278.1300048828125,298.66759887695315,224.81477767944327,False,True,29.49933382412732,False,4127327.0,9528434.233333332,False,8.872981919432128,25,,,53.446806099538925,-3
MGM,Consumer Cyclical,62.972603,0.6639159,4.886787,1.24,528360256.0,-0.059,20.344163461538464,False,20.39972333570446,45.86000061035156,45.89619995117187,38.14340000152588,False,True,40.37735278685268,False,1985155.0,2789985.1666666665,False,8.80080470177039,25,,,53.446806099538925,-3
AMZN,Consumer Cyclical,28.385168,3.4366512,5.7747064,1.24,9806624768.0,0.748,-14.243271538461537,True,20.39972333570446,237.5500030517578,246.42520050048827,234.7649001312256,False,True,42.83349967783912,False,48371871.0,53977232.36666667,False,8.80080470177039,25,,,53.446806099538925,-3
TRGP,Energy,27.431051,3.4784458,18.38502,1.25,-318550016.0,1.429,-74.09962739523809,True,20.367763263723845,268.0899963378906,269.73919982910155,220.8844730377197,False,True,45.20596867469343,False,491534.0,1277347.8,False,8.729782319591237,25,,,53.446806099538925,-3
GOOG,Communication Services,16.76329,9.168625,6.5675106,1.27,22665000960.0,2.94,-34.839025425,True,20.305353044423107,334.7799987792969,357.23181579589846,324.65473121643066,False,True,40.32673960719874,False,11256440.0,22728244.666666668,False,8.59109294336738,25,,,53.446806099538925,-3
GOOGL,Communication Services,16.77722,9.171642,6.5696716,1.27,22665000960.0,2.94,-34.82509542500001,True,20.305353044423107,334.9200134277344,359.33470153808594,325.4204719543457,False,True,39.652293571474175,False,19828170.0,34182009.0,False,8.59109294336738,25,,,53.446806099538925,-3
DHR,Healthcare,34.8274,5.4803624,2.6165013,1.28,4325125120.0,0.597,2.3555574759259272,False,20.27487930453017,195.7749938964844,186.91529876708984,203.0404458618164,True,False,47.24766065710626,False,2681193.0,5935103.1,False,8.523373521383075,25,,,53.446806099538925,-3
TKO,Communication Services,67.69074,6.8989987,4.058288,1.29,830904512.0,0.63,16.088424574999998,False,20.244878025720844,182.6750030517578,194.6237924194336,195.58317230224608,False,False,46.89134943301342,True,836247.0,1412254.9,False,8.456704012917907,25,,,53.446806099538925,-3
AMAT,Technology,46.669487,13.596391,16.504948,1.31,3040375040.0,0.335,-61.80998454878048,True,20.186249572475138,495.9249877929688,541.4321936035157,371.48616539001466,False,True,35.26361140578966,False,7273030.0,10818677.666666666,False,8.326418561260782,25,,,53.446806099538925,-3
FDX,Industrials,16.542858,0.7664661,2.327188,1.31,5656625152.0,-0.043,-18.261066200000005,True,20.186249572475138,307.010009765625,319.7784045410156,274.01386123657227,False,True,42.40206171871887,False,767065.0,2033092.1666666667,False,8.326418561260782,25,,,53.446806099538925,-3
TER,Technology,49.526783,12.643742,17.953243,1.32,439064384.0,3.858,-58.95268854878048,True,20.15760157827553,361.7300109863281,379.4415704345704,288.1109391784668,False,True,50.48672449117639,False,3990409.0,4929806.966666667,False,8.262756351928328,25,,,53.446806099538925,-3
ELV,Healthcare,16.629204,0.4052618,1.8156785,1.34,4306375168.0,-0.131,-15.842638524074069,True,20.10158833588526,375.8599853515625,396.65260009765626,348.5151708984375,False,True,33.00496395422546,False,332426.0,1663050.8666666667,False,8.138282479949938,25,,,53.446806099538925,-3
AKAM,Technology,37.87162,3.8197942,3.323845,1.34,700723392.0,-0.134,-70.60785154878047,True,20.10158833588526,112.16000366210938,129.09460067749023,104.9072501373291,False,True,31.387646337953072,False,1521649.0,3751331.633333333,False,8.138282479949938,25,,,53.446806099538925,-3
SWKS,Technology,31.624353,2.2869456,1.5921067,1.37,1290674944.0,-0.686,-76.85511854878048,True,20.02063489067888,60.869998931884766,68.66319999694824,63.7115891456604,False,False,51.13372940751981,True,4897664.0,6004745.466666667,False,7.958385935046867,25,,,53.446806099538925,-3
LOW,Consumer Cyclical,17.735195,1.3298328,-12.686396,1.38,4816124928.0,-0.007,-24.89324453846153,True,19.994432567834306,209.6750030517578,213.523669128418,236.8263484954834,False,False,49.39710209075008,True,1246632.0,3143517.7333333334,False,7.900158550947807,25,,,53.446806099538925,-3
AZO,Consumer Cyclical,20.73151,2.4635546,-17.72972,1.39,903784256.0,0.077,-21.89692953846153,True,19.968607256829213,3018.469970703125,3089.157592773437,3487.9171948242188,False,False,46.26501870520649,True,110639.0,381757.9666666667,False,7.842768970936502,25,,,53.446806099538925,-3
TSCO,Consumer Cyclical,15.606771,0.9977403,5.963184,1.41,103175000.0,-0.15,-27.021668538461533,True,19.91805558422351,29.975000381469727,30.58498519897461,44.06606554031372,False,False,47.02030034447207,True,4275801.0,11713896.7,False,7.730431920701605,25,,,53.446806099538925,-3
VRT,Industrials,51.451355,7.609333,20.569374,1.44,2733487616.0,0.53,16.647430799999995,False,19.84486097492984,227.03579711914065,307.33121795654296,245.92006637573243,False,False,16.593801085289712,False,10863030.0,6665327.666666667,True,7.567777233382329,25,,,53.446806099538925,-3
GS,Financial Services,15.828517,4.4732676,2.7959535,1.49,,0.923,-4.3569774942029,True,19.729419812621018,1025.5899658203125,1046.9121020507812,909.4714672851562,False,True,46.45992031965604,False,1588151.0,2158305.033333333,False,7.311241317140518,25,,,53.446806099538925,-3
PEP,Consumer Defensive,18.385977,1.977517,8.67188,1.51,7831875072.0,1.37,-8.569761785714284,True,19.685383978521763,140.38999938964844,141.36374694824218,147.59196083068846,False,False,55.86286466992687,True,4673437.0,9454211.233333332,False,7.2133839080310596,25,,,53.446806099538925,-3
LRCX,Technology,55.746223,17.041328,34.907253,1.56,4352341504.0,0.408,-52.73324854878048,True,19.5802343105604,295.8999938964844,337.4016290283203,240.0026986694336,False,True,36.747013556141226,False,13797607.0,13186430.233333332,False,6.979717979228023,25,,,53.446806099538925,-3
AXP,Financial Services,20.42051,3.2048006,6.626563,1.56,,0.11,0.2350155057971008,False,19.5802343105604,336.739990234375,332.4603985595703,337.674868927002,True,False,39.70544771901311,False,1182409.0,3282033.6333333333,False,6.979717979228023,25,,,53.446806099538925,-3
CMI,Industrials,32.81214,2.5741756,7.06414,1.57,1688625024.0,-0.21,-1.991784200000005,True,19.56000806869776,631.6400146484375,669.0913610839843,576.0580613708496,False,True,36.997473554350464,False,670448.0,1058918.2666666666,False,6.9347707750888405,25,,,53.446806099538925,-3
NFLX,Communication Services,22.94654,6.2815356,10.077337,1.58,25387552768.0,0.111,-28.65577542500001,True,19.54003785521314,72.95999908447266,77.45919921875,91.55125484466552,False,False,48.6609937051256,True,35089260.0,51998562.0,False,6.890392522900786,25,,,53.446806099538925,-3
COIN,Financial Services,59.59191,6.793604,3.1672432,1.61,2407562752.0,,39.4064155057971,False,19.481615677876132,162.1699981689453,165.2655990600586,213.4791496276856,False,False,52.00205920571185,True,4219542.0,7348404.733333333,False,6.760565462151884,25,,,53.446806099538925,-3
HLT,Consumer Cyclical,49.20122,14.232358,-13.8037815,1.64,1393874944.0,0.141,6.572780461538464,False,19.425330897270968,322.6400146484375,333.0106579589844,305.3879905700684,False,True,38.08906933937721,False,1275691.0,2488213.033333333,False,6.635488171918186,25,,,53.446806099538925,-3
STZ,Consumer Defensive,12.39,2.4535196,2.7020376,1.65,2210487552.0,0.307,-14.565738785714284,True,19.40702413024586,130.11000061035156,138.43700012207032,144.29832084655763,False,False,42.35385855936483,True,898609.0,2397043.6333333333,False,6.594806467417932,25,,,53.446806099538925,-3
CARR,Industrials,43.385715,2.2819548,3.8259008,1.67,861750016.0,-0.118,8.581790799999993,False,19.37106832435222,60.810001373291016,67.95386947631836,60.42159885406494,False,True,28.62168696054634,False,6708210.0,6509163.666666667,False,6.514904676543183,25,,,53.446806099538925,-3
GEV,Industrials,27.84759,6.2465134,21.610647,1.69,15722125312.0,0.328,-6.956334200000004,True,19.33596354345015,970.3800048828124,1024.8263415527344,834.0340948486328,False,True,37.5434316403672,False,2101725.0,3121184.1666666665,False,6.436894052316357,25,,,53.446806099538925,-3
XYL,Industrials,27.920238,3.0002007,2.488118,1.7,1183750016.0,0.195,-6.883686200000003,True,19.31872090106589,117.2300033569336,114.69445587158204,127.81048419952393,True,False,43.36548739678946,False,1193851.0,2087718.3666666667,False,6.39857706924024,25,,,53.446806099538925,-3
PWR,Industrials,88.6749,3.2224336,10.725022,1.74,1037176768.0,0.51,53.87097579999999,False,19.25173224444661,647.1799926757812,681.744521484375,559.946741027832,False,True,47.83221368827128,False,1942894.0,1352319.8,False,6.249713387864057,25,,,53.446806099538925,-3
AMT,Real Estate,28.018549,7.3979115,21.760616,1.75,2920012544.0,1.385,-28.04443043333333,True,19.23546357069621,173.52499389648438,175.94911529541017,176.01958457946776,False,False,57.19282701097583,True,1998827.0,3452900.9,False,6.213560779529842,25,,,53.446806099538925,-3
FFIV,Technology,31.144737,6.7063923,5.7560687,1.76,752090496.0,0.114,-77.33473454878049,True,19.21937976823844,389.7799987792969,400.65540100097655,310.6782501220703,False,True,33.58130045288999,False,343709.0,672053.6333333333,False,6.177818996290334,25,,,53.446806099538925,-3
IBKR,Financial Services,35.712303,22.333801,6.827631,1.77,,0.369,15.5268085057971,False,19.20347770366153,89.9800033569336,90.173115234375,75.82212308883668,False,True,42.68424279016887,False,3088082.0,4641776.066666666,False,6.142481075008334,25,,,53.446806099538925,-3
UPS,Industrials,19.306692,0.98176533,5.8667045,1.78,4976500224.0,-0.53,-15.497232200000004,True,19.187754313967524,104.08000183105467,108.556199798584,101.18055568695068,False,True,35.076478545404015,False,2883824.0,5178644.133333334,False,6.1075402090216375,25,,,53.446806099538925,-3
PPG,Basic Materials,16.017218,1.5154104,3.0706606,1.8,,-0.015,-24.45468335294118,True,19.156831647569295,111.8949966430664,115.86449981689454,108.606247215271,False,True,41.48730811046343,False,1907276.0,2116355.8666666667,False,6.038823172581135,25,,,53.446806099538925,-3
SPGI,Financial Services,25.051367,7.5353928,3.9130125,1.83,5448249856.0,0.177,4.8658725057971,False,19.111714970365327,412.260009765625,410.271713256836,433.540270690918,True,False,41.832350608411225,False,1861179.0,2458867.2666666666,False,5.938563889905646,25,,,53.446806099538925,-3
ZTS,Healthcare,12.463934,3.3442361,9.698941,1.84,1780875008.0,0.06,-20.007908524074068,True,19.097003010407512,76.03500366210938,76.77726119995117,109.4845740890503,False,False,54.00432324026307,True,2092954.0,6323121.8,False,5.905870645554943,25,,,53.446806099538925,-3
WY,Real Estate,41.526783,2.4410896,1.7764113,1.86,-45875000.0,0.966,-14.53619643333333,True,19.068053669845355,23.284299850463867,24.03031791687012,23.79828125,False,False,48.254200469029776,True,3862387.0,5359126.233333333,False,5.841538777639045,25,,,53.446806099538925,-3
HD,Consumer Cyclical,23.564322,1.9844531,23.825092,1.89,10128249856.0,-0.043,-19.06411753846153,True,19.02577844235777,331.8099975585937,329.8329296875,345.55587677001955,True,False,42.11177568433023,False,2277468.0,4468295.6,False,5.747593827666623,25,,,53.446806099538925,-3
TT,Industrials,33.8793,4.538008,11.419007,1.9,2662362624.0,-0.021,-0.9246242000000038,True,19.011983368124973,443.8900146484375,469.2028527832031,438.39608016967776,False,True,25.761452880933,False,1872654.0,1295911.8,False,5.716938107149304,25,,,53.446806099538925,-3
ORLY,Consumer Cyclical,27.901587,4.0007324,-96.90187,1.95,1330813184.0,0.161,-14.726852538461536,True,18.945130316073747,87.95500183105469,88.38629989624023,93.18617473602296,False,False,53.437315253659854,True,7377716.0,9291840.533333331,False,5.568375769257691,25,,,53.446806099538925,-3
EW,Healthcare,51.57143,7.660475,4.8404937,2.0,,-0.254,19.09958747592593,False,18.881619916625084,86.5999984741211,87.50600021362305,83.61324996948242,False,True,30.90537890402649,False,2226424.0,5218720.8,False,5.427241548260656,25,,,53.446806099538925,-3
HBAN,Financial Services,13.150078,3.7636697,1.161273,2.01,,-0.029,-7.035416494202899,True,18.869297003299224,17.084999084472656,17.108580551147462,16.529756808280943,False,True,38.83353745324551,False,14541201.0,24147970.03333333,False,5.399857296425411,25,,,53.446806099538925,-3
DTE,Utilities,22.502378,1.7944989,2.432002,2.04,-2596624896.0,0.224,-4.6683755,True,18.833053140576105,142.02499389648438,146.79975860595704,139.82933345794677,False,True,31.762882540874003,False,525372.0,1331155.7333333334,False,5.319315379262925,25,,,53.446806099538925,-3
CAT,Industrials,40.01789,5.2413287,19.875093,2.05,3776624896.0,0.302,5.213965799999997,False,18.821207585442203,805.5999755859375,919.4962048339844,733.9861123657226,False,True,22.37925313691838,False,2149983.0,3637822.7666666666,False,5.29299192340982,25,,,53.446806099538925,-3
MAS,Industrials,16.586405,1.8628001,-38.88979,2.05,893124992.0,0.25,-18.217519200000005,True,18.821207585442203,72.12000274658203,74.71770065307618,68.07985084533692,False,True,38.3550643667899,False,2564552.0,2658461.7333333334,False,5.29299192340982,25,,,53.446806099538925,-3
ETR,Utilities,27.79005,3.8156192,2.9043918,2.06,-3913097728.0,0.012,0.6192965000000008,False,18.80947703569796,108.56500244140624,112.29050064086914,103.39783668518066,False,True,32.48718477006757,False,2301194.0,3070103.1333333333,False,5.266924035089269,25,,,53.446806099538925,-3
MS,Financial Services,16.97777,4.241964,3.1734865,2.08,,0.624,-3.2077244942029,True,18.786354317452084,210.32000732421875,213.97319915771484,183.07247505187988,False,True,39.42342620484773,False,3736014.0,6193763.8,False,5.215540216765105,25,,,53.446806099538925,-3
KLAC,Technology,51.127842,17.312181,40.34297,2.09,,0.147,-57.35162954878048,True,18.77495891085244,179.22000122070312,221.04578033447265,161.8953201675415,False,True,27.1814916416825,False,9022613.0,14210997.1,False,5.190217090988127,25,,,53.446806099538925,-3
OKE,Energy,15.860963,1.5924418,2.5074677,2.11,454375008.0,0.18,-85.66971539523809,True,18.752492137651256,88.98500061035156,89.41330001831055,80.64487867355346,False,True,47.0588319997696,False,1349068.0,3717798.933333333,False,5.14029092831882,25,,,53.446806099538925,-3
XEL,Utilities,22.62536,3.3151653,2.058415,2.13,-7471625216.0,0.06,-4.545393499999999,True,18.730447275683893,78.5,79.3752670288086,78.1111410522461,False,True,42.08927460514465,False,4226330.0,5369577.666666667,False,5.091302346169126,25,,,53.446806099538925,-3
LIN,Basic Materials,33.60411,6.7607703,6.0784717,2.14,4694499840.0,0.134,-6.867791352941183,True,18.719579364760733,507.1499938964844,514.6691552734375,471.7651870727539,False,True,32.128208525553774,False,1267742.0,2171944.7333333334,False,5.067151433006543,25,,,53.446806099538925,-3
ATO,Utilities,21.543102,5.9819384,1.9585296,2.15,-2210371840.0,0.145,-5.627651499999999,True,18.70881255068336,174.88999938964844,173.81885162353515,175.0617456817627,True,False,47.43640583213792,False,493668.0,1149372.2666666666,False,5.0432251795012855,25,,,53.446806099538925,-3
MKC,Consumer Defensive,8.422628,1.8426257,1.9454265,2.18,714025024.0,-0.142,-18.533110785714285,True,18.67710477711608,50.650001525878906,49.22473274230957,57.68705341339111,True,False,43.44023842405237,False,1416530.0,4742827.666666667,False,4.972763460462869,25,,,53.446806099538925,-3
RL,Consumer Cyclical,25.3447,2.8069751,8.09478,2.19,656187520.0,0.2,-17.283739538461536,True,18.666728565065903,383.0450134277344,383.290053100586,358.6889744567871,False,True,44.22750121701793,False,198595.0,610743.1666666666,False,4.949705211462476,25,,,53.446806099538925,-3
AEP,Utilities,18.866667,3.0888326,2.1779282,2.2,-6953449984.0,0.067,-8.3040865,True,18.656446682216178,127.58999633789062,131.65079971313477,125.09797492980957,False,True,30.02042279700548,False,3430407.0,5084613.566666666,False,4.926856582907538,25,,,53.446806099538925,-3
WMB,Energy,31.026316,7.144677,6.7680826,2.22,-190250000.0,0.25,-70.50436239523808,True,18.636160805242405,70.6500015258789,73.6025065612793,67.70753580093384,False,True,34.92068924484451,False,3286589.0,7528846.3,False,4.881776856299148,25,,,53.446806099538925,-3
MSCI,Financial Services,31.473227,12.560084,-15.569012,2.24,1194705920.0,0.196,11.287732505797102,False,18.61623717607173,575.989990234375,595.5741979980469,569.8293862915039,False,True,42.60021846346524,False,342161.0,797882.0333333333,False,4.837502124808767,25,,,53.446806099538925,-3
DIS,Communication Services,15.3576,1.7136943,1.5407643,2.25,3751375104.0,-0.298,-36.24471542500001,True,18.606408185680863,96.0500030517578,98.83986846923828,103.88620315551758,False,False,51.06805933877764,True,12273546.0,11534868.2,False,4.815659923940178,25,,,53.446806099538925,-3
EQT,Energy,12.141532,3.5220077,1.3030703,2.26,2460903936.0,-0.74,-89.38914639523809,True,18.596666177505853,52.36000061035156,52.65079994201661,56.1887907409668,False,False,66.29526807712415,True,2584092.0,8259516.4,False,4.794011016884586,25,,,53.446806099538925,-3
CHRW,Industrials,29.11359,1.0444078,9.951467,2.39,642142272.0,0.099,-5.690334200000006,True,18.47743867159822,143.63999938964844,186.21964691162108,170.85239849090576,False,False,25.104852749027657,False,4889570.0,1967122.3333333333,True,4.529061003756523,25,,,53.446806099538925,-3
EVRG,Utilities,22.170214,3.1862383,1.8919226,2.42,-1101750016.0,0.185,-5.000539499999999,True,18.45174374184445,83.33999633789062,84.49209426879882,79.06385135650635,False,True,38.8732281360568,False,863920.0,2085807.3333333333,False,4.471961159859249,25,,,53.446806099538925,-3
LNT,Utilities,22.327044,4.150672,2.4706824,2.44,-1202625024.0,0.049,-4.843709499999999,True,18.43496481230578,71.02999877929688,74.03199996948243,69.66854587554931,False,True,27.41797111864712,False,1628916.0,2492593.8666666667,False,4.434674649773323,25,,,53.446806099538925,-3
SO,Utilities,24.15601,3.5285363,2.868205,2.44,-3950000128.0,-0.008,-3.0147435000000016,True,18.43496481230578,94.48999786376952,94.51679977416993,91.8947268676758,False,True,45.75112776688553,False,4040703.0,5741926.766666667,False,4.434674649773323,25,,,53.446806099538925,-3
VST,Utilities,24.843227,2.5761209,16.092125,0.46,-164124992.0,,-2.327526500000001,True,18.423869027248603,148.55499267578125,155.7847512817383,163.7139493560791,False,False,41.24542631667505,False,2651373.0,4180275.7666666666,False,23.854461794090703,0,,,53.446806099538925,-3
LDOS,Technology,10.250686,0.8132612,2.8112612,2.46,1194749952.0,-0.076,-98.22878554878048,True,18.41845871088969,112.23500061035156,114.03716171264648,159.36857494354248,False,False,59.95040091814783,True,474650.0,1797405.0,False,4.397994424404242,25,,,53.446806099538925,-3
AEE,Utilities,19.510792,3.5134017,2.2142391,2.51,-1869374976.0,0.196,-7.659961500000001,True,18.37834428115339,108.52999877929688,110.66150009155274,106.20704452514649,False,True,37.261686065576654,False,682546.0,1702834.8666666667,False,4.308851247212452,25,,,53.446806099538925,-3
CNP,Utilities,25.178572,2.8964517,2.4761457,2.56,-5191875072.0,0.233,-1.992181500000001,True,18.339796821328655,42.27999877929688,43.16677185058594,41.07241817474365,False,True,41.644549182774576,False,3807569.0,7011735.633333334,False,4.223190225379716,25,,,53.446806099538925,-3
MCD,Consumer Cyclical,22.089787,6.9422274,-148.16023,2.59,5952249856.0,0.069,-20.53865253846153,True,18.31738273851165,268.25,274.74334899902345,297.87022003173826,False,False,42.75278374716574,True,2305867.0,4659908.9,False,4.173381152453035,25,,,53.446806099538925,-3
NI,Utilities,22.457712,3.1723201,2.2404208,2.61,-1562412544.0,0.06,-4.713041499999999,True,18.302726275673457,45.119998931884766,46.75359992980957,44.88980686187744,False,True,36.55586947740368,False,2718645.0,4850034.833333333,False,4.140811235034823,25,,,53.446806099538925,-3
JBHT,Industrials,37.893463,1.9722141,6.8506193,2.62,903028352.0,0.458,3.0895387999999926,False,18.295481955301145,266.95001220703125,279.2285986328125,223.27935874938964,False,True,40.52442182238472,False,588722.0,1101664.066666667,False,4.124712745318569,25,,,53.446806099538925,-3
NEM,Basic Materials,11.976103,3.8836372,2.8536808,2.78,8815875072.0,0.114,-28.49579835294118,True,18.18666079747818,95.08000183105467,98.98823806762697,103.87900150299072,False,False,49.58936456460113,True,4376776.0,8201652.533333333,False,3.882887950156429,25,,,53.446806099538925,-3
ETN,Industrials,37.93291,5.2726545,7.625719,3.0,2646500096.0,-0.094,3.128985799999996,False,18.055984723792434,387.1199951171875,402.57,372.73611587524414,False,True,42.46073058224672,False,1952145.0,2364541.5,False,3.5924966752992225,25,,,53.446806099538925,-3
TDG,Industrials,38.9242,7.329019,-7.412963,3.05,1524875008.0,0.115,4.120275799999995,False,18.02891471747005,1245.72998046875,1262.0211987304688,1280.9904479980469,False,False,42.57874136927871,True,140568.0,370998.93333333335,False,3.53234110569393,25,,,53.446806099538925,-3
CDNS,Technology,66.00199,15.654679,13.235728,3.21,1516221952.0,1.254,-42.47748154878048,True,17.947957689216203,331.5050048828125,371.262900390625,327.5808253479004,False,True,27.88022361171319,False,1318711.0,2525007.033333333,False,3.3524365984631466,25,,,53.446806099538925,-3
ODFL,Industrials,43.920834,7.8257604,10.19883,3.35,,0.323,9.116909799999997,False,17.88346393723039,210.66000366210932,226.1016027832032,187.45873489379883,False,True,36.307883456973,False,2626538.0,1783124.6,False,3.209117149605788,25,,,53.446806099538925,-3
KMI,Energy,20.393614,3.9159734,2.2234015,3.55,1075000064.0,0.212,-81.13706439523808,True,17.8001541006612,31.612199783325195,32.168044357299806,30.12297493934632,False,True,43.69633253477835,False,5333782.0,10262419.4,False,3.023984179452018,25,,,53.446806099538925,-3
CPRT,Industrials,18.217453,6.090697,3.0948715,3.58,999977152.0,0.023,-16.586471200000005,True,17.78846047136621,29.370100021362305,30.035802154541017,35.94520057678223,False,False,62.15587379651855,True,6439056.0,13780618.533333331,False,2.9979983365742884,25,,,53.446806099538925,-3
PNW,Utilities,18.90858,2.2506402,1.7376767,3.74,-831102848.0,,-8.2621735,True,17.729262775826577,101.34500122070312,104.40210052490234,96.38062404632568,False,True,28.194389262760154,False,559960.0,1255782.0,False,2.866447902041757,25,,,53.446806099538925,-3
NOC,Industrials,16.812141,1.7518079,4.2014327,3.78,2478000128.0,-0.058,-17.991783200000004,True,17.715246390242456,529.385009765625,535.32359375,603.2712908935547,False,False,44.83124103918372,True,410910.0,1042763.6666666666,False,2.835300378521489,25,,,53.446806099538925,-3
WMT,Consumer Defensive,39.107395,1.2186102,9.374157,4.26,6862249984.0,0.194,12.151656214285712,False,17.56758080690552,111.08999633789062,116.0943992614746,117.6237324142456,False,False,43.325401902456086,True,16591705.0,22565630.166666668,False,2.507154637772741,25,,,53.446806099538925,-3
COST,Consumer Defensive,47.941116,1.4389381,25.553679,4.62,6954375168.0,0.455,20.98537721428572,False,17.4769678353124,953.530029296875,961.2896508789064,954.8060733032228,False,False,63.9895036729209,True,1246879.0,2521965.966666667,False,2.305792478676919,25,,,53.446806099538925,-3
QCOM,Technology,17.256,3.577383,5.8618684,0.51,9589624832.0,1.73,-91.22347154878048,True,17.36806954792297,150.6649932861328,199.26331665039064,167.9213005065918,False,False,16.58128330699462,False,16183253.0,17639808.433333334,False,21.50824072892263,0,,,53.446806099538925,-3
ESS,Real Estate,44.469578,9.9934845,3.3724945,7.02,983003264.0,-0.478,-11.593401433333334,True,17.110385443112317,283.864990234375,284.89495666503905,259.21186531066894,False,True,38.81253331302825,False,350420.0,487404.0,False,1.4911649404545044,25,,,53.446806099538925,-3
MAA,Real Estate,120.81364,7.1639996,2.790798,7.03,909082496.0,-0.315,64.75066056666668,False,17.109381643531965,132.875,133.67149215698242,129.23234638214112,False,True,48.14003925821197,False,1244568.0,1080688.933333333,False,1.4889342747203955,25,,,53.446806099538925,-3
SBAC,Real Estate,19.218706,6.791483,-4.079685,7.17,708085504.0,-0.147,-36.84427343333333,True,17.09562244928417,182.5200042724609,190.7775076293945,192.704282913208,False,False,40.33959557710796,True,747322.0,1000447.4,False,1.4583582875030787,25,,,53.446806099538925,-3
TPL,Energy,53.99313,32.313435,17.42486,7.33,-56057624.0,0.183,-47.53754839523808,True,17.08054123539807,393.1749877929688,395.4032952880859,383.91508743286136,False,True,47.85101937087028,False,134929.0,364487.63333333336,False,1.4248444788672976,25,,,53.446806099538925,-3
UDR,Real Estate,24.259495,8.040324,3.8522615,8.17,,0.909,-31.80348443333333,True,17.01105597301036,38.36000061035156,38.89236419677734,36.25381875991821,False,True,39.76129090944945,False,1736089.0,3462929.6333333333,False,1.2704327846723904,25,,,53.446806099538925,-3
LEN,Consumer Cyclical,13.16301,0.6179622,0.93569994,11.3,1077926016.0,-0.315,-29.46542953846153,True,16.843104706002887,84.0199966430664,87.43206588745117,102.09800136566162,False,False,49.34314341796349,True,1124991.0,2636019.7,False,0.8972077468780022,25,,,53.446806099538925,-3
FSLR,Technology,13.11531,4.0257473,2.2083778,0.54,1147664768.0,0.651,-95.36416154878049,True,16.828438702934317,202.5749969482422,245.3159033203125,234.28912628173828,False,False,25.549428471480297,False,1088534.0,1809034.4666666663,False,20.30906107339228,0,,,53.446806099538925,-3
NRG,Utilities,146.25858,0.8671352,6.7040396,0.63,431624992.0,-0.856,119.0878265,False,15.517906650819004,133.05999755859375,135.3845993041992,152.71937881469728,False,False,43.02766125371857,False,1719381.0,2622639.3666666667,False,17.39676762424715,0,,,53.446806099538925,-3
HAL,Energy,16.549738,1.1803033,2.3945155,0.79,2052249984.0,0.161,-84.98094039523808,True,13.925361372299133,31.604999542236328,36.39081279754639,33.476148500442505,False,False,31.01567692552524,False,4389921.0,12670834.033333331,False,13.857778116425216,0,,,53.446806099538925,-3
GNRC,Industrials,43.937935,2.5348616,4.1985373,0.82,292954496.0,0.92,9.1340108,False,13.695947456414792,191.27999877929688,250.7656015014649,204.4374002075196,False,False,7.594445196092053,False,1272142.0,1073844.7333333334,False,13.347969414460014,0,,,53.446806099538925,-3
SRE,Utilities,30.489796,4.3230047,1.8165973,0.82,-28243374080.0,0.137,3.3190424999999983,False,13.695947456414792,89.52999877929688,91.48481201171874,90.89027786254884,False,False,31.969157280665684,False,1840120.0,3481034.0,False,13.347969414460014,0,,,53.446806099538925,-3
TMUS,Communication Services,18.311401,2.0390184,3.4053652,0.84,11335999488.0,0.053,-33.29091442500001,True,13.552108572646041,175.19000244140625,183.8841098022461,197.84597023010247,False,False,39.97093141455041,False,3263001.0,5715803.366666666,False,13.028327450529453,0,,,53.446806099538925,-3
COHR,Technology,116.82702,7.3046746,4.514661,0.92,-197631744.0,,8.347548451219524,False,13.039291682687875,245.40499877929688,349.1604998779297,254.1897752761841,False,False,31.61820714424522,False,3843030.0,5089641.0,False,11.88873436173353,0,,,53.446806099538925,-3
APP,Communication Services,34.784912,21.800861,56.91897,1.13,3180097280.0,1.131,-16.81740342500001,True,12.038618016884554,400.05999755859375,492.16400146484375,521.2338261413574,False,False,21.663306648920567,False,5523181.0,5678809.366666666,False,9.665015104392817,0,,,53.446806099538925,-3
DECK,Consumer Cyclical,14.108108,2.4436061,5.9578304,1.21,,0.011,-28.520331538461534,True,11.74877314556175,99.40499877929688,105.91830001831056,102.18387489318847,False,False,39.36703012951367,False,1184802.0,2437936.7333333334,False,9.02091539034214,0,,,53.446806099538925,-3
DHI,Consumer Cyclical,13.860344,1.2194053,1.7135937,1.21,2413900032.0,-0.048,-28.768095538461537,True,11.74877314556175,145.35000610351562,150.74880004882812,149.66619735717774,False,False,41.21298129216344,False,1075823.0,2591440.7666666666,False,9.02091539034214,0,,,53.446806099538925,-3
TXT,Industrials,16.3371,0.9860036,1.8848042,1.24,452750016.0,0.052,-18.466824200000005,True,11.64972333570446,86.69999694824219,90.95877532958984,89.528284034729,False,False,40.89925243164223,False,965570.0,1779192.3333333333,False,8.80080470177039,0,,,53.446806099538925,-3
PSKY,Communication Services,387.75,0.29880837,0.74068767,1.31,16400374784.0,-0.318,336.147684575,False,11.436249572475138,7.764999866485596,9.707925825119018,11.702794001102449,False,False,20.253173725435342,False,9345623.0,10144687.433333334,False,8.326418561260782,0,,,53.446806099538925,-3
GLW,Technology,61.990784,6.8166995,9.703527,1.36,882000000.0,0.185,-46.48868754878048,True,11.29722254180058,134.49000549316406,183.1792304992676,134.70943965911866,False,False,24.118943502424514,False,12712857.0,16821171.9,False,8.017469604206209,0,,,53.446806099538925,-3
BG,Consumer Defensive,22.787096,0.22389875,1.2812576,1.37,-6688374784.0,0.33,-4.168642785714287,True,11.270634890678876,105.9000015258789,118.1258462524414,110.96114265441896,False,False,36.37540480242087,False,1192697.0,1546559.9,False,7.958385935046867,0,,,53.446806099538925,-3
OTIS,Industrials,18.33933,1.8212695,-4.724816,1.39,1436249984.0,0.13,-16.464594200000004,True,11.218607256829213,71.3550033569336,71.96909927368164,81.84488052368164,False,False,43.99864460239822,False,1502728.0,4040257.6,False,7.842768970936502,0,,,53.446806099538925,-3
PPL,Utilities,21.776073,2.86777,1.7776833,1.4,-1615124992.0,0.073,-5.3946805,True,11.193150878838482,35.505001068115234,35.79084121704101,36.10539150238037,False,False,46.98137209826233,False,3301767.0,9134515.566666666,False,7.786199242068214,0,,,53.446806099538925,-3
LII,Industrials,18.514673,2.7329283,11.093217,1.58,278637504.0,-0.013,-16.289251200000006,True,10.79003785521314,417.2349853515625,526.0812707519531,507.5330891418457,False,False,18.315589344884145,False,598906.0,501163.5333333333,False,6.890392522900786,0,,,53.446806099538925,-3
NKE,Consumer Cyclical,20.080952,1.3483154,4.206903,1.61,1889250048.0,4.28,-22.54748753846153,True,10.731615677876134,42.19499969482422,43.48781150817871,54.01647783279419,False,False,39.37469507570322,False,11984739.0,25190597.966666665,False,6.760565462151884,0,,,53.446806099538925,-3
DOV,Industrials,24.501207,3.2447443,3.5465543,1.7,906472128.0,0.141,-10.302717200000004,True,10.568720901065896,203.08999633789065,214.3820928955078,205.8265943145752,False,False,39.59890429204149,False,688039.0,1265464.6333333333,False,6.39857706924024,0,,,53.446806099538925,-3
ISRG,Healthcare,40.34633,11.423311,6.8530135,1.78,2615200000.0,0.265,7.874487475925932,False,10.437754313967524,351.56500244140625,401.1300982666016,482.2808757019043,False,False,34.36853921479013,False,1658581.0,3610672.7,False,6.1075402090216375,0,,,53.446806099538925,-3
PLTR,Technology,137.01125,55.956833,34.592907,1.89,1752997120.0,3.25,28.53177845121951,False,10.275778442357767,121.86000061035156,130.95429946899415,153.1596998977661,False,False,44.18494988339933,False,16729900.0,40072090.0,False,5.747593827666623,0,,,53.446806099538925,-3
CRH,Basic Materials,17.746754,1.6786202,2.7706814,2.01,786124992.0,,-22.725147352941185,True,10.119297003299222,95.5250015258789,104.94469970703123,113.56878059387208,False,False,32.56785512809968,False,3271578.0,4348825.933333334,False,5.399857296425411,0,,,53.446806099538925,-3
BLDR,Industrials,25.15645,0.47835055,1.7697732,2.02,640900096.0,,-9.647474200000005,True,10.107096099016193,65.8499984741211,76.50580078125,96.04865028381349,False,False,32.6393650532133,False,2581710.0,2374263.6666666665,False,5.372744175796456,0,,,53.446806099538925,-3
SNPS,Technology,85.106415,8.204968,2.336135,2.09,3538958592.0,-0.96,-23.37305654878048,True,10.024958910852444,371.6799926757813,448.1801995849609,449.7639512634277,False,False,20.72493761179652,False,1164268.0,2077638.933333333,False,5.190217090988127,0,,,53.446806099538925,-3
IBM,Technology,19.688,3.0200934,6.056935,2.18,12049750016.0,-0.018,-88.79147154878048,True,9.927104777116078,221.3999938964844,260.4045986938477,268.45693756103515,False,False,24.82880020583451,False,4037637.0,12418194.566666666,False,4.972763460462869,0,,,53.446806099538925,-3
HUBB,Industrials,27.877888,3.9931047,6.3597884,2.38,524950016.0,-0.009,-6.926036200000006,True,9.736147597369108,470.4800109863281,487.3858294677734,478.6919842529297,False,False,41.29658867475016,False,484025.0,597726.9,False,4.548414172136272,0,,,53.446806099538925,-3
WEC,Utilities,21.353397,3.5334554,2.6290374,2.39,-2348137472.0,0.197,-5.817356499999999,True,9.727438671598222,110.08999633789062,113.72100006103516,111.33520416259766,False,False,36.18830543028624,False,1163680.0,2053029.3333333333,False,4.529061003756523,0,,,53.446806099538925,-3
VMC,Basic Materials,32.1702,4.366705,4.1841564,2.47,889187520.0,0.027,-8.30170135294118,True,9.660305899663935,273.3700866699219,286.4828594970703,289.82343978881835,False,False,31.68737187487069,False,822900.0,1119390.0,False,4.379877066124777,0,,,53.446806099538925,-3
HOOD,Financial Services,38.61947,17.037952,8.606647,2.51,,0.027,18.4339755057971,False,9.628344281153389,87.16500091552734,96.39930068969728,99.56555004119872,False,False,26.05926053561133,False,21969251.0,26182168.366666667,False,4.308851247212452,0,,,53.446806099538925,-3
EXC,Utilities,16.60989,1.8719186,1.5827225,2.71,-2807749888.0,-0.003,-10.5608635,True,9.482688934804589,45.3650016784668,46.12486297607422,45.63407060623169,False,False,40.69994659915745,False,9421086.0,9345966.2,False,3.985172699770673,0,,,53.446806099538925,-3
MLM,Basic Materials,33.89028,5.111466,2.8736455,2.77,841750016.0,12.208,-6.581621352941184,True,9.443093817187028,541.6599731445312,574.9120471191407,610.8943701171875,False,False,37.15262148218024,False,719427.0,623030.9,False,3.8971835495094247,0,,,53.446806099538925,-3
CMS,Utilities,21.786146,2.5353634,2.3751357,2.87,-2198874880.0,-0.439,-5.384607500000001,True,9.380780943352187,72.34500122070312,74.14769973754883,73.38620983123779,False,False,33.205072389000605,False,1570251.0,3481711.7,False,3.7587104965431153,0,,,53.446806099538925,-3
ROL,Consumer Cyclical,34.32727,4.6299596,13.156795,2.89,501737504.0,0.031,-8.301169538461536,True,9.368835845738174,37.7400016784668,45.25240005493164,54.70314350128174,False,False,22.07467124726125,False,3909823.0,5618097.433333334,False,3.7321658351786393,0,,,53.446806099538925,-3
RSG,Industrials,30.351292,3.8929322,5.431021,3.12,1808875008.0,0.075,-4.452632200000004,True,9.242474324343773,211.41000366210932,212.24214447021484,213.448113937378,False,False,40.41349338478936,False,1096027.0,1467117.566666667,False,3.451362454302189,0,,,53.446806099538925,-3
PEG,Utilities,17.199556,3.0280209,2.2375019,3.94,-171750000.0,0.254,-9.9711975,True,8.912026814522036,77.73999786376953,79.46654678344727,79.94579524993897,False,False,32.969649778100006,False,1452094.0,3020159.8,False,2.7170346546983355,0,,,53.446806099538925,-3
PG,Consumer Defensive,20.937136,3.831679,6.204671,4.18,11850375168.0,-0.148,-6.018602785714286,True,8.839836624489797,143.22000122070312,146.27170318603515,145.85478805541993,False,False,44.3522781644399,False,5970529.0,9233764.3,False,2.5566120101822416,0,,,53.446806099538925,-3
TSLA,Consumer Cyclical,287.8411,11.739364,14.065397,4.4,4835999744.0,-0.03,245.2126604615385,False,8.780580510171662,307.94000244140625,392.6003991699219,412.2186001586914,False,False,14.507163235481144,False,27047000.0,43623036.66666666,False,2.424931756141947,0,,,53.446806099538925,-3
NVR,Consumer Cyclical,16.322916,1.7466435,4.9111304,4.97,,-0.226,-26.305523538461536,True,8.651457025651467,6277.72998046875,6378.1701953125,6948.620993652344,False,False,44.181695642667634,False,18866.0,30718.866666666665,False,2.1379906794304007,0,,,53.446806099538925,-3
UBER,Technology,17.304144,2.6441023,5.7376747,5.52,6536625152.0,-0.846,-91.17532754878049,True,8.552143895553934,69.79499816894531,71.88210006713867,78.69157508850098,False,False,37.63355424190184,False,9012979.0,19561972.633333333,False,1.917294834769219,0,,,53.446806099538925,-3
CVNA,Consumer Cyclical,31.185184,2.8704154,11.328079,,196750000.0,0.119,-11.443255538461536,True,,59.560001373291016,66.6865998840332,72.32505002975464,False,False,40.42748579215375,False,25488658.0,11384638.6,True,,25,,,53.446806099538925,0
FOX,Communication Services,13.689474,1.3482643,1.99555,,1406499968.0,-0.493,-37.91284142500001,True,,52.040000915527344,52.51050025939941,56.4578684425354,False,False,64.94096401989324,True,493830.0,2109207.6666666665,False,,25,,,53.446806099538925,0
SNDK,Technology,42.830143,14.076727,13.462638,,2259500032.0,,-65.64932854878049,True,,1249.155029296875,1711.9686987304688,837.5313245010376,False,True,31.60155933426961,False,19198795.0,14432189.833333334,False,,25,,,53.446806099538925,0
VICI,Real Estate,10.160853,7.143991,0.9941598,,1285280000.0,0.601,-45.902126433333336,True,,26.225000381469727,27.01185188293457,27.674424953460694,False,False,52.73885864124699,True,10259424.0,10174904.133333333,False,,25,,,53.446806099538925,0
