date,ticker,score,value_score,growth_composite,momentum_score
2026-08-03,HIG,83.14194303856999,85.4189572789275,69.95230063320903,66.8109003174975
2026-08-03,COF,67.5971170617303,64.06849708765736,43.346130856173545,76.13370433303854
2026-08-03,GPN,67.56013084408451,62.846573353558966,44.35122409380553,79.19660339965944
2026-08-03,DAL,60.732185323706325,59.60218918177596,25.22538297604688,62.33285953578168
2026-08-03,SW,58.98397343095227,55.40399184913253,40.92925691116277,66.83477980533276
2026-08-03,MU,57.07530666413683,66.49397999810263,74.57193603249036,24.319286662239463
2026-08-03,FIS,53.96375103111989,52.43634750265532,87.14634466921486,58.34159370387181
2026-08-03,DXCM,52.708649727236576,42.530364625573135,82.10091704959345,86.00498211037764
2026-08-03,TPR,52.43028684554686,48.53299121089667,78.61145892541396,60.4879932073018
2026-08-03,EME,51.80274581850073,47.64880967886924,72.48155437524129,71.61569721453563
2026-08-03,APA,50.82422316342406,43.84896421789874,73.29113924050633,77.93316070298313
2026-08-03,COO,49.38173251679273,42.89580192580465,44.10514437211863,75.07171573288461
2026-08-03,ZBRA,49.324928468843424,42.97584670862543,48.83297791275574,72.27013579025659
2026-08-03,BMY,48.61287806823034,39.30307996676811,91.11454918904188,79.24452814998668
2026-08-03,TSN,47.65500424565846,39.7505939589668,95.10038784817218,74.5146506389612
2026-08-03,TDG,46.81864132865063,37.12558584635818,59.17936159469575,78.28318105166899
2026-08-03,AMCR,44.29435326121455,39.59612820477477,31.815490943986177,64.81773824343442
2026-08-03,SYY,43.98254908888611,35.85267420201568,33.991205760857,71.0829403724883
2026-08-03,ROK,43.33220239035064,34.98554527063504,76.44901166803,70.93841888392487
2026-08-03,GM,43.124149112175175,40.391122123925584,21.3470229393984,47.24628161589315
2026-08-03,BEN,42.99756481297371,39.585060753566346,78.45444634950378,48.8872244745619
2026-08-03,J,42.77334037711231,40.70219048447904,38.43293459076296,56.27143203659111
2026-08-03,BA,42.77167491720101,33.1826110197498,45.233527892060806,73.57843035502091
2026-08-03,APO,41.47794198752042,37.929864733528085,39.32875850347304,58.7208054610737
2026-08-03,ZBH,40.06277154780274,36.04297081390451,68.64310449503422,58.40632314113644
2026-08-03,RVTY,39.60832244885115,35.43703868196906,43.46377960051945,58.30533445248053
2026-08-03,DVA,39.40724630124858,35.04941309636903,72.80673512003047,58.57369005700442
2026-08-03,IR,38.75196992801424,34.29523532085318,39.32875850347304,58.11503389229455
2026-08-03,CVX,38.75196992801424,34.29523532085318,86.29078381992873,58.11503389229455
2026-08-03,AES,38.66856659608088,34.184030878275365,88.35829436845194,58.09649981853158
2026-08-03,BKNG,38.50778908873946,33.969660868486805,84.66631124608908,58.060771483566825
2026-08-03,HPE,38.35457758174351,33.765378859158886,39.32875850347304,58.02672448201217
2026-08-03,RJF,38.280644121972216,33.66680091279716,72.11356863005531,58.01029482428521
2026-08-03,XYZ,38.280644121972216,33.66680091279716,39.32875850347304,58.01029482428521
2026-08-03,VZ,38.06881229903199,33.38435848221018,26.332977912755737,57.96322108585405
2026-08-03,IFF,38.00133994061399,33.294395337652844,39.32875850347304,57.94822722842783
2026-08-03,LUV,37.96539980451283,36.584350147378736,54.68622792030365,40.436282221246174
2026-08-03,VEEV,37.87079559497916,33.12033621013974,55.20428592963337,57.91921737384231
2026-08-03,CPAY,37.87079559497916,33.12033621013974,74.18107917857853,57.91921737384231
2026-08-03,CBRE,37.62602494691386,32.79397534605268,34.45534078195405,57.864823896494464
2026-08-03,GOOG,37.567986545826216,32.71659081126914,85.92158550769244,57.85192647403054
2026-08-03,IQV,37.567986545826216,32.71659081126914,36.9658893051608,57.85192647403054
2026-08-03,GOOGL,37.567986545826216,32.71659081126914,85.92158550769244,57.85192647403054
2026-08-03,EXPE,37.567986545826216,32.71659081126914,39.32875850347304,57.85192647403054
2026-08-03,MCHP,37.51309970541869,39.47674169072578,29.32875850347304,33.56195162060665
2026-08-03,ON,37.51309970541869,39.47674169072578,29.32875850347304,33.56195162060665
2026-08-03,SYF,37.51113260190362,32.64078555270569,43.61145892541397,57.83929226426997
2026-08-03,COP,37.294864658354925,32.35242829464076,26.77601588743928,57.79123272125915
2026-08-03,MDLZ,37.24342228343315,32.28383846141173,83.48487664693296,57.77980108238764
2026-08-03,KDP,37.192969184952176,32.2165676634371,22.788674115287385,57.7685892827252
2026-08-03,PYPL,37.14347709787084,32.15057821399532,35.04605808153211,57.75759104115157
2026-08-03,PFG,37.0949188237533,32.08583384850527,42.8730623009414,57.7468003135699
2026-08-03,APH,37.04726818092769,32.022299658071105,76.54394837689077,57.73621128183087
2026-08-03,BDX,36.86525131103522,31.7796104982145,39.32875850347304,57.69576308852144
2026-08-03,PHM,36.86525131103522,31.7796104982145,27.514412511911857,57.69576308852144
2026-08-03,PCG,36.82177853184216,31.721646792623744,71.67053065537176,57.686102470922975
2026-08-03,CCL,36.82177853184216,31.721646792623744,32.24015090853633,57.686102470922975
2026-08-03,MET,36.75653882029788,35.03951327598137,66.68457487934856,48.75413322877425
2026-08-03,BLK,36.6155615023366,31.446690753283,60.88993993807219,57.64027646436619
2026-08-03,AFL,36.57641521876944,31.394495708526783,89.39204964271354,57.63157729024015
2026-08-03,EOG,36.5379268559345,31.343177891413536,71.44901166803,57.62302432072128
2026-08-03,OXY,36.50007996581349,31.29271537125217,86.14310449503422,57.61461390069438
2026-08-03,ARES,36.46285864412421,31.24308694233315,46.269686773515225,57.60634249587454
2026-08-03,FDS,36.46285864412421,31.24308694233315,31.35407495916924,57.60634249587454
2026-08-03,LMT,36.46285864412421,31.24308694233315,87.32453909419033,57.60634249587454
2026-08-03,ABBV,36.42809494209932,36.61340200629997,80.70006652035066,45.793061673202345
2026-08-03,SOLV,36.42624750803641,31.194272094216075,19.83508761739709,57.59820668785503
2026-08-03,A,36.390231674974416,31.14625098346676,76.83930702667979,57.590203169396815
2026-08-03,WTW,36.25184012746064,30.961728920115053,24.85618466381059,57.55944949217153
2026-08-03,EA,36.15363535624414,30.83078922515971,78.98065723765025,57.53762620967897
2026-08-03,LH,36.12189997216144,30.788475379716125,65.76335765959118,57.53057390210504
2026-08-03,CVS,36.09853147764631,37.29804197019508,68.62869198312237,31.63300699503252
2026-08-03,PCAR,36.09064542723152,30.7468026531429,44.20217622499202,57.52362844767617
2026-08-03,XOM,36.09064542723152,30.7468026531429,81.86040407309329,57.52362844767617
2026-08-03,PRU,36.05986087545845,30.705756584112127,28.54816778617345,57.51678743617104
2026-08-03,CDW,36.05986087545845,30.705756584112127,47.8941593473549,57.51678743617104
2026-08-03,REGN,36.02953579460736,30.665323142977336,33.71694415748148,57.51004852931524
2026-08-03,WAB,35.941216763515484,30.54756443485484,59.8561846638106,57.4904220779615
2026-08-03,BALL,35.941216763515484,30.54756443485484,62.14521419967557,57.4904220779615
2026-08-03,SWK,35.88445537183054,30.47188257927492,84.9616698958781,57.47780843536484
2026-08-03,TDY,35.856682833756125,30.434852528509023,61.55449690009751,57.47163676023719
2026-08-03,ABNB,35.856682833756125,30.434852528509023,45.60512981148992,57.47163676023719
2026-08-03,AMZN,35.6980369655776,30.223324704271,84.81399057098359,57.43638212286419
2026-08-03,RCL,35.6235053496548,30.12394921637393,33.56926483258696,57.41981954154801
2026-08-03,BRO,35.57546289524099,30.059892610488845,47.00808339798781,57.40914344056716
2026-08-03,BX,35.57546289524099,30.059892610488845,76.24858972710172,57.40914344056716
2026-08-03,MSFT,35.55191577120264,30.02849644510438,67.53550955832536,57.403910746336415
2026-08-03,AVGO,35.52933619887064,35.41505701532839,74.20217622499203,45.59333750804042
2026-08-03,GEN,35.48309740223895,29.93673861981945,85.40470787056164,57.3886177754556
2026-08-03,KVUE,35.39537922963953,29.81978105635357,73.81188086634222,57.36912484821128
2026-08-03,DDOG,35.23254908888611,29.60267420201568,81.26968677351522,57.3329403724883
2026-08-03,URI,35.213285701698766,29.57698968576588,64.65576272288232,57.32865961978
2026-08-03,JCI,35.19425028359056,29.55160912828828,56.16420154144772,57.32442952686706
2026-08-03,ROP,35.156847356781455,29.501738559209468,84.51863192119455,57.31611776535393
2026-08-03,DD,35.13847208169209,29.477238192423656,39.32875850347304,57.31203437088963
2026-08-03,MA,35.06705908077664,29.38202085786972,62.36673318701735,57.29616481513064
2026-08-03,MMM,35.04971015965028,29.358888963034573,68.05238719545616,57.29230949932478
2026-08-03,NDAQ,35.03255617022198,29.336016977130168,54.24437031781903,57.28849750167405
2026-08-03,AMP,35.03255617022198,29.336016977130168,52.324539094190335,57.28849750167405
2026-08-03,HAS,35.03255617022198,29.336016977130168,39.32875850347304,57.28849750167405
2026-08-03,MRSH,34.965825266292086,29.24704243855698,47.377281710224096,57.27366841191185
2026-08-03,DRI,34.965825266292086,29.24704243855698,69.75069943174307,57.27366841191185
2026-08-03,DG,34.965825266292086,29.24704243855698,52.76757706887389,57.27366841191185
2026-08-03,NDSN,34.933547818195564,29.20400584109495,45.9743281237262,57.26649564566818
2026-08-03,WY,34.90196450876778,29.16189476185791,79.64521419967556,57.259477132462
2026-08-03,TMO,34.886426196108125,29.14117701164504,49.37095259630004,57.25602417409319
2026-08-03,AVY,34.811162494162915,29.04082540905142,50.9954251701397,57.23929890699426
2026-08-03,PKG,34.79657771461498,29.02137903632084,27.071374537228312,57.23605784487249
2026-08-03,DGX,34.782143293619086,29.00213314165965,55.64732390431691,57.232850195762296
2026-08-03,IEX,34.782143293619086,29.00213314165965,51.143104495034216,57.232850195762296
2026-08-03,CMG,34.69856799605287,28.890699411571365,36.22749268068823,57.21427790741425
2026-08-03,NTAP,34.68512387687556,28.872773919334943,63.10512981148992,57.21129032537485
2026-08-03,PAYX,34.61986116242256,28.785756966730943,72.55660660473886,57.19678749994085
2026-08-03,EW,34.6071869541085,28.768858022312195,25.22538297604688,57.19397100920439
2026-08-03,BKR,34.59463461318207,28.75212156774363,34.45534078195405,57.19118160010962
2026-08-03,EMR,34.58220239035064,28.735545270635047,65.61567833469667,57.18841888392486
2026-08-03,AMGN,34.55769146761188,28.702864040316708,44.49753487478105,57.18297201220514
2026-08-03,ABT,34.533640843891696,28.67079654202313,22.9363534401819,57.17762742915621
2026-08-03,WDC,34.50574985241575,34.0502752200552,82.61989774397937,45.36587387549488
2026-08-03,BF-B,34.48686958485981,28.608434863313946,21.75491884102578,57.167233816038014
2026-08-03,KMB,34.44179140307795,28.54833062093813,58.4532310773127,57.15721644230871
2026-08-03,ALLE,34.39831600109278,28.49036341829123,57.12411715326207,57.14755524186756
2026-08-03,ANET,34.34609826283885,28.420739767286,63.84352643596249,57.13595130003336
2026-08-03,MSI,34.29610255599998,28.354078824834165,28.843526435962488,57.12484114295805
2026-08-03,VLTO,34.22038889296827,28.253127274125227,49.9616698958781,57.10801588450656
2026-08-03,ADP,34.16679639052113,28.181670604195705,49.666311246089066,57.0961064395183
2026-08-03,SHW,34.124070084436305,28.124702196082605,54.68740829250257,57.08661170483279
2026-08-03,TGT,34.01291791800966,27.976499307513745,25.44690196338865,57.06191122340464
2026-08-03,RTX,33.99798000781264,27.95658209391772,66.13255597182746,57.0585916878053
2026-08-03,ITW,33.88599791179023,27.8072726325545,49.9616698958781,57.0337067775781
2026-08-03,ECL,33.88599791179023,27.8072726325545,43.31610027562493,57.0337067775781
2026-08-03,DVN,33.847168503494785,27.755500088160574,20.86884289165869,57.02507802017912
2026-08-03,CBOE,33.84085154628631,27.74707747854928,74.32875850347304,57.02367425191056
2026-08-03,PFE,33.834577561575855,27.738712165602,30.911036984485698,57.02228003308602
2026-08-03,VRSN,33.82834611235496,27.73040356664081,47.8941593473549,57.02089526659249
2026-08-03,ROST,33.81600910177622,27.713954219202485,70.78445470600468,57.0181537086861
2026-08-03,MTD,33.81600910177622,27.713954219202485,59.265467364232535,57.0181537086861
2026-08-03,WSM,33.79182692157204,27.681711312263587,44.34985554988654,57.01277989086295
2026-08-03,CHD,33.77997525899673,27.6659090954965,49.14943360895827,57.01014618806844
2026-08-03,AME,33.7229888303199,27.58992719059406,54.90892727984434,56.997482537251365
2026-08-03,ETN,33.7229888303199,27.58992719059406,27.809771161700887,56.997482537251365
2026-08-03,ALL,33.70659621523533,27.5680703704813,86.73382179461227,56.99383973389924
2026-08-03,BXP,33.679956087917205,27.532550200723808,25.816100275624937,56.98791970560632
2026-08-03,FAST,33.56283218902989,27.37638500220738,55.20428592963337,56.96189217252025
2026-08-03,NWS,33.52733004404138,27.329048808889368,30.689517997143923,56.954002806967246
2026-08-03,IDXX,33.50594694344599,27.30053800809553,57.936353440181904,56.94925100683494
2026-08-03,GRMN,33.48926576220805,27.2782964331116,69.15998213216503,56.94554407767095
2026-08-03,CASY,33.43367661302948,27.204177567540164,78.16842095073042,56.93319093340904
2026-08-03,HON,33.40373126778744,27.164250440550788,85.25702854566713,56.92653641224416
2026-08-03,EXPD,33.39643887801348,27.1545272541855,57.34563614060384,56.92491588118327
2026-08-03,HST,33.301743497760235,27.028266747181178,81.41736609840973,56.90387246334922
2026-08-03,KO,33.27699575451193,26.99526975618344,57.78867411528738,56.89837296484959
2026-08-03,DASH,33.19998287198698,26.892585912816845,32.609349220772614,56.88125899095516
2026-08-03,PSA,33.14132883575134,26.81438053116932,73.29500322921143,56.868224760680576
2026-08-03,NVDA,33.07272896737891,32.13958070667273,79.22327327140552,45.04742478993114
2026-08-03,FSLR,33.07272896737891,32.13958070667273,57.88361082414814,45.04742478993114
2026-08-03,NUE,33.03363898753132,26.67079406687596,80.82664879883168,56.844293683298346
2026-08-03,GE,33.01795144203235,26.649877339544,60.22538297604688,56.84080756207635
2026-08-03,FCX,32.95967542631069,26.57217598524845,65.24648002246039,56.82785733636043
2026-08-03,KKR,32.89725702227236,31.90561811319733,67.40892727984433,45.00843102435191
2026-08-03,EXR,32.84208030890521,26.41538249537448,45.60512981148992,56.8017250880481
2026-08-03,UAL,32.8277671043784,26.39629822267207,27.66209183680637,56.79854437593103
2026-08-03,BRK-B,32.53353025108213,26.00398241827704,82.30344204777683,56.73315840853186
2026-08-03,STLD,32.44856246059874,25.89069203096584,78.75913825030847,56.71427667731333
2026-08-03,DLR,32.39223673806265,25.8155910675844,21.902598165920296,56.701759850083086
2026-08-03,HPQ,32.237251263404026,25.60894376803957,57.12411715326207,56.66731863349228
2026-08-03,FANG,32.09148383692592,25.414587199402085,19.53972896760806,56.6349258720527
2026-08-03,LITE,31.824928468843424,30.475846708625426,34.32875850347304,44.77013579025659
2026-08-03,WDAY,31.824928468843424,30.475846708625426,80.10934922077261,44.77013579025659
2026-08-03,AIG,31.690887399664803,30.297125283053937,56.84985554988653,44.74034888599468
2026-08-03,CIEN,31.56097067107629,30.123902978269264,83.94901166803,44.71147850186389
2026-08-03,IT,31.43499081305108,29.95592983423564,53.084032765076415,44.68348297785829
2026-08-03,DELL,31.43499081305108,29.95592983423564,80.55238719545615,44.68348297785829
2026-08-03,BSX,31.31277154780274,29.79297081390451,50.94268255410595,44.65632314113644
2026-08-03,GDDY,31.1941469668264,29.63480470593607,61.9447922587473,44.629962123141695
2026-08-03,ADBE,31.1941469668264,29.63480470593607,43.18951799714392,44.629962123141695
2026-08-03,CRM,30.357531500993304,28.519317418158604,69.99331546549834,44.44404757517879
2026-08-03,STT,30.175192232798903,28.276198393899413,20.59458128828317,44.40352773780226
2026-08-03,FIX,30.00196992801424,28.04523532085318,66.22749268068821,44.36503389229455
2026-08-03,HWM,30.00196992801424,28.04523532085318,73.31610027562493,44.36503389229455
2026-08-03,INTU,29.83719749175565,27.82553873917506,45.84774584524519,44.328417795348194
2026-08-03,JBL,29.83719749175565,27.82553873917506,60.46799900980215,44.328417795348194
2026-08-03,AJG,29.83719749175565,27.82553873917506,25.46799900980216,44.328417795348194
2026-08-03,CTSH,29.387818120141304,27.22636624368927,38.83297791275574,44.22855571276723
2026-08-03,ADSK,29.25133994061399,27.044395337652844,79.37095259630003,44.19822722842783
2026-08-03,LULU,29.1853504911722,26.9564094050638,19.117788039338016,44.183562906329655
2026-08-03,CHTR,29.1853504911722,26.9564094050638,51.82875850347303,44.183562906329655
2026-08-03,TER,28.995806327881983,26.703683854010176,82.02918044440129,44.14144198115405
2026-08-03,APTV,28.93528520907704,26.62298902893692,34.32875850347304,44.12799284364184
2026-08-03,EG,28.81798654582621,26.466590811269143,25.172640360013123,44.10192647403054
2026-08-03,TECH,28.81798654582621,26.466590811269143,77.74648002246037,44.10192647403054
2026-08-03,NOW,28.70542722250472,26.316511713507147,21.48065723765025,44.07691329107021
2026-08-03,ACGL,28.393477097870843,25.90057821399532,26.9447922587473,44.00759104115157
2026-08-03,BAC,28.344918823753304,25.835833848505267,63.64310449503422,43.9968003135699
2026-08-03,SCHW,28.344918823753304,25.835833848505267,67.26124795494982,43.9968003135699
2026-08-03,BR,28.344918823753304,25.835833848505267,50.94268255410595,43.9968003135699
2026-08-03,KEYS,27.9871210144662,25.358770102789123,64.3815011195068,43.91728968928388
2026-08-03,HII,27.7879268559345,25.093177891413536,65.04605808153211,43.87302432072128
2026-08-03,UHS,27.750079965813484,25.04271537125217,44.9616698958781,43.86461390069438
2026-08-03,NTRS,27.71285864412421,24.99308694233315,76.1220074486207,43.85634249587454
2026-08-03,ACN,27.71285864412421,24.99308694233315,44.14943360895827,43.85634249587454
2026-08-03,PSX,27.64023167497442,24.89625098346676,17.197956815709325,43.840203169396815
2026-08-03,RMD,27.535614255127697,24.75676109033779,45.700066520350674,43.81695485387532
2026-08-03,CTVA,27.535614255127697,24.75676109033779,26.05871630938021,43.81695485387532
2026-08-03,UNH,27.468593720538387,24.66740037755205,72.5038639887051,43.80206140174436
2026-08-03,PTC,27.468593720538387,24.66740037755205,24.72960238532957,43.80206140174436
2026-08-03,SBUX,27.468593720538387,24.66740037755205,74.49753487478105,43.80206140174436
2026-08-03,BNY,27.43586276178547,24.623759099214823,60.024961035118615,43.794787855354826
2026-08-03,HCA,27.40363535624413,24.58078922515971,47.176859769295824,43.78762620967897
2026-08-03,GL,27.40363535624413,24.58078922515971,55.88993993807219,43.78762620967897
2026-08-03,GPC,27.340645427231525,24.4968026531429,26.206395634274728,43.77362844767617
2026-08-03,L,27.340645427231525,24.4968026531429,27.387830233430844,43.77362844767617
2026-08-03,TFC,27.340645427231525,24.4968026531429,65.19373740642662,43.77362844767617
2026-08-03,DE,27.220223504119183,24.33624008899311,26.50175428406376,43.74686802031787
2026-08-03,CAH,27.05231124513156,24.11235707700961,22.366733187017346,43.70955418498729
2026-08-03,FFIV,26.99944997841323,24.04187538805184,46.80766145705953,43.69780723682766
2026-08-03,PODD,26.9480369655776,23.973324704271,78.9279146216165,43.68638212286419
2026-08-03,TYL,26.8735053496548,23.87394921637393,51.3857205287895,43.66981954154801
2026-08-03,SYK,26.733097402238947,23.68673861981945,68.1473239043169,43.6386177754556
2026-08-03,T,26.733097402238947,23.68673861981945,41.12200744862072,43.6386177754556
2026-08-03,MPC,26.68867960146408,23.62751488545297,34.32875850347304,43.628747153061184
2026-08-03,AOS,26.68867960146408,23.62751488545297,23.031290149042658,43.628747153061184
2026-08-03,AXP,26.68867960146408,23.62751488545297,46.290783819928734,43.628747153061184
2026-08-03,TRMB,26.666892389058688,23.59846526891245,70.80555175241818,43.62390555030443
2026-08-03,DLTR,26.645379229639527,23.56978105635357,44.51863192119456,43.61912484821128
2026-08-03,CSCO,26.603154643450363,23.51348160810135,65.48909605621566,43.60974160683591
2026-08-03,VRTX,26.582433318746425,23.48585317516276,72.28234500136332,43.60513686801281
2026-08-03,WFC,26.56196624342536,23.45856374140133,58.84352643596249,43.600588629052574
2026-08-03,BBY,26.541748766583808,23.431607105612606,66.0798133557937,43.59609585642112
2026-08-03,MTB,26.52177635006761,23.40497721692435,59.65576272288232,43.59165754163975
2026-08-03,CFG,26.52177635006761,23.40497721692435,66.9658893051608,43.59165754163975
2026-08-03,V,26.50204456507572,23.378668170268483,45.33086820811438,43.587272700530434
2026-08-03,SLB,26.48254908888611,23.35267420201568,19.70850533891608,43.5829403724883
2026-08-03,MCK,26.48254908888611,23.35267420201568,65.63677538111017,43.5829403724883
2026-08-03,KEY,26.44425028359056,23.30160912828828,59.28656441064604,43.57442952686706
2026-08-03,WAT,26.44425028359056,23.30160912828828,34.32875850347304,43.57442952686706
2026-08-03,TSCO,26.44425028359056,23.30160912828828,23.031290149042658,43.57442952686706
2026-08-03,MDT,26.44425028359056,23.30160912828828,54.265467364232535,43.57442952686706
2026-08-03,FE,26.388472081692093,23.227238192423656,43.41103698448569,43.56203437088963
2026-08-03,JPM,26.388472081692093,23.227238192423656,68.81188086634222,43.56203437088963
2026-08-03,VTR,26.388472081692093,23.227238192423656,27.092471583641814,43.56203437088963
2026-08-03,DPZ,26.35235516168888,23.17908229908603,41.565045423304255,43.554008388666695
2026-08-03,HRL,26.31705908077664,23.13202085786972,28.27390618279793,43.54616481513064
2026-08-03,EBAY,26.28255617022198,23.086016977130168,42.00808339798781,43.53849750167405
2026-08-03,ULTA,26.28255617022198,23.086016977130168,51.3857205287895,43.53849750167405
2026-08-03,RF,26.24881999101298,23.041035404851502,43.63255597182747,43.53100057296093
2026-08-03,HSIC,26.183547818195564,22.95400584109495,39.64521419967557,43.51649564566818
2026-08-03,STE,26.167670803185924,22.93283648774876,69.99331546549834,43.51296742011048
2026-08-03,ZTS,26.167670803185924,22.93283648774876,40.60512981148992,43.51296742011048
2026-08-03,MPWR,26.136426196108125,22.89117701164504,74.79289352457008,43.50602417409319
2026-08-03,GEHC,26.12105318464698,22.870679663030167,52.64099479039287,43.50260794932405
2026-08-03,ORLY,26.07589999391553,22.81047540872158,45.55238719545616,43.492573906939285
2026-08-03,PNC,26.003716321657794,22.714230512377924,59.13888508575151,43.47653309088201
2026-08-03,HBAN,25.94856799605288,22.640699411571365,30.48909605621565,43.46427790741425
2026-08-03,FITB,25.88265902154944,22.55282077890012,27.9785475330089,43.44963146863571
2026-08-03,HUM,25.86986116242256,22.535756966730943,60.24648002246038,43.44678749994085
2026-08-03,CSX,25.8571869541085,22.518858022312195,57.66209183680637,43.44397100920439
2026-08-03,MCO,25.8571869541085,22.518858022312195,70.9532310773127,43.44397100920439
2026-08-03,PWR,25.8571869541085,22.518858022312195,75.9743281237262,43.44397100920439
2026-08-03,JKHY,25.84463461318208,22.50212156774363,47.9152563937684,43.44118160010962
2026-08-03,USB,25.80769146761188,22.452864040316705,56.84985554988653,43.43297201220514
2026-08-03,GILD,25.771784111169826,22.40498756506064,70.51019310262916,43.42499259966246
2026-08-03,AIZ,25.748399999412808,22.373808749384608,75.30977116170088,43.41979613038312
2026-08-03,GWW,25.748399999412808,22.373808749384608,53.9701087144435,43.41979613038312
2026-08-03,CINF,25.714124657522387,22.328108293530715,74.34985554988654,43.41217938774081
2026-08-03,MAR,25.702907272903705,22.3131517807058,37.13466567646881,43.40968663560332
2026-08-03,FTNT,25.659039286627063,22.25466113233695,67.9996445794224,43.39993819420851
2026-08-03,SNA,25.61671052793908,22.19822278741964,39.9405728494646,43.39053180338896
2026-08-03,EQT,25.585925976166003,22.157176718388868,16.016522216553206,43.38369079188383
2026-08-03,WM,25.585925976166003,22.157176718388868,43.41103698448569,43.38369079188383
2026-08-03,TRV,25.536357630090706,22.091085590288472,71.1009104022072,43.3726756038671
2026-08-03,CLX,25.526694939843114,22.07820200329169,37.65154331359962,43.37052833936763
2026-08-03,STX,25.525965162395263,27.493895633361216,73.63255597182747,31.56481061104589
2026-08-03,SO,25.48884606186085,22.02773683264867,62.24015090853632,43.3621174775938
2026-08-03,LDOS,25.4432658581932,21.96696322775845,26.64943360895827,43.35198854344543
2026-08-03,ICE,25.434371259744687,21.955103763160448,49.539728967608056,43.35001196601243
2026-08-03,PM,25.41679639052113,21.93167060419571,26.797112933852784,43.3461064395183
2026-08-03,EXE,25.35744688097518,21.8525379248011,18.231712089970927,43.332917659619206
2026-08-03,AWK,25.32496769882805,21.809232348604933,43.78023529672198,43.32570006358651
2026-08-03,REG,25.317003454929907,21.79861335674073,43.927914621616495,43.32393023160915
2026-08-03,ES,25.27808045843521,21.746716028081146,15.130446267186118,43.31528067683254
2026-08-03,GD,25.27808045843521,21.746716028081146,48.505973693346455,43.31528067683254
2026-08-03,ERIE,25.270470793951976,21.736569808770163,38.16842095073042,43.31358964028072
2026-08-03,IRM,25.247980007812643,21.70658209391772,83.21061504355742,43.3085916878053
2026-08-03,CB,25.19739603754259,21.63913680022432,31.74437031781903,43.297350805523074
2026-08-03,WST,25.09085154628631,21.49707747854928,53.82242938954899,43.27367425191056
2026-08-03,D,25.07834611235496,21.48040356664081,17.05027749081481,43.27089526659249
2026-08-03,O,25.02997525899673,21.415909095496502,53.4532310773127,43.26014618806844
2026-08-03,NWSA,25.006735191015167,21.38492233818776,25.689517997143923,43.25498172851698
2026-08-03,AON,25.006735191015167,21.38492233818776,30.26757706887388,43.25498172851698
2026-08-03,UNP,24.919530973078167,21.268650047605085,41.417366098409744,43.23560301341987
2026-08-03,CTAS,24.909234167344835,21.254920973293977,51.60723951613126,43.23331483436802
2026-08-03,EQIX,24.89402440399789,21.234641288831384,61.354074959169246,43.22993488695759
2026-08-03,TJX,24.854792871555368,21.18233257890802,61.64943360895827,43.22121676863702
2026-08-03,KIM,24.850019895798265,21.175968611231884,61.79711293385278,43.22015610735767
2026-08-03,FRT,24.75174179887209,21.044931148663643,18.08403276507641,43.19831653026296
2026-08-03,WELL,24.722949196953447,21.00654101277213,64.3815011195068,43.19191817428104
2026-08-03,PANW,24.714923929803767,20.99584065657256,34.32875850347304,43.19013478158112
2026-08-03,CEG,24.691363118760048,20.9644262418476,83.50597369334645,43.18489904579362
2026-08-03,CF,24.687509617220453,20.9592882397948,77.15576272288232,43.18404271211816
2026-08-03,NOC,24.687509617220453,20.9592882397948,27.830868208114385,43.18404271211816
2026-08-03,PH,24.661100017663752,20.92407544038587,29.45534078195405,43.17817391221666
2026-08-03,VLO,24.57094119564771,20.80386367769781,82.47221841908485,43.15813861843532
2026-08-03,AXON,24.54235181821816,20.765744507791744,74.94057284946459,43.15178542345098
2026-08-03,JNJ,24.52396810507197,20.741232890263497,31.44901166803,43.147700153862935
2026-08-03,DOC,24.49735002041239,20.705742110717384,81.88150111950678,43.14178502393858
2026-08-03,NSC,24.463537858817784,20.660659228591243,28.86462348237599,43.134271210250894
2026-08-03,SPG,24.42632971592765,20.6110483714044,52.49331546549835,43.12600273405309
2026-08-03,CME,24.39620129870597,20.57087714844216,37.43002432625785,43.119307530226045
2026-08-03,WRB,24.349266553510297,20.508297488181263,50.64732390431691,43.10887758684923
2026-08-03,BIIB,24.30809491553413,20.45340197087971,15.278125592080633,43.09972833396564
2026-08-03,KR,24.14725702227236,25.65561811319733,43.358294368451936,31.25843102435191
2026-08-03,TROW,24.09208030890521,20.16538249537448,60.91103698448569,43.0517250880481
2026-08-03,ESS,24.01617695156608,20.0641780189223,16.164201541447724,43.03485767530607
2026-08-03,AVB,24.00007074005657,20.042703070242965,18.822429389548983,43.031278517192845
2026-08-03,TPL,23.98361735509298,20.02076522362484,54.265467364232535,43.02762220942316
2026-08-03,CSGP,23.977941987520417,25.429864733528085,78.65365301824096,31.220805461073702
2026-08-03,SBAC,23.96594530230169,19.997202486569787,23.400488461278947,43.02369508658065
2026-08-03,MRK,23.69443734732257,19.63519187993096,34.32875850347304,42.96335998547418
2026-08-03,INVH,23.65760414409704,19.58608094229692,71.9869863515743,42.95517482920184
2026-08-03,OMC,23.58471806954483,19.48889950956064,71.39626905199626,42.9389779237458
2026-08-03,EQR,23.581985501615808,19.48525608565528,18.9701087144435,42.93837068642824
2026-08-03,FOXA,23.457003195769936,19.31861301119411,17.56715512794561,42.910596840684704
2026-08-03,INCY,23.436132704189696,19.290785689087123,65.93213403089919,42.90595895366688
2026-08-03,NRG,23.356194974660845,24.600868716381992,9.982766942291605,31.08263945821602
2026-08-03,PLD,23.286804694857835,19.091681676644644,73.98065723765025,42.87277495159313
2026-08-03,CMCSA,23.28409928542709,19.08807446407032,16.607239516131266,42.87217374949741
2026-08-03,COR,22.68499081305108,23.70592983423564,72.59880069756585,30.933482977858294
2026-08-03,ADI,22.562771547802736,23.54297081390451,71.71272474819877,30.90632314113644
2026-08-03,C,22.108322448851148,22.937038681969057,67.13466567646881,30.80533445248053
2026-08-03,ORCL,21.899773889743223,22.658973936491822,52.14521419967557,30.75899032823433
2026-08-03,FICO,21.515177845674067,22.146179211066286,61.81820998026629,30.6735245406634
2026-08-03,ALGN,21.25196992801424,21.79523532085318,19.581923060435063,30.61503389229455
2026-08-03,CI,21.007789088739457,21.469660868486805,40.33086820811438,30.56077148356682
2026-08-03,TTD,20.78064412197222,21.16680091279716,16.923695212333797,30.51029482428521
2026-08-03,TEL,20.568812299031983,20.88435848221018,50.00386398870511,30.46322108585405
2026-08-03,SMCI,20.435350491172205,20.7064094050638,76.58614246971777,30.43356290632965
2026-08-03,NCLH,20.435350491172205,20.7064094050638,77.9152563937684,30.43356290632965
2026-08-03,COHR,20.37079559497916,20.620336210139744,29.32875850347304,30.41921737384231
2026-08-03,CCI,20.3076289761236,20.536114051665663,11.45956019123675,30.405180347429965
2026-08-03,FLEX,20.245806327881983,20.453683854010176,64.77179647815657,30.39144198115405
2026-08-03,FTV,20.01113260190362,20.140785552705687,34.05449690009751,30.339292264269968
2026-08-03,HSY,19.900835950693786,19.993723351092576,78.06293571866291,30.31478189733445
2026-08-03,MRVL,19.594918823753304,19.585833848505267,10.573484241869664,30.2468003135699
2026-08-03,GLW,19.547268180927684,19.52229965807111,49.63466567646881,30.236211281830872
2026-08-03,AMD,19.321778531842163,19.221646792623744,70.30977116170088,30.18610247092298
2026-08-03,VRT,19.2371210144662,19.108770102789123,65.21483445284014,30.16728968928388
2026-08-03,PNR,19.155382721827326,18.99978571260397,20.32031968490764,30.149125624253013
2026-08-03,LVS,19.1155615023366,18.946690753283,17.219053862122827,30.140276464366185
2026-08-03,MGM,19.0379268559345,18.843177891413536,77.76757706887388,30.123024320721274
2026-08-03,TXN,18.926247508036408,18.694272094216075,64.62411715326206,30.09820668785504
2026-08-03,TRGP,18.81992876883742,18.55251377528409,73.33719732203843,30.074580301366368
2026-08-03,DHR,18.751840127460643,18.461728920115053,66.69162770178528,30.05944949217153
2026-08-03,AMAT,18.718593720538387,18.41740037755205,58.42158550769244,30.05206140174436
2026-08-03,TKO,18.718593720538387,18.41740037755205,67.8730623009414,30.05206140174436
2026-08-03,FDX,18.65363535624413,18.33078922515971,24.086142469717764,30.03762620967897
2026-08-03,ELV,18.559860875458448,18.205756584112127,19.434243735540548,30.016787436171043
2026-08-03,AZO,18.470223504119183,18.08624008899311,37.8941593473549,29.99686802031788
2026-08-03,LOW,18.470223504119183,18.08624008899311,26.74437031781903,29.99686802031788
2026-08-03,AKAM,18.441216763515484,18.04756443485484,19.212724748198777,29.99042207796149
2026-08-03,LRCX,18.412630410456764,18.009449297443215,58.86462348237599,29.98406955505956
2026-08-03,OTIS,18.30231124513156,17.86235707700961,43.21061504355742,29.95955418498729
2026-08-03,GS,18.223566185744254,17.757363664493205,70.67896947393717,29.942055282901222
2026-08-03,CARR,18.172855081739733,17.689748859153845,19.877281710224093,29.930786148678
2026-08-03,CMI,18.09932398093318,17.59170739141177,16.628336562544767,29.914445904054315
2026-08-03,PEP,18.07546289524099,17.559892610488845,73.0418386722494,29.90914344056716
2026-08-03,VST,18.02933619887064,22.915057015328383,24.32875850347304,18.093337508040417
2026-08-03,MO,17.96074613710544,17.406936932974784,25.63677538111017,29.88365082764815
2026-08-03,LHX,17.916892389058688,17.34846526891245,22.60934922077261,29.87390555030443
2026-08-03,HLT,17.895379229639524,17.319781056353566,44.24437031781903,29.86912484821128
2026-08-03,XYL,17.874134984713102,17.29145539645167,50.44690196338865,29.8644039048943
2026-08-03,NFLX,17.853154643450363,17.26348160810135,41.43846314482325,29.85974160683591
2026-08-03,LLY,17.853154643450363,17.26348160810135,74.075593946511,29.85974160683591
2026-08-03,AMT,17.832433318746425,17.23585317516276,73.18951799714392,29.855136868012814
2026-08-03,UPS,17.811966243425353,17.208563741401335,12.34563614060384,29.850588629052577
2026-08-03,STZ,17.752044565075714,17.128668170268483,57.38783023343083,29.83727270053044
2026-08-03,WYNN,17.73254908888611,17.102674202015677,64.47643782836755,29.8329403724883
2026-08-03,GEV,17.713285701698766,17.07698968576588,58.05238719545616,29.82865961978
2026-08-03,IBKR,17.69425028359056,17.051609128288277,60.34141673132113,29.824429526867068
2026-08-03,EFX,17.638472081692093,16.977238192423656,31.691627701785272,29.81203437088963
2026-08-03,ISRG,17.620309237528623,16.953021066872367,54.87728171022409,29.807998183297748
2026-08-03,PPG,17.602355161688877,16.92908229908603,26.07981335579372,29.80400838866669
2026-08-03,KLAC,17.584606275287292,16.905417117217254,45.425804916975146,29.800064191688563
2026-08-03,PLTR,17.567059080776637,16.882020857869716,76.43846314482325,29.79616481513064
2026-08-03,MAS,17.515593845480023,16.813400544140894,53.54816778617345,29.78472809617584
2026-08-03,HD,17.386426196108125,16.641177011645034,24.086142469717764,29.75602417409319
2026-08-03,VRSK,17.37105318464698,16.620679663030167,24.89837875663759,29.752607949324048
2026-08-03,CAT,17.325899993915538,16.56047540872158,57.09247158364181,29.742573906939285
2026-08-03,TT,17.282143293619093,16.50213314165965,37.00808339798781,29.732850195762296
2026-08-03,SPGI,17.253716321657794,16.464230512377924,48.23171208997093,29.726533090882008
2026-08-03,DTE,17.239719284702232,16.445567796437174,52.51441251191186,29.723422638225216
2026-08-03,MS,17.212147232005847,16.40880505950866,67.72538297604689,29.7172955154038
2026-08-03,CNP,17.212147232005847,16.40880505950866,52.88361082414814,29.7172955154038
2026-08-03,ETR,17.198567996052876,16.39069941157137,25.784454706004684,29.71427790741425
2026-08-03,LIN,17.171812867789107,16.35502590721967,41.58614246971776,29.70833232335563
2026-08-03,SNPS,17.082202390350638,16.235545270635047,9.687408292502576,29.68841888392486
2026-08-03,OKE,17.02178411116983,16.154987565060633,48.67475006465448,29.67499259966246
2026-08-03,AEP,16.975444953926562,16.093202022069615,13.527070739759957,29.66469500916396
2026-08-03,RL,16.964124657522387,16.078108293530715,51.185298587861226,29.662179387740807
2026-08-03,MKC,16.9529072729037,16.0631517807058,18.695847111067973,29.65968663560332
2026-08-03,DIS,16.909039286627063,16.00466113233695,14.56082601402156,29.64993819420852
2026-08-03,MSCI,16.909039286627063,16.00466113233695,50.594581288283166,29.64993819420852
2026-08-03,WMB,16.898316001092777,15.990363418291231,53.84352643596249,29.64755524186756
2026-08-03,IBM,16.877152864884135,15.962145903346377,25.9321340308992,29.642852322710084
2026-08-03,CL,16.825841381619647,15.893730592327062,23.12622685790342,29.63144977087353
2026-08-03,EVRG,16.805930771874284,15.867183112666575,49.63466567646881,29.62702519093012
2026-08-03,LNT,16.805930771874284,15.867183112666575,24.75069943174308,29.62702519093012
2026-08-03,ADM,16.748190003612727,15.790195421651164,31.83930702667979,29.61419390909421
2026-08-03,AEE,16.702233065608628,15.728919504312367,42.47221841908485,29.603981256204413
2026-08-03,AAPL,16.693265858193193,15.716963227758455,56.132555971827465,29.60198854344543
2026-08-03,DUK,16.658114405124696,15.670094623667126,42.619897743979365,29.59417710943021
2026-08-03,JBHT,16.63248024270913,15.635915740446372,63.59036187900046,29.58848062889341
2026-08-03,MCD,16.574967698828054,15.559232348604931,36.71272474819878,29.57570006358651
2026-08-03,NEM,16.440377706621256,15.379779025662538,41.80766145705953,29.545791176429443
2026-08-03,MNST,16.399305643271763,15.325016274529885,56.50175428406376,29.536664051240667
2026-08-03,ED,16.32215676752069,15.222151106861784,43.06293571866291,29.51951985662932
2026-08-03,ODFL,16.297812011172574,15.189691431730964,57.83086820811439,29.51410991077418
2026-08-03,CDNS,16.23409293828715,15.104732667883733,72.45112137267134,29.49995011679964
2026-08-03,EIX,16.058304639470297,14.87034826946126,65.65787242752367,29.460886050395896
2026-08-03,KMI,16.04045315834963,14.846546294633704,51.55449690009751,29.456919054591303
2026-08-03,CPRT,16.04045315834963,14.846546294633704,32.28234500136334,29.456919054591303
2026-08-03,PNW,16.005946943445995,14.800538008095526,29.32875850347304,29.449251006834945
2026-08-03,WMT,15.770954736997304,14.487215066163936,50.22538297604688,29.39703051651301
2026-08-03,COST,15.666113008788988,14.347426095219513,63.44268255410595,29.37373235468894
2026-08-03,NXPI,15.572728967378904,19.63958070667273,63.463779600519445,17.547424789931142
2026-08-03,MAA,15.265081820826168,13.81271784460242,43.72749268068823,29.284614312919423
2026-08-03,UBER,15.189189260550664,13.711527764235084,10.425804916975148,29.26774929952487
2026-08-03,UDR,15.157809944628838,13.669688676339316,70.0882521743591,29.260776118208906
2026-08-03,SWKS,15.11966058458173,13.61882286294317,11.311880866342236,29.25229848264288
2026-08-03,CPT,15.085671460090468,13.573504030288152,10.721163566764178,29.244745343867045
2026-08-03,LEN,14.974577555507707,13.425378824177804,14.413146689127046,29.22005780951532
2026-08-03,PGR,14.585483802291208,12.906587153222477,34.79289352457008,29.133592531022767
2026-08-03,QCOM,14.32492846884342,17.975846708625426,11.03761926296671,17.27013579025659
2026-08-03,SRE,12.587484736705404,15.659255065774737,38.72749268068823,16.884037183114806
2026-08-03,HAL,12.587484736705404,15.659255065774737,41.82875850347303,16.884037183114806
2026-08-03,TMUS,12.50196992801424,15.545235320853182,30.235931499253628,16.865033892294548
2026-08-03,GNRC,12.418566596080876,15.434030878275363,65.53129014904266,16.84649981853158
2026-08-03,META,12.257789088739456,15.219660868486809,14.212724748198776,16.81077148356682
2026-08-03,APP,10.704589866441156,13.148728572089071,67.0080833979878,16.465616100833863
2026-08-03,TXT,10.487121014466194,12.858770102789125,30.08825217435912,16.417289689283873
2026-08-03,DECK,10.287926855934504,12.593177891413536,26.986986351574306,16.373024320721274
2026-08-03,DHI,10.250079965813484,12.542715371252177,18.42158550769245,16.36461390069438
2026-08-03,LII,10.06992876883742,12.302513775284094,26.54394837689076,16.324580301366368
2026-08-03,PSKY,9.871899972161446,12.038475379716123,9.265467364232531,16.28057390210504
2026-08-03,PPL,9.691216763515484,11.797564434854843,32.377281710224096,16.240422077961494
2026-08-03,BG,9.691216763515484,11.797564434854843,53.27390618279793,16.240422077961494
2026-08-03,NKE,9.124134984713104,11.04145539645167,72.17685976929582,16.114403904894296
2026-08-03,DOV,8.94425028359056,10.801609128288275,39.24437031781903,16.074429526867064
2026-08-03,NEE,8.590792625244504,10.330332250493536,60.36251377773464,15.99588338056794
2026-08-03,CRH,8.590792625244504,10.330332250493536,38.94901166803,15.99588338056794
2026-08-03,YUM,8.48971928470223,10.195567796437173,67.89415934735489,15.973422638225214
2026-08-03,MOS,8.421812867789106,10.105025907219671,24.32875850347304,15.95833232335563
2026-08-03,BLDR,8.421812867789106,10.105025907219671,24.32875850347304,15.95833232335563
2026-08-03,ATO,8.344634613182073,10.002121567743629,39.90892727984434,15.941181600109624
2026-08-03,XEL,8.295609432582637,9.936754660277714,48.40048846127894,15.930287115531971
2026-08-03,CHRW,8.225444953926562,9.843202022069615,48.25280913638443,15.914695009163957
2026-08-03,HUBB,8.180775676223597,9.783642985132328,21.44901166803,15.90476850300774
2026-08-03,WEC,8.096098262838845,9.670739767285992,45.88993993807219,15.885951300033351
2026-08-03,VMC,8.085925976166003,9.657176718388866,27.651543313599618,15.88369079188383
2026-08-03,HOOD,8.055930771874284,9.617183112666575,59.03339985368401,15.877025190930114
2026-08-03,NI,7.88248024270913,9.385915740446372,30.60512981148992,15.838480628893414
2026-08-03,MLM,7.857446880975178,9.3525379248011,10.816100275624937,15.832917659619202
2026-08-03,EXC,7.793472734321748,9.267239062596529,22.113568630055315,15.818701182585109
2026-08-03,CMS,7.690377706621255,9.129779025662538,8.379391414865443,15.79579117642944
2026-08-03,ROL,7.676491437584046,9.111264000279592,28.020741625835907,15.792705338865618
2026-08-03,RSG,7.529975258996727,8.9159090954965,32.59880069756586,15.760146188068434
2026-08-03,PEG,7.1648134034281945,8.429026621405123,49.43424373554055,15.678999109053205
2026-08-03,TSLA,6.931505284675525,8.1179491297349,20.26757706887388,15.627152860441502
2026-08-03,NVR,6.833731813903281,7.987584502038572,11.185298587861222,15.605425422492116
2026-08-03,PG,6.716593741462566,7.831400405450951,13.25280913638443,15.57939473972751
2026-08-03,CVNA,,,62.50386398870511,
2026-08-03,FOX,,,17.56715512794561,
2026-08-03,SNDK,,,29.32875850347304,
2026-08-03,VICI,,,13.674750064654472,
2026-08-04,HIG,76.92393458538128,81.06795093903595,65.93309751382087,57.49188552441724
2026-08-04,COF,68.5091061108511,64.75248887449796,43.30030595486388,77.72968516899994
2026-08-04,FIS,61.796295539891936,57.99825588423436,91.9829755733899,70.4860465942229
2026-08-04,SW,58.33700794192769,54.91876773236409,40.10395474078042,65.70259019953974
2026-08-04,TPR,54.98431817190176,50.44851470566284,80.1776648144905,64.95754802842286
2026-08-04,ANET,54.31199897741176,43.08266530321568,73.85749385749386,90.51377755053596
2026-08-04,PCAR,53.76979905578364,43.693667874556986,52.7632603636235,86.89964729764237
2026-08-04,PLTR,53.7159274472312,43.05617213271064,94.525759010216,88.36918445642613
2026-08-04,EME,53.55215981380967,48.96087017535094,72.925197397528,74.67717170632625
2026-08-04,ZBRA,51.87895979519832,44.8913702033916,49.14572378254947,76.73969061137765
2026-08-04,GM,51.85648736473542,46.94037581334577,25.43307305138229,62.52787355787359
2026-08-04,AVGO,51.77936311313725,47.290077201028346,83.33862329640705,72.46838460800699
2026-08-04,BEN,51.77279428692953,46.166482859033216,82.75751739434307,64.2438760539846
2026-08-04,AME,51.693817369057726,40.7459862358481,63.83867004763457,86.90897675308844
2026-08-04,ZBH,51.36680287415764,44.20849430867068,74.42827906510475,76.6258779622575
2026-08-04,CVS,48.981030959918776,46.95991658189943,75.26188856177504,54.17738108900933
2026-08-04,APO,47.48769868292042,42.24969216009855,41.992523220999736,69.7289251648749
2026-08-04,KKR,46.80822854487454,42.02634675514897,74.9455083769876,67.79013118890572
2026-08-04,AMCR,46.472682495633,41.2298751305886,32.419164316210484,68.62981440366669
2026-08-04,EMR,46.32630129954144,37.23111945252815,71.63848484669468,76.17809197500878
2026-08-04,LITE,45.377527734749656,40.3277961580551,41.2282387105561,66.9246845055925
2026-08-04,DELL,44.98500334838107,39.80593923573313,88.52424264256527,66.83350491468576
2026-08-04,J,44.364111415705686,41.89526876342406,38.72650068418959,59.05528135412951
2026-08-04,WAT,44.241866865856565,36.03592555888423,43.96622965968188,71.56617665705616
2026-08-04,LUV,43.8129311157719,40.96999863082304,56.94670658353226,50.66946201594956
2026-08-04,FSLR,43.20856561840888,39.42895819494521,62.824525707786265,61.22263892923358
2026-08-04,IT,43.162181717853954,38.126323012837794,59.68746327693316,62.081067061263326
2026-08-04,C,42.16235377520604,37.352562176735226,78.80174343856912,62.7748892736016
2026-08-04,DVA,41.75637924680928,36.81126280553956,73.98601862284431,62.68467271173565
2026-08-04,HWM,41.306001254369136,36.21075881561935,79.83368447051015,62.58458871341561
2026-08-04,IR,41.306001254369136,36.21075881561935,40.10395474078042,62.58458871341561
2026-08-04,CVX,41.306001254369136,36.21075881561935,88.26120289802859,62.58458871341561
2026-08-04,WSM,41.23270540373285,32.94987017388419,47.90210804841312,68.47181723464438
2026-08-04,BKNG,41.06182041509435,35.885184363252975,86.36931100613668,62.53032630468789
2026-08-04,HPE,40.90860890809841,35.680902353925056,40.10395474078042,62.49627930313324
2026-08-04,XYZ,40.83467544832711,35.58232440756333,40.10395474078042,62.47984964540628
2026-08-04,RJF,40.83467544832711,35.58232440756333,73.29805793488362,62.47984964540628
2026-08-04,VZ,40.622843625386885,35.29988197697635,27.204691841517526,62.43277590697512
2026-08-04,COHR,40.42482692133405,35.03585970490592,40.10395474078042,62.38877219496337
2026-08-04,CPAY,40.42482692133405,35.03585970490592,75.53393017075585,62.38877219496337
2026-08-04,VEEV,40.42482692133405,35.03585970490592,55.84105547788116,62.38877219496337
2026-08-04,TER,40.29983765423688,34.86920734877634,88.77717341399911,62.36099680227512
2026-08-04,CBRE,40.180056273268754,34.70949884081885,35.28822992505561,62.33437871761553
2026-08-04,GOOG,40.122017872181104,34.63211430603532,87.83122746805314,62.32148129515161
2026-08-04,EXPE,40.122017872181104,34.63211430603532,40.10395474078042,62.32148129515161
2026-08-04,GOOGL,40.122017872181104,34.63211430603532,87.83122746805314,62.32148129515161
2026-08-04,IQV,40.122017872181104,34.63211430603532,38.04007267689836,62.32148129515161
2026-08-04,MCHP,40.067131031773584,41.39226518549195,30.103954740780427,38.031506441727714
2026-08-04,SYF,40.065163928258514,34.556309047471856,43.887738524564206,62.30884708539104
2026-08-04,COP,39.84889598470982,34.267951789406936,27.720662357488045,62.26078754238021
2026-08-04,MDLZ,39.79745360978804,34.199361956177896,84.64940928623497,62.24935590350871
2026-08-04,KDP,39.74700051130707,34.132091158203266,23.76488840171409,62.23814410384627
2026-08-04,PYPL,39.69750842422574,34.06610170876149,35.97619061301629,62.22714586227264
2026-08-04,PFG,39.6489501501082,34.00135734327144,43.02778766461334,62.21635513469096
2026-08-04,SCHW,39.6489501501082,34.00135734327144,73.47004810687379,62.21635513469096
2026-08-04,APH,39.601299507282576,33.93782315283728,78.11378275060844,62.205766102951934
2026-08-04,PCG,39.37580985819706,33.637170287389914,72.78208741891311,62.15565729204404
2026-08-04,CCL,39.37580985819706,33.637170287389914,33.22434786117355,62.15565729204404
2026-08-04,KEYS,39.291152340821085,33.52429359755529,70.28822992505562,62.13684451040494
2026-08-04,EOG,39.0919581822894,33.25870138617971,72.52410216092784,62.09257914184234
2026-08-04,OXY,39.05411129216838,33.20823886601835,88.08921272603841,62.084168721815445
2026-08-04,LMT,39.01688997047911,33.15861043709932,89.12115375797944,62.07589731699561
2026-08-04,ARES,39.01688997047911,33.15861043709932,46.9835616203873,62.07589731699561
2026-08-04,FDS,39.01688997047911,33.15861043709932,32.19240682923251,62.07589731699561
2026-08-04,ABBV,38.982126268454216,38.52892550106613,82.5732422100679,50.26261649432341
2026-08-04,SOLV,38.9802788343913,33.109795588982244,21.013045649871337,62.0677615089761
2026-08-04,A,38.94426300132931,33.06177447823293,78.45776309458877,62.05975799051788
2026-08-04,WTW,38.805871453815534,32.87725241488123,25.82877046559615,62.0290043132926
2026-08-04,EA,38.70766668259903,32.74631271992588,80.60764024446593,62.007181030800034
2026-08-04,LH,38.67593129851634,32.703998874482295,66.59044122726691,62.000128723226105
2026-08-04,REGN,38.58356712096225,32.580846637743505,34.60026923709492,61.97960335043631
2026-08-04,WAB,38.49524808987038,32.46308792962101,60.39879503562072,61.95997689908256
2026-08-04,SWK,38.43848669818544,32.38740607404109,86.71329135011703,61.94736325648591
2026-08-04,ABNB,38.41071416011101,32.3503760232752,46.295600932426616,61.941191581358254
2026-08-04,FFIV,38.30348130476813,32.20739888281801,52.40125203807772,61.91736205794872
2026-08-04,AMZN,38.25206829193249,32.13884819903716,86.54130117812686,61.90593694398525
2026-08-04,RCL,38.177536676009694,32.0394727111401,34.428279065104746,61.88937436266907
2026-08-04,BRO,38.12949422159588,31.97541610525501,47.671522308348,61.87869826168823
2026-08-04,BX,38.12949422159588,31.97541610525501,77.76980240662809,61.87869826168823
2026-08-04,MSFT,38.10594709755753,31.94401993987055,68.31034294716864,61.87346556745748
2026-08-04,GEN,38.03712872859384,31.852262114585628,87.22926186608755,61.858172596576665
2026-08-04,DXCM,38.014777463460334,31.822460427740957,74.15800879483449,61.85320564876922
2026-08-04,DLTR,37.94941055599442,31.735304551119736,49.907394544220224,61.83867966933234
2026-08-04,CSCO,37.907185969805255,31.67900510286752,71.75014638697206,61.829296427956976
2026-08-04,V,37.80607589143061,31.544191665034653,50.85334049016617,61.8068275216515
2026-08-04,SYY,37.786580415241005,31.518197696781847,29.612554249379937,61.80249519360937
2026-08-04,SLB,37.786580415241005,31.518197696781847,25.65678029360598,61.80249519360937
2026-08-04,DDOG,37.786580415241005,31.518197696781847,82.58552722235291,61.80249519360937
2026-08-04,URI,37.76731702805366,31.49251318053205,65.47250510933078,61.79821444090106
2026-08-04,JCI,37.74828160994545,31.467132623054447,56.78700142382711,61.79398434798813
2026-08-04,BMY,37.74828160994545,31.467132623054447,84.99338963021532,61.79398434798813
2026-08-04,ROP,37.71087868313634,31.41726205397564,86.19732083414652,61.785672586475
2026-08-04,MA,37.62109040713153,31.297544352635885,62.806657443483125,61.7657196362517
2026-08-04,MMM,37.60374148600518,31.274412457800743,68.74031837714406,61.761864320445845
2026-08-04,NDAQ,37.58658749657688,31.251540471896337,54.55112918795487,61.75805232279512
2026-08-04,HAS,37.58658749657688,31.251540471896337,40.10395474078042,61.75805232279512
2026-08-04,AMP,37.58658749657688,31.251540471896337,52.83122746805315,61.75805232279512
2026-08-04,DRI,37.51985659264698,31.16256593332315,70.71820535503105,61.743223233032914
2026-08-04,MRSH,37.51985659264698,31.16256593332315,48.01550265232834,61.743223233032914
2026-08-04,DG,37.51985659264698,31.16256593332315,53.34719798402367,61.743223233032914
2026-08-04,NDSN,37.48757914455046,31.11952933586112,46.63958127640696,61.73605046678925
2026-08-04,HSIC,37.48757914455046,31.11952933586112,45.26365990048559,61.73605046678925
2026-08-04,ON,37.4790004199916,39.13866722665546,60.565110565110565,31.93977787110925
2026-08-04,WY,37.45599583512268,31.07741825662408,81.3815960184217,61.72903195358307
2026-08-04,TMO,37.44045752246302,31.056700506411204,49.73540437223005,61.725578995214256
2026-08-04,PKG,37.35060904096988,30.93690253108701,28.064642701468387,61.70561266599356
2026-08-04,DGX,37.33617461997398,30.91765663642582,56.35702599385167,61.70240501688336
2026-08-04,IEX,37.33617461997398,30.91765663642582,51.627296264121945,61.70240501688336
2026-08-04,CMG,37.25259932240777,30.80622290633753,37.35211198893767,61.68383272853532
2026-08-04,NTAP,37.23915520323045,30.788297414101116,63.66660830343398,61.68084514649591
2026-08-04,PAYX,37.173892488777454,30.701280461497117,73.81402845085414,61.66634232106191
2026-08-04,PWR,37.1612182804634,30.684381517078364,82.24154687837256,61.663525830325455
2026-08-04,EW,37.1612182804634,30.684381517078364,26.172750809576492,61.663525830325455
2026-08-04,BKR,37.14866593953697,30.6676450625098,35.28822992505561,61.66073642123069
2026-08-04,AMGN,37.11172279396678,30.61838753508288,45.09166972849541,61.652526833326206
2026-08-04,GILD,37.07581543752472,30.570511059826803,76.90985154667723,61.644547420783525
2026-08-04,BF-B,37.04090091121471,30.523958358080115,22.73294736977305,61.63678863715908
2026-08-04,KMB,37.04090091121471,30.523958358080115,59.19486383168951,61.63678863715908
2026-08-04,HUBB,36.98480700257849,30.449166479898494,37.61009724692293,61.62432332412881
2026-08-04,FTNT,36.96307061298196,30.42018462710312,74.32999896682466,61.61949301532957
2026-08-04,ALLE,36.95234732744767,30.4058869130574,57.99093262775831,61.61711006298862
2026-08-04,MSI,36.85013388235487,30.26960231960033,29.44056407738976,61.59439596407911
2026-08-04,STX,36.82999648875016,35.65941912812738,79.82139945822514,49.78436543216696
2026-08-04,VLTO,36.77442021932317,30.1686507688914,50.42336506019074,61.57757070562762
2026-08-04,LDOS,36.74729718454809,30.13248672252463,32.53638717321286,61.571543364566494
2026-08-04,ADP,36.72082771687602,30.097194098961875,50.07938471621039,61.56566126063937
2026-08-04,SHW,36.6781014107912,30.04022569084877,55.067099703925386,61.556166525953856
2026-08-04,IRM,36.55201133416754,29.87210558868389,89.80911444594012,61.52814650892637
2026-08-04,RTX,36.55201133416754,29.87210558868389,67.02041665724234,61.52814650892637
2026-08-04,ECL,36.44002923814512,29.72279612732067,43.54375818058386,61.50326159869917
2026-08-04,ITW,36.44002923814512,29.72279612732067,50.42336506019074,61.50326159869917
2026-08-04,MET,36.39746060165277,35.08270461199754,65.54621518304087,49.68824634614531
2026-08-04,CBOE,36.394882872641205,29.662600973315445,75.70592034274603,61.49322907303163
2026-08-04,NVDA,36.39107624411884,34.31584116422768,81.68850829336853,49.29203252422601
2026-08-04,VRSN,36.38237743870985,29.645927061406976,48.1874928243185,61.49045008771356
2026-08-04,MTD,36.37004042813111,29.62947771396865,59.79682943365512,61.487708529807165
2026-08-04,ROST,36.37004042813111,29.62947771396865,71.92213655896225,61.487708529807165
2026-08-04,CHD,36.33400658535162,29.58143259026267,49.4774191142448,61.47970100918951
2026-08-04,NWSA,36.31076651737006,29.550445832953923,31.59044122726691,61.474536549638046
2026-08-04,TJX,36.15882419791026,29.34785607367419,67.62238225920795,61.440771589758086
2026-08-04,FAST,36.11686351538478,29.291908496973548,55.84105547788116,61.43144699364132
2026-08-04,NWS,36.08136137039627,29.244572303655534,31.59044122726691,61.42355762808831
2026-08-04,GRMN,36.043297088562944,29.19381992787777,70.03024466707035,61.41509889879202
2026-08-04,IDXX,36.03509398020692,29.182882450069737,58.678893315718994,61.413275985824015
2026-08-04,PH,35.965131344018644,29.08959893515204,35.28822992505561,61.39772873333773
2026-08-04,HON,35.95776259414234,29.07977393531696,87.05727169409738,61.39609123336522
2026-08-04,EXPD,35.929039507889776,29.04147648698021,58.16292279974848,61.38970832530909
2026-08-04,AXON,35.84638314457305,28.931268002557918,81.72557636240205,61.371340244572046
2026-08-04,KO,35.83102708086682,28.9107932509496,58.50690314372883,61.36792778597066
2026-08-04,DASH,35.75401419834188,28.80810940758301,33.4823331191588,61.35081381207623
2026-08-04,PSA,35.69536016210623,28.729904025935483,74.67397931080501,61.33777958180164
2026-08-04,BIIB,35.61212624188903,28.61892546564588,21.35702599385168,61.3192831550867
2026-08-04,GE,35.571982768387244,28.565400834310168,60.82877046559615,61.310362383197415
2026-08-04,EXR,35.396111635260105,28.33090599014065,46.295600932426616,61.271279909169166
2026-08-04,UAL,35.3817984307333,28.31182171743824,28.580613217438906,61.268099197052095
2026-08-04,BRK-B,35.08756157743702,27.919505913043206,83.27348791031359,61.20271322965292
2026-08-04,STLD,35.002593786953625,27.80621552573201,80.34965498648067,61.1838314984344
2026-08-04,INVH,34.96163547045193,27.751604437063087,78.62975326657896,61.1747296503229
2026-08-04,DLR,34.946268064417545,27.73111456235057,22.90493754176323,61.17131467120415
2026-08-04,WDAY,34.79874366466324,32.39370810549029,82.72017345683966,48.41181238294127
2026-08-04,BA,34.76616746638035,27.49098043163432,40.10395474078042,61.131292316084775
2026-08-04,FANG,34.645515163280805,27.33011069416825,85.33736997419567,61.10448069317376
2026-08-04,CIEN,34.11500199743119,32.039426473035434,85.49707513390082,49.18103332298496
2026-08-04,BSX,33.86680287415763,31.70849430867068,51.61501125183693,49.12587796225751
2026-08-04,ADBE,33.7481782931813,31.55032820070224,43.35948299630868,49.09951694426276
2026-08-04,RVTY,33.20380521609812,30.824497431258,38.71574835257403,48.97854514935539
2026-08-04,STT,32.7292235591538,30.191721888665583,21.344740981566662,48.87308255892332
2026-08-04,FIX,32.556001254369136,29.96075881561935,67.26611690294258,48.83458871341561
2026-08-04,GNRC,32.47259792243577,29.84955437304153,77.0695567063824,48.81605463965265
2026-08-04,AES,32.47259792243577,29.84955437304153,84.9811046179303,48.81605463965265
2026-08-04,INTU,32.39122881811054,29.74106223394123,46.45530609213177,48.79797261646926
2026-08-04,AJG,32.39122881811054,29.74106223394123,26.332455969281657,48.79797261646926
2026-08-04,JBL,32.39122881811054,29.74106223394123,61.24646088328656,48.79797261646926
2026-08-04,TTD,32.08467544832711,29.332324407563327,22.892652529478216,48.72984964540628
2026-08-04,CTSH,31.9418494464962,29.14188973845544,39.14572378254947,48.6981105338883
2026-08-04,TEL,31.87284362538688,29.04988197697635,55.57078520761089,48.68277590697512
2026-08-04,ADSK,31.805371266968884,28.959918832419014,81.02533066215635,48.66778204954889
2026-08-04,LULU,31.739381817527097,28.87193289982997,20.140809777635464,48.65311772745072
2026-08-04,CHTR,31.739381817527097,28.87193289982997,52.73294736977305,48.65311772745072
2026-08-04,FLEX,31.54983765423688,28.619207348776342,71.22189085871653,48.61099680227512
2026-08-04,EG,31.372017872181104,28.38211430603532,25.98847562530131,48.57148129515161
2026-08-04,TECH,31.372017872181104,28.38211430603532,78.78945842628411,48.57148129515161
2026-08-04,NOW,31.259458548859605,28.23203520827332,22.3766820135077,48.54646811219128
2026-08-04,TSN,30.99700051130707,27.882091158203263,80.50936014618583,48.48814410384627
2026-08-04,ACGL,30.947508424225735,27.816101708761487,27.880367517193203,48.47714586227264
2026-08-04,MRVL,30.8989501501082,27.75135734327144,16.701006337832023,48.46635513469096
2026-08-04,BAC,30.8989501501082,27.75135734327144,64.42827906510475,48.46635513469096
2026-08-04,GLW,30.851299507282576,27.68782315283728,55.140809777635454,48.455766102951934
2026-08-04,HII,30.3419581822894,27.008701386179705,66.06218569901138,48.34257914184234
2026-08-04,UHS,30.30411129216838,26.958238866018345,45.42336506019074,48.334168721815445
2026-08-04,DHI,30.30411129216838,26.958238866018345,29.25628889311458,48.334168721815445
2026-08-04,NTRS,30.266889970479102,26.90861043709932,77.41353705036275,48.32589731699561
2026-08-04,ACN,30.266889970479102,26.90861043709932,44.4774191142448,48.32589731699561
2026-08-04,PSX,30.19426300132931,26.811774478232927,18.24891788574357,48.30975799051788
2026-08-04,RMD,30.089645581482596,26.67228458510396,46.2833159201416,48.28650967499638
2026-08-04,SBUX,30.02262504689328,26.58292387231822,76.20960584643153,48.27161622286543
2026-08-04,TKO,30.02262504689328,26.58292387231822,50.23908987591555,48.27161622286543
2026-08-04,PTC,30.02262504689328,26.58292387231822,25.472505109330797,48.27161622286543
2026-08-04,BNY,29.98989408814036,26.539282593980992,60.90248053930622,48.26434267647589
2026-08-04,HCA,29.957666682599022,26.49631271992588,47.659237296062976,48.257181030800034
2026-08-04,GL,29.957666682599022,26.49631271992588,56.51673115355683,48.257181030800034
2026-08-04,PSKY,29.92593129851634,26.45399887448229,20.312799949625635,48.250128723226105
2026-08-04,TFC,29.894676753586417,26.41232614790907,66.40616604299173,48.24318326879723
2026-08-04,L,29.894676753586417,26.41232614790907,52.3889670257927,48.24318326879723
2026-08-04,GPC,29.894676753586417,26.41232614790907,27.020416657242343,48.24318326879723
2026-08-04,DE,29.77425483047408,26.25176358375928,27.364397001222688,48.21642284143893
2026-08-04,AKAM,29.74524808987038,26.21308792962101,24.870539507365194,48.20997689908256
2026-08-04,BALL,29.71666173681166,26.174972792209385,57.54867218549787,48.20362437618062
2026-08-04,OTIS,29.60634257148645,26.02788057177578,48.69117832800401,48.17910900610836
2026-08-04,CAH,29.60634257148645,26.02788057177578,23.40862304544873,48.17910900610836
2026-08-04,PODD,29.50206829193249,25.888848199037163,80.16537980220549,48.15593694398525
2026-08-04,TYL,29.42753667600969,25.7894727111401,52.04498668181237,48.13937436266907
2026-08-04,MPC,29.35594709755753,25.69401993987055,35.10395474078042,48.12346556745748
2026-08-04,VST,29.333367525225533,31.080580510094556,30.103954740780427,36.312892329161485
2026-08-04,CMI,29.30977026989791,25.63245083632439,22.54867218549787,48.11320405019979
2026-08-04,SYK,29.28712872859384,25.602262114585628,69.50198913881482,48.108172596576665
2026-08-04,T,29.28712872859384,25.602262114585628,41.811571448397125,48.108172596576665
2026-08-04,AOS,29.242710927818976,25.54303838021914,23.83859847542416,48.09830197418225
2026-08-04,AXP,29.242710927818976,25.54303838021914,46.79928643611212,48.09830197418225
2026-08-04,TRMB,29.220923715413583,25.51398876367862,72.25383189065758,48.09346037142549
2026-08-04,KVUE,29.19941055599442,25.485304551119736,70.18994982677552,48.08867966933234
2026-08-04,VRTX,29.13646464510132,25.40137666992893,43.53147316829885,48.07469168913388
2026-08-04,WFC,29.115997569780248,25.374087236167504,59.526559163384846,48.07014345017364
2026-08-04,MTB,29.075807676422507,25.32050071169052,60.47250510933078,48.06121236276081
2026-08-04,CFG,29.075807676422507,25.32050071169052,68.12606776289346,48.06121236276081
2026-08-04,WYNN,29.036580415241005,25.268197696781847,70.8779105147362,48.05249519360937
2026-08-04,DOV,28.99828160994545,25.217132623054447,49.55112918795487,48.04398434798813
2026-08-04,TSCO,28.99828160994545,25.217132623054447,23.83859847542416,48.04398434798813
2026-08-04,KEY,28.99828160994545,25.217132623054447,60.04252967935536,48.04398434798813
2026-08-04,VTR,28.94250340804699,25.142761687189825,28.05235768918337,48.03158919201069
2026-08-04,FE,28.94250340804699,25.142761687189825,43.78945842628411,48.03158919201069
2026-08-04,DPZ,28.906386488043765,25.0946057938522,42.32754196436765,48.02356320978776
2026-08-04,PPG,28.906386488043765,25.0946057938522,32.1801218169475,48.02356320978776
2026-08-04,ULTA,28.836587496576875,25.001540471896337,52.04498668181237,48.00805232279512
2026-08-04,MAS,28.819625171834915,24.978924038907063,59.1825788194045,48.0042829172969
2026-08-04,STE,28.721702129540816,24.84835998251493,71.39388103070672,47.98252224123154
2026-08-04,MPWR,28.69045752246302,24.806700506411204,76.55358619041188,47.975578995214256
2026-08-04,GEHC,28.67508451100187,24.786203157796336,53.334912971738646,47.97216277044512
2026-08-04,NEE,28.6448239515994,24.745855745259703,71.73786137468707,47.96543820168901
2026-08-04,ORLY,28.62993132027043,24.72599890348775,46.11132574815143,47.96212872806035
2026-08-04,TT,28.58617461997398,24.66765663642582,42.671522308348,47.95240501688336
2026-08-04,PNC,28.55774764801269,24.629754007144093,59.87053950736519,47.94608791200307
2026-08-04,MS,28.516178558360743,24.574328554274828,74.31771395453964,47.93685033652486
2026-08-04,HBAN,28.502599322407768,24.55622290633753,31.49216112898681,47.93383272853532
2026-08-04,MOS,28.475844194143995,24.52054940198584,35.10395474078042,47.9278871444767
2026-08-04,FITB,28.43669034790433,24.46834427366629,28.912308549134234,47.91918628975677
2026-08-04,CSX,28.411218280463395,24.434381517078364,58.15063778746347,47.913525830325455
2026-08-04,MCO,28.411218280463395,24.434381517078364,72.42582206264774,47.913525830325455
2026-08-04,JKHY,28.39866593953697,24.4176450625098,48.51918815601383,47.91073642123069
2026-08-04,ROK,28.373919895996305,24.384650337788905,67.52410216092784,47.90523730044387
2026-08-04,USB,28.361722793966777,24.368387535082874,57.29068692751261,47.902526833326206
2026-08-04,ABT,28.33767217024659,24.336320036789296,18.93687857370426,47.89718225027728
2026-08-04,OKE,28.32581543752472,24.320511059826803,54.36685400367968,47.894547420783525
2026-08-04,CINF,28.26815598387728,24.243631788296884,76.03761567444135,47.88173420886187
2026-08-04,MAR,28.2569385992586,24.22867527547197,39.83368447051016,47.87924145672439
2026-08-04,WMB,28.20234732744767,24.1558869130574,59.526559163384846,47.86711006298862
2026-08-04,SNA,28.17074185429397,24.113746282185808,40.60764024446593,47.860086624510025
2026-08-04,EQT,28.139957302520894,24.07270021315504,16.872996509822194,47.853245613004894
2026-08-04,CL,28.129872707974545,24.05925408709323,29.08429872112441,47.8510045919946
2026-08-04,TRV,28.0903889564456,24.00660908505464,72.59781223463793,47.842230424988166
2026-08-04,SO,28.04287738821575,23.94326032741484,62.96636260318828,47.831672298714864
2026-08-04,ICE,27.988402586099586,23.870627257926618,49.89510953193521,47.819566787133496
2026-08-04,PM,27.970827716876023,23.84719409896188,27.70837734520303,47.81566126063937
2026-08-04,EXE,27.91147820733007,23.76806141956727,19.280858917684604,47.80247248074027
2026-08-04,AWK,27.87899902518295,23.724755843371103,44.04744368426936,47.795254884707575
2026-08-04,ES,27.8321117847901,23.66223952284731,16.185035821861508,47.78483549795361
2026-08-04,GD,27.8321117847901,23.66223952284731,48.86316849999418,47.78483549795361
2026-08-04,ERIE,27.824502120306867,23.652093303536333,38.37176800859369,47.78314446140178
2026-08-04,CB,27.751427363897484,23.554660294990484,32.86808250490819,47.76690562664414
2026-08-04,MNST,27.70333696962665,23.490539769296053,62.45039208721777,47.756218872361735
2026-08-04,WST,27.644882872641205,23.412600973315445,54.53884417566986,47.74322907303163
2026-08-04,D,27.63237743870985,23.39592706140698,18.0769277137534,47.74045008771356
2026-08-04,AON,27.560766517370062,23.300445832953923,31.23417587100156,47.724536549638046
2026-08-04,CDNS,27.538124264642043,23.2702561626499,78.44547808230377,47.71950493792071
2026-08-04,ALL,27.510627541590225,23.23359386524747,83.60518324200892,47.7133945550203
2026-08-04,BXP,27.4839874142721,23.198073695489978,21.602726239551924,47.70747452672739
2026-08-04,UNP,27.473562299433063,23.18417354237125,42.15555179237747,47.70515783454093
2026-08-04,CTAS,27.46326549369973,23.170444468060147,52.3889670257927,47.70286965548908
2026-08-04,EQIX,27.448055730352785,23.150164783597557,62.2784019152276,47.69948970807865
2026-08-04,EIX,27.36233596582519,23.03587176422743,72.08184171866742,47.68044087151696
2026-08-04,FRT,27.305773125226978,22.960454643429813,19.10886874569443,47.66787135138403
2026-08-04,WELL,27.27698052330834,22.9220645075383,65.2882299250556,47.66147299540211
2026-08-04,PANW,27.268955256158662,22.911364151338724,35.10395474078042,47.65968960270218
2026-08-04,CASY,27.25707959129296,22.895529931517785,74.66169429851999,47.65705056606536
2026-08-04,CEG,27.24539444511494,22.879949736613764,85.15309478992047,47.654453866914686
2026-08-04,NOC,27.241540943575345,22.87481173456097,28.74031837714406,47.65359753323922
2026-08-04,CF,27.241540943575345,22.87481173456097,78.10149773832342,47.65359753323922
2026-08-04,VLO,27.1249725220026,22.71938717246398,84.2931439299696,47.62769343955639
2026-08-04,JNJ,27.077999431426868,22.656756385029663,32.61009724692293,47.617254974984
2026-08-04,NSC,27.017569185172675,22.57618272335741,29.7722594090851,47.60382603137196
2026-08-04,CME,26.950232625060863,22.48640064320833,37.683807320633,47.58886235134711
2026-08-04,WRB,26.903297879865192,22.423820982947436,51.35702599385167,47.5784324079703
2026-08-04,TROW,26.646111635260105,22.08090599014065,61.76243139925708,47.521279909169166
2026-08-04,ESS,26.57020827792097,21.979701513688468,17.044986681812368,47.504412496427136
2026-08-04,AVB,26.554102066411467,21.95822656500913,19.96881960564529,47.50083333831391
2026-08-04,CSGP,26.531973313875312,27.34538822829425,80.32508496191065,35.69036028219477
2026-08-04,SBAC,26.519976628656583,21.91272598133596,24.09658373340942,47.49324990770172
2026-08-04,UBER,26.49322058690556,21.87705125900125,16.529016165841853,47.48730412064593
2026-08-04,SWKS,26.423691910936626,21.78434635770934,17.21697685380254,47.47185330376395
2026-08-04,OMC,26.138749395899723,21.40442300432681,72.94179257861828,47.40853274486686
2026-08-04,FOXA,26.01103452212483,21.23413650596028,18.50690314372883,47.38015166180577
2026-08-04,INCY,25.99016403054459,21.206309183853293,67.09412673095241,47.37551377478794
2026-08-04,PLD,25.84083602121273,21.007205171410813,75.60764024446593,47.342329772714194
2026-08-04,CMCSA,25.838130611781985,21.003597958836487,17.560957197782884,47.34172857061847
2026-08-04,COR,25.23902213940597,25.62145332900181,73.61746825429394,35.403037798979355
2026-08-04,GDDY,24.998178293181297,25.30032820070224,57.79437243119812,35.34951694426276
2026-08-04,ORCL,24.45380521609812,24.574497431258,52.54867218549787,35.22854514935539
2026-08-04,FICO,24.06920917202896,24.061702705832456,62.95407759090326,35.143079361784466
2026-08-04,HAL,23.891516063060298,23.824778560540903,47.73294736977305,35.10359200423588
2026-08-04,ALGN,23.80600125436913,23.71075881561935,20.300514937340623,35.08458871341561
2026-08-04,SMCI,22.989381817527097,22.62193289982997,78.43319307001876,34.90311772745072
2026-08-04,NCLH,22.989381817527097,22.62193289982997,79.46513410195979,34.90311772745072
2026-08-04,CCI,22.86166030247849,22.451637546431837,12.388967025792711,34.87473516855103
2026-08-04,APTV,22.73931653543193,22.288512523703083,30.103954740780427,34.84754766476291
2026-08-04,FTV,22.565163928258517,22.056309047471856,34.40370904053472,34.80884708539104
2026-08-04,HSY,22.45486727704868,21.909246845858743,79.63712427394995,34.78433671845551
2026-08-04,APP,22.00862119279605,21.314252066855243,72.92950756633326,34.68517092195493
2026-08-04,VRT,21.791152340821085,21.02429359755529,66.56587120269688,34.63684451040494
2026-08-04,PNR,21.709414048182214,20.915309207370136,21.160465797291483,34.61868044537408
2026-08-04,LVS,21.66959282869149,20.862214248049163,18.23663287345856,34.60983128548725
2026-08-04,TXN,21.4802788343913,20.609795588982244,66.04990068672637,34.5677615089761
2026-08-04,TRGP,21.37396009519232,20.468037270050264,74.47741911424481,34.54413512248743
2026-08-04,CTVA,21.33964558148259,20.42228458510396,21.84842648525217,34.53650967499638
2026-08-04,DHR,21.30587145381553,20.377252414881223,68.28577292259861,34.5290043132926
2026-08-04,AMAT,21.27262504689328,20.33292387231822,59.17029380711948,34.521616222865426
2026-08-04,UNH,21.27262504689328,20.33292387231822,69.05972869655437,34.521616222865426
2026-08-04,FDX,21.207666682599022,20.24631271992588,24.944249581075265,34.507181030800034
2026-08-04,ELV,21.113892201813343,20.121280078878296,20.12852476535045,34.48634225729211
2026-08-04,LRCX,20.96666173681166,19.924972792209385,59.68626432309,34.45362437618062
2026-08-04,CARR,20.72688640809463,19.60527235392001,20.644495281320967,34.40034096979906
2026-08-04,PEP,20.62949422159588,19.47541610525501,74.13343877026446,34.37869826168823
2026-08-04,MO,20.514777463460334,19.322460427740957,26.664151300976982,34.35320564876922
2026-08-04,HLT,20.44941055599442,19.235304551119736,44.55112918795487,34.33867966933234
2026-08-04,XYL,20.428166311068,19.20697889121784,51.0867557235814,34.33395872601536
2026-08-04,NFLX,20.40718596980525,19.17900510286752,41.971276608102286,34.329296427956976
2026-08-04,AMT,20.38646464510132,19.15137666992893,74.30542894225462,34.32469168913388
2026-08-04,STZ,20.30607589143061,19.044191665034653,58.13835277517845,34.3068275216515
2026-08-04,GEV,20.267317028053657,18.99251318053205,58.74031837714406,34.29821444090106
2026-08-04,IBKR,20.24828160994545,18.967132623054447,61.5781562149819,34.29398434798813
2026-08-04,EFX,20.19250340804699,18.892761687189825,32.167836804662485,34.28158919201069
2026-08-04,ISRG,20.17434056388352,18.868544561638537,55.73049036731605,34.27755300441881
2026-08-04,KLAC,20.138637601642188,18.820940611983424,46.09904073586641,34.26961901280963
2026-08-04,EBAY,20.086587496576872,18.751540471896337,37.671522308348,34.25805232279512
2026-08-04,VRSK,19.92508451100187,18.536203157796336,25.80420044102613,34.22216277044512
2026-08-04,SPGI,19.80774764801269,18.379754007144093,49.02287365969934,34.19608791200307
2026-08-04,DTE,19.793750611057124,18.361091291203344,52.97864761547329,34.19297745934628
2026-08-04,CNP,19.76617855836074,18.324328554274828,53.40862304544873,34.18685033652486
2026-08-04,ETR,19.752599322407768,18.30622290633754,26.83614147296716,34.183832728535315
2026-08-04,LIN,19.725844194144,18.27054940198584,42.14326678009246,34.1778871444767
2026-08-04,BLDR,19.725844194144,18.27054940198584,30.103954740780427,34.1778871444767
2026-08-04,HUM,19.67389248877745,18.201280461497117,56.07447071129639,34.16634232106191
2026-08-04,SNPS,19.636233716705533,18.151068765401217,10.841055477881165,34.157973705045926
2026-08-04,AEP,19.529476280281457,18.008725516835785,14.624839261664947,34.13424983028502
2026-08-04,RL,19.51815598387728,17.993631788296884,51.774716411542094,34.13173420886187
2026-08-04,MKC,19.5069385992586,17.97867527547197,19.26857390539959,34.12924145672439
2026-08-04,MSCI,19.46307061298196,17.92018462710312,51.25874589557158,34.119493015329574
2026-08-04,IBM,19.431184191239023,17.877669398112545,27.00813164495733,34.11240714383115
2026-08-04,WM,19.389957302520894,17.822700213155038,38.78945842628411,34.103245613004894
2026-08-04,EVRG,19.359962098229172,17.782706607432743,50.140809777635454,34.096580012051184
2026-08-04,LNT,19.359962098229172,17.782706607432743,25.632210269035955,34.096580012051184
2026-08-04,AEE,19.25626439196352,17.64444299907854,43.00321764004333,34.07353607732548
2026-08-04,AAPL,19.24729718454809,17.632486722524625,57.020416657242336,34.071543364566494
2026-08-04,DUK,19.238402586099586,17.620627257926618,43.1752078120335,34.069566787133496
2026-08-04,JBHT,19.186511569064024,17.55143923521254,65.01795965478534,34.05803545001448
2026-08-04,REG,19.1210347812848,17.464136851506908,39.219433856259535,34.04348505273021
2026-08-04,EXC,19.09750406067664,17.432762557362697,28.212062848888536,34.038256003706174
2026-08-04,NEM,18.99440903297615,17.295302520428706,42.40125203807772,34.01534599755051
2026-08-04,ODFL,18.85184333752747,17.105214926497133,58.4823331191588,33.983664731895246
2026-08-04,CPRT,18.594484484704523,16.762069789399874,32.511817148642834,33.92647387571237
2026-08-04,KMI,18.594484484704523,16.762069789399874,52.11869675552244,33.92647387571237
2026-08-04,WMT,18.3249860633522,16.402738560930104,50.82877046559615,33.86658533763408
2026-08-04,COST,18.22014433514388,16.26294958998568,64.84596948279517,33.843287175810005
2026-08-04,NXPI,18.126760293733795,21.555104201438905,65.00567464250032,22.016979611052204
2026-08-04,MAA,17.819113147181064,15.72824133936859,44.03515867198436,33.75416913404049
2026-08-04,TPL,17.787648681447877,15.686288718391008,49.79682943365512,33.74717703054422
2026-08-04,UDR,17.711841270983733,15.585212171105486,71.89756653439221,33.730330939329974
2026-08-04,LEN,17.5286088818626,15.340902318943977,15.484790121615806,33.68961263063638
2026-08-04,PGR,17.139515128646103,14.822110647988644,35.43565007247575,33.60314735214383
2026-08-04,QCOM,16.878959795198313,19.891370203391595,11.86071149753718,21.73969061137765
2026-08-04,TMUS,15.056001254369132,17.46075881561935,30.951620588446275,21.334588713415613
2026-08-04,META,14.811820415094353,17.135184363252975,14.870539507365194,21.280326304687883
2026-08-04,CI,14.811820415094353,17.135184363252975,35.85334049016617,21.280326304687883
2026-08-04,TXT,13.041152340821084,14.774293597555292,30.779630416456104,20.88684451040493
2026-08-04,DECK,12.841958182289396,14.508701386179704,27.339826976652663,20.842579141842336
2026-08-04,LII,12.623960095192317,14.218037270050264,26.99584663267232,20.79413512248743
2026-08-04,BG,12.245248089870378,13.713087929621013,53.99830363512932,20.709976899082555
2026-08-04,LHX,11.72092371541358,13.013988763678618,18.482333119158803,20.59346037142549
2026-08-04,NKE,11.678166311067995,12.95697889121784,73.94916358598927,20.58395872601536
2026-08-04,CRH,11.144823951599395,12.245855745259703,39.20714884397453,20.465438201689004
2026-08-04,YUM,11.043750611057124,12.111091291203342,68.96144859827429,20.44297745934628
2026-08-04,ATO,10.898665939536963,11.917645062509797,40.497075133900815,20.410736421230688
2026-08-04,XEL,10.84964075893753,11.852278155043884,49.01058864741433,20.399841936653036
2026-08-04,CHRW,10.779476280281456,11.758725516835783,48.83859847542416,20.384249830285015
2026-08-04,WEC,10.65012958919374,11.586263262052162,46.51673115355683,20.355506121154413
2026-08-04,VMC,10.639957302520894,11.572700213155036,27.85579749262318,20.35324561300489
2026-08-04,HOOD,10.609962098229175,11.532706607432743,60.361939998765685,20.346580012051177
2026-08-04,NI,10.436511569064024,11.30143923521254,31.295600932426616,20.30803545001448
2026-08-04,MLM,10.411478207330072,11.268061419567273,11.602726239551924,20.302472480740267
2026-08-04,CMS,10.244409032976147,11.045302520428708,9.452849089674777,20.265345997550504
2026-08-04,ROL,10.23052276393894,11.026787495045763,28.19977783660352,20.26226015998668
2026-08-04,PEG,9.718844729783088,10.344550116171291,50.21451985134553,20.14855393017427
2026-08-04,TSLA,9.48553661103042,10.03347262450107,21.234175871001558,20.096707681562563
2026-08-04,NVR,9.387763140258174,9.903107996804742,12.032701669527356,20.074980243613176
2026-08-04,CVNA,,,74.05972869655437,
2026-08-04,FOX,,,18.50690314372883,
2026-08-04,SNDK,,,30.103954740780427,
2026-08-04,VICI,,,19.79682943365512,
2026-08-05,HIG,75.82253861155426,80.2419039586657,65.47839404150652,55.56444257021997
2026-08-05,MU,73.51178458984357,78.82133844238268,82.93691766490063,53.08312303222625
2026-08-05,COF,68.35614253186009,64.6377661902547,43.61980153808993,77.46199890576565
2026-08-05,DAL,66.69590222786175,64.07497685989253,28.515557143417052,72.76936411805367
2026-08-05,GPN,62.74378156584977,58.70887040370274,42.2875853939798,72.1441471396491
2026-08-05,SW,58.78902405502531,55.257779817187306,40.72594017005079,66.49361839746057
2026-08-05,EME,56.08014339713206,50.856857862842745,74.42917547568709,79.10114297714046
2026-08-05,J,56.02919916229175,50.331584573363614,31.668816856208405,77.90668491065512
2026-08-05,LUV,54.98916301601745,49.039672556007204,63.911779564681844,68.66536784137926
2026-08-05,TPR,54.33056154131194,49.95819723272047,79.39081278340791,63.81347392489067
2026-08-05,BEN,53.68430086102337,47.60011278960359,83.63327525255735,67.5890125586488
2026-08-05,AMGN,52.88159325003009,42.13329037713037,53.8935882717662,87.68730013143703
2026-08-05,CVS,52.572595947046196,49.65359032224499,76.69369185415026,60.4626198164823
2026-08-05,ANET,51.638675746323926,41.07767287989981,73.28278870158081,85.83546189613226
2026-08-05,EMR,50.77770104271552,40.56966925990871,71.62431271096787,83.96804152556341
2026-08-05,ZBH,50.59442166259148,43.560010727759874,74.40138360793222,75.45544284073058
2026-08-05,EXPE,50.29416026557538,41.94872110108102,46.21100331019912,78.5602304835916
2026-08-05,GM,49.932110673953304,45.497093295259184,24.910859564570742,59.16021434900488
2026-08-05,AVGO,49.191754659653135,45.34937086091526,81.34085929593776,67.9400698144098
2026-08-05,ZBRA,48.48124719222804,42.423798653034886,47.80166076655931,70.58230262270803
2026-08-05,XYZ,47.14699826339097,39.96193011219079,44.317210441037126,72.07427182733342
2026-08-05,FIS,47.08276051375244,47.275604614629735,83.85321651697977,46.29986029847878
2026-08-05,CDW,46.710135571223525,38.380962605935935,53.60857176860877,74.59226815375993
2026-08-05,IFF,46.62004048922269,39.44592074910937,44.15726672462888,71.46845318849306
2026-08-05,APO,45.40189688383212,40.872830905761866,41.18489389848038,65.58772652961918
2026-08-05,AIZ,45.37621770027155,36.469672025028665,86.05849549102875,74.64347710688591
2026-08-05,NVDA,45.137382578486616,40.674445176752734,86.19005746462369,65.12482649526454
2026-08-05,PH,44.06137471342883,34.849281462209674,40.4373244113149,74.00365462980555
2026-08-05,AMCR,42.61356813924449,38.33553936329722,30.997578111103483,61.876364279986795
2026-08-05,WDAY,42.4752031646085,38.15105273044923,86.3464153204058,61.84561650784546
2026-08-05,LITE,42.4752031646085,38.15105273044923,40.17305379820707,61.84561650784546
2026-08-05,IT,42.08526550881616,37.631135856059444,59.11597134577579,61.758963695447164
2026-08-05,DELL,42.08526550881616,37.631135856059444,86.79038995042693,61.758963695447164
2026-08-05,COO,41.729235475266634,37.15642914466008,40.17305379820707,61.67984591021394
2026-08-05,NWSA,41.608078316606814,33.21092968238149,35.41206581438886,69.18233219830236
2026-08-05,C,41.40287461117957,36.72128132587732,78.20688043668487,61.607321273750145
2026-08-05,HWM,40.65224462377932,35.720441342676985,79.09482969672715,61.44051460988342
2026-08-05,IR,40.65224462377932,35.720441342676985,40.17305379820707,61.44051460988342
2026-08-05,BKNG,40.408063784504535,35.39486689031061,85.90244069038465,61.3862522011557
2026-08-05,HPE,40.25485227750859,35.19058488098269,40.17305379820707,61.352205199601045
2026-08-05,RJF,40.18091881773729,35.09200693462096,73.02717641977155,61.335775541874085
2026-08-05,VZ,39.96908699479707,34.809564504033986,27.59377261427473,61.288701803442926
2026-08-05,NCLH,39.83562518693728,34.631615426887606,89.01026310053265,61.25904362391853
2026-08-05,VEEV,39.771070290744234,34.54554223196355,56.23013625063837,61.24469809143118
2026-08-05,CPAY,39.70790367188867,34.46132007348947,75.09905802653688,61.230661065018836
2026-08-05,TER,39.64608102364706,34.378889875833984,88.12231384049036,61.21692269874293
2026-08-05,CBRE,39.526299642678936,34.21918136787649,35.4373244113149,61.19030461408334
2026-08-05,GOOGL,39.468261241591286,34.141796833092954,87.16036880877789,61.177407191619416
2026-08-05,IQV,39.468261241591286,34.141796833092954,37.95318064810137,61.177407191619416
2026-08-05,GOOG,39.468261241591286,34.141796833092954,87.16036880877789,61.177407191619416
2026-08-05,ON,39.413374401183766,40.901947712549585,60.955294813006226,36.88743233819553
2026-08-05,SYF,39.411407297668696,34.06599157452949,44.02083392505697,61.164772981858846
2026-08-05,COP,39.19513935412,33.77763431646457,28.037747244295872,61.11671343884802
2026-08-05,MDLZ,39.143696979198225,33.70904448323554,84.27453371364047,61.10528179997652
2026-08-05,MCHP,39.11858377331955,40.36835474165143,30.650658484274967,34.80904873943316
2026-08-05,PFG,38.99519351951838,33.51103987032907,43.28087620835507,61.072281031158774
2026-08-05,SCHW,38.99519351951838,33.51103987032907,73.17516796311193,61.072281031158774
2026-08-05,APH,38.94754287669276,33.44750567989492,77.61491426332336,61.06169199941974
2026-08-05,PHM,38.7655260068003,33.20481652003831,28.777704960997774,61.02124380611031
2026-08-05,BDX,38.7655260068003,33.20481652003831,40.17305379820707,61.02124380611031
2026-08-05,CCL,38.72205322760724,33.14685281444755,33.36544280454957,61.01158318851185
2026-08-05,ABBV,38.65791451038158,38.47800119148001,81.93838149376732,49.191774584683934
2026-08-05,KEYS,38.63739571023127,33.03397612461293,70.14134132463413,60.99277040687275
2026-08-05,BLK,38.515836198101674,32.8718967751068,61.92781066924301,60.96575718195506
2026-08-05,DHI,38.40035466157856,32.71792139307598,34.40138360793223,60.940094618283254
2026-08-05,LMT,38.36313333988929,32.668292964156954,88.41829692717113,60.93182321346342
2026-08-05,SOLV,38.32652220380148,32.61947811603988,20.638170077276843,60.92368740544391
2026-08-05,A,38.29050637073949,32.57145700529056,77.91089735000409,60.91568388698569
2026-08-05,FDS,38.25507143821077,32.52421042858559,32.47749354450728,60.90780945753486
2026-08-05,WTW,38.152114823225716,32.38693494193886,25.96586563753054,60.884930209760405
2026-08-05,EA,38.05391005200921,32.25599524698352,81.758677476854,60.86310692726784
2026-08-05,LH,38.02217466792652,32.21368140153993,66.51554851279481,60.856054619693914
2026-08-05,ARES,38.02217466792652,32.21368140153993,46.98066479186458,60.856054619693914
2026-08-05,PCAR,37.9909201229966,32.172008674966705,44.61280009841849,60.84910916526504
2026-08-05,XOM,37.9909201229966,32.172008674966705,82.64662673689628,60.84910916526504
2026-08-05,GPC,37.9909201229966,32.172008674966705,32.32950200116691,60.84910916526504
2026-08-05,PRU,37.960135571223525,32.130962605935935,29.665654221040057,60.84226815375992
2026-08-05,REGN,37.92981049037243,32.09052916480114,34.697366694612995,60.835529246904116
2026-08-05,WAB,37.84149145928056,31.972770456678646,60.89186986586036,60.81590279555037
2026-08-05,SWK,37.78473006759562,31.897088601098723,86.19842377706541,60.80328915295372
2026-08-05,ABNB,37.756957529521195,31.86005855033283,46.314702846832866,60.79711747782606
2026-08-05,TDY,37.756957529521195,31.86005855033283,62.59377261427473,60.79711747782606
2026-08-05,CAH,37.70258594089663,31.787563098833417,28.629713417657392,60.785034902576164
2026-08-05,AMZN,37.59831166134267,31.648530726094798,86.05043223372503,60.76186284045306
2026-08-05,RCL,37.523780045419876,31.549155238197734,34.54937515127261,60.74530025913688
2026-08-05,DXCM,37.361020832870516,31.33214295479859,73.76713413647346,60.70913154523703
2026-08-05,LLY,37.361020832870516,31.33214295479859,84.86649988700199,60.70913154523703
2026-08-05,GEN,37.2956539254046,31.244987078177374,86.64239840708656,60.69460556580015
2026-08-05,MSFT,37.2956539254046,31.244987078177374,68.29144703287938,60.69460556580015
2026-08-05,BX,37.2956539254046,31.244987078177374,77.31893117664258,60.69460556580015
2026-08-05,CSCO,37.25342933921544,31.188687629925155,71.39926944302736,60.685222324424785
2026-08-05,CFG,37.17205104583269,31.080183238748155,72.87918487643117,60.66713825922862
2026-08-05,WFC,37.15231926084079,31.053874192092287,64.9616373077208,60.66275341811931
2026-08-05,WYNN,37.13282378465119,31.02788022383948,75.39504111321764,60.65842109007718
2026-08-05,DDOG,37.13282378465119,31.02788022383948,82.05466056353475,60.65842109007718
2026-08-05,URI,37.11356039746384,31.002195707589685,65.55360348108233,60.65414033736887
2026-08-05,JCI,37.09452497935563,30.97681515011208,57.192081282350834,60.64991024445594
2026-08-05,WAT,37.09452497935563,30.97681515011208,40.17305379820707,60.64991024445594
2026-08-05,ROP,37.057122052546525,30.926944581033275,85.75444914704428,60.641598482942804
2026-08-05,JPM,37.03874677745717,30.90244421424746,74.72907916818593,60.6375150884785
2026-08-05,DD,37.03874677745717,30.90244421424746,40.17305379820707,60.6375150884785
2026-08-05,PPG,37.00262985745395,30.854288320909838,37.06523138805908,60.62948910625557
2026-08-05,PLTR,36.967333776541714,30.807226879693523,85.4584660603635,60.62164553271951
2026-08-05,MA,36.967333776541714,30.807226879693523,63.40772610264682,60.62164553271951
2026-08-05,MMM,36.93283086598706,30.761222998953976,68.8094174345707,60.613978219262926
2026-08-05,NDAQ,36.93283086598706,30.761222998953976,55.12019967558551,60.613978219262926
2026-08-05,EBAY,36.93283086598706,30.761222998953976,47.720622508566485,60.613978219262926
2026-08-05,HAS,36.93283086598706,30.761222998953976,40.17305379820707,60.613978219262926
2026-08-05,AMP,36.93283086598706,30.761222998953976,53.34430115550094,60.613978219262926
2026-08-05,MRSH,36.86609996205716,30.672248460380786,48.09060136691743,60.599149129500724
2026-08-05,DRI,36.86609996205716,30.672248460380786,70.51132018298509,60.599149129500724
2026-08-05,DG,36.86609996205716,30.672248460380786,53.64028424218171,60.599149129500724
2026-08-05,HSIC,36.83382251396064,30.62921186291876,45.20476627178002,60.591976363257054
2026-08-05,WY,36.80223920453286,30.587100783681713,80.2787620434502,60.58495785005088
2026-08-05,TMO,36.7867008918732,30.56638303346884,50.236478745352954,60.581504891682066
2026-08-05,NDSN,36.7867008918732,30.56638303346884,46.68468170518382,60.581504891682066
2026-08-05,HD,36.7867008918732,30.56638303346884,35.06734555296394,60.581504891682066
2026-08-05,TT,36.756117546320866,30.525605239399056,47.720622508566485,60.57470859267043
2026-08-05,ORLY,36.72617468968061,30.485681430545384,51.420411092076,60.56805462452816
2026-08-05,AVY,36.71143718992799,30.466031430875226,52.012377265437514,60.56477962458313
2026-08-05,PKG,36.69685241038006,30.44658505814465,28.333730330976632,60.561538562461365
2026-08-05,DGX,36.68241798938416,30.42733916348346,56.674110880659505,60.55833091335117
2026-08-05,IEX,36.65399101742287,30.389436534201728,52.160368808777896,60.55201380847088
2026-08-05,NTAP,36.585398572640635,30.29797994115875,64.2956753626891,60.53677104296372
2026-08-05,MOS,36.57208756355418,30.280231929043474,40.17305379820707,60.53381304094451
2026-08-05,PAYX,36.520135858187636,30.210962988554748,73.4711510497927,60.52226821752972
2026-08-05,EW,36.50746164987358,30.194064044136,26.483836039221877,60.519451726793264
2026-08-05,PWR,36.50746164987358,30.194064044136,81.61068593351362,60.519451726793264
2026-08-05,BKR,36.49490930894715,30.177327589567433,35.4373244113149,60.5166623176985
2026-08-05,WDC,36.406024548180824,35.475481241879,83.71428001385188,48.691354593083766
2026-08-05,BF-B,36.38714428062489,30.03364088513775,22.562060140701792,60.49271453362689
2026-08-05,RL,36.36439935328746,30.003314315354523,62.22379375592378,60.48766010532968
2026-08-05,HUBB,36.331050371988674,29.958849006956136,37.43521024641003,60.48024922059662
2026-08-05,FTNT,36.30931398239214,29.92986715416076,73.91512567981383,60.475418911797384
2026-08-05,ALLE,36.29859069685785,29.915569440115036,58.30201785740369,60.47303595945643
2026-08-05,SNA,36.266985223704154,29.873428809243443,45.50074935846077,60.466012520977834
2026-08-05,DIS,36.25663408620841,29.859627292582445,25.669882550849785,60.463712268201
2026-08-05,MSI,36.19637725176505,29.779284846657973,29.96163730772082,60.45032186054692
2026-08-05,CLX,36.17696963560819,29.75340802511549,23.302017857403694,60.446009056956505
2026-08-05,STX,36.17623985816034,35.169101655185024,79.42252525698086,48.640291328634774
2026-08-05,VLTO,36.11154847048926,29.66617980495692,50.828444918714474,60.431471020263416
2026-08-05,LDOS,36.09354055395827,29.642169249582267,33.143455489539,60.427469261034304
2026-08-05,ADP,36.067071086286205,29.606876626019513,50.53246183203371,60.421587157107176
2026-08-05,BMY,36.04977629465984,29.583816903851023,84.57051680032123,60.4177438700791
2026-08-05,SHW,36.02434478020138,29.549908217906413,55.71216584894702,60.412092422421665
2026-08-05,TGT,35.91319261377474,29.401705329337553,26.705823354232447,60.38739194099352
2026-08-05,IRM,35.89825470357772,29.38178811574153,89.3062461872134,60.38407240539418
2026-08-05,RTX,35.88353646853065,29.362163802345442,66.88552737114576,60.380801686494834
2026-08-05,NEM,35.84065240238633,29.304985047486348,52.82633075380961,60.37127189401832
2026-08-05,ECL,35.786272607555304,29.232478654378305,43.724850838376206,60.35918749516698
2026-08-05,ITW,35.786272607555304,29.232478654378305,50.828444918714474,60.35918749516698
2026-08-05,MET,35.743703971062956,34.59238713905518,65.36332863964469,48.54417224261313
2026-08-05,CBOE,35.741126242051386,29.172283500373084,75.24704956987725,60.34915496949944
2026-08-05,PFE,35.734852257340926,29.163918187425807,32.033518914486145,60.347760750674894
2026-08-05,VRSN,35.728620808120034,29.155609588464614,48.60857176860877,60.346375984181364
2026-08-05,ROST,35.716283797541294,29.13916024102629,71.69525252970811,60.343634426274974
2026-08-05,MTD,35.716283797541294,29.13916024102629,60.29990369249883,60.343634426274974
2026-08-05,CHD,35.680249954761805,29.091115117320307,50.01449143034238,60.335626905657314
2026-08-05,AME,35.623263526084976,29.015133212417865,55.49017853393646,60.32296325484024
2026-08-05,ETN,35.623263526084976,29.015133212417865,29.073688047678537,60.32296325484024
2026-08-05,WSM,35.60687091100041,28.993276392305106,44.83478741342906,60.31932045148811
2026-08-05,EQIX,35.544299099762966,28.909847310655188,67.10751468615634,60.30541560454646
2026-08-05,TJX,35.50029459156334,28.85117463305569,67.40349777283708,60.29563682494654
2026-08-05,FAST,35.46310688479496,28.801591024031183,56.23013625063837,60.287372890109125
2026-08-05,NWS,35.427604739806455,28.754254830713172,31.811531599475575,60.27948352455612
2026-08-05,PANW,35.365198625568844,28.67104667839636,40.17305379820707,60.26561549916999
2026-08-05,GRMN,35.33778431298553,28.634494261618606,69.91935400962356,60.25952342970703
2026-08-05,HON,35.30400596355252,28.589456462374592,86.49440686374618,60.25201712983303
2026-08-05,HST,35.20201819352531,28.453472769004982,82.20265210687515,60.22935318093809
2026-08-05,AXON,35.192626513983235,28.44095052961555,80.57474513013096,60.227266141039856
2026-08-05,KO,35.177270450277,28.420475778007237,58.81998825909503,60.22385368243847
2026-08-05,DASH,35.10025756775206,28.317791934640653,33.58743011956014,60.206739708544035
2026-08-05,PSA,35.041603531516415,28.239586552993117,74.21110876649459,60.19370547826945
2026-08-05,BIIB,34.95836961129921,28.128607992703515,21.082144707297985,60.17520905155451
2026-08-05,NUE,34.933913683296396,28.09600008869976,81.46269439017324,60.16977440088722
2026-08-05,GE,34.918226137797426,28.075083361367803,61.2618487242113,60.166288279665224
2026-08-05,FCX,34.84473893178789,27.977100420021756,66.14556965444385,60.14995778944088
2026-08-05,KKR,34.797531718037426,33.33082413502114,68.32315950645231,48.33391174194079
2026-08-05,EXR,34.74235500467029,27.840588517198285,46.314702846832866,60.127205805636976
2026-08-05,UAL,34.72804180014348,27.821504244495877,28.925696504338156,60.124025093519904
2026-08-05,BRK-B,34.433804946847204,27.429188440100845,83.09060136691743,60.05863912612073
2026-08-05,STLD,34.34883715636381,27.31589805278965,79.5388043267483,60.0397573949022
2026-08-05,INVH,34.30787883986211,27.26128696412072,78.05888889334449,60.03065554679071
2026-08-05,DLR,34.29251143382773,27.240797089408204,22.71005168404217,60.02724056767196
2026-08-05,HPQ,34.1375259591691,27.03414978986337,58.30201785740369,59.99279935108115
2026-08-05,BA,34.112410835790534,27.000662958691954,40.17305379820707,59.987218212552584
2026-08-05,AIG,33.59116209542988,31.72233130487774,57.88975570095549,48.06582960358356
2026-08-05,BSX,33.21304624356781,31.218176835728315,51.97009396734027,47.98180385872532
2026-08-05,CIEN,33.21304624356781,31.218176835728315,85.04620390391531,47.98180385872532
2026-08-05,ADI,33.21304624356781,31.218176835728315,77.49863519355591,47.98180385872532
2026-08-05,ADBE,33.09442166259148,31.060010727759874,43.904554855289526,47.955442840730576
2026-08-05,FSLR,33.03862968195182,31.801506242602418,58.73150105708245,43.425251040433736
2026-08-05,APA,32.758597144616225,30.61224470379286,63.43943857621976,47.88081517006941
2026-08-05,RVTY,32.758597144616225,30.61224470379286,38.87284238171659,47.88081517006941
2026-08-05,DVA,32.35262261621946,30.07094533259719,68.61914259313308,47.79059860820347
2026-08-05,CRM,32.25780619675838,29.94452343998241,71.20899460158974,47.76952829276767
2026-08-05,CVX,32.07546692856398,29.701404415723218,82.53034766712885,47.72900845539114
2026-08-05,STT,32.07546692856398,29.701404415723218,21.85381489757283,47.72900845539114
2026-08-05,FIX,31.902244623779318,29.470441342676985,67.13922715972927,47.69051460988343
2026-08-05,ALGN,31.902244623779318,29.470441342676985,25.55360348108234,47.69051460988343
2026-08-05,AES,31.81884129184595,29.35923690009917,84.45423773055379,47.671980536120465
2026-08-05,INTU,31.737472187520723,29.250744760998863,46.86438572209713,47.653898512937076
2026-08-05,AJG,31.737472187520723,29.250744760998863,26.441552741124625,47.653898512937076
2026-08-05,JBL,31.737472187520723,29.250744760998863,61.367556969454434,47.653898512937076
2026-08-05,GNRC,31.658063784504535,29.14486689031061,76.16671130349248,47.636252201155706
2026-08-05,CTSH,31.28809281590638,28.651572265513074,39.242821240067535,47.55403643035611
2026-08-05,TEL,31.28809281590638,28.651572265513074,56.03986140920073,47.55403643035611
2026-08-05,ADSK,31.151614636379065,28.46960135947665,80.60645760370389,47.52370794601671
2026-08-05,CHTR,31.08562518693728,28.381615426887606,53.00603477072293,47.50904362391854
2026-08-05,LULU,31.08562518693728,28.381615426887606,20.22590792082864,47.50904362391854
2026-08-05,COHR,31.021070290744234,28.29554223196355,35.17305379820707,47.49469809143119
2026-08-05,CCI,30.957903671888673,28.211320073489468,17.26607705402103,47.48066106501884
2026-08-05,FLEX,30.896081023647064,28.128889875833984,70.98700728657916,47.466922698742934
2026-08-05,TECH,30.718261241591286,27.891796833092954,78.53457599693857,47.42740719161942
2026-08-05,EG,30.718261241591286,27.891796833092954,26.14556965444386,47.42740719161942
2026-08-05,FTV,30.661407297668696,27.81599157452949,39.464808555078115,47.41477298185885
2026-08-05,NOW,30.605701918269787,27.74171773533095,22.741764157615112,47.402394008659094
2026-08-05,HSY,30.55111064645886,27.66892937291638,84.15825464387302,47.39026261492333
2026-08-05,KDP,30.393696979198225,27.459044483235537,18.745992487424836,47.355281799976524
2026-08-05,PYPL,30.29375179363592,27.32578423581912,31.02929058467642,47.33307175874045
2026-08-05,ACGL,30.29375179363592,27.32578423581912,27.921468174528428,47.33307175874045
2026-08-05,MRVL,30.24519351951838,27.26103987032907,16.378127793978745,47.32228103115878
2026-08-05,BAC,30.24519351951838,27.26103987032907,64.40138360793223,47.32228103115878
2026-08-05,BR,30.24519351951838,27.26103987032907,51.97009396734027,47.32228103115878
2026-08-05,GLW,30.197542876692758,27.197505679894917,55.66988255084978,47.31169199941975
2026-08-05,APP,30.10486456220623,27.07393459391288,77.79461828023666,47.291096818422744
2026-08-05,PCG,29.97205322760724,26.89685281444755,67.58320178975042,47.26158318851186
2026-08-05,AMD,29.887395710231267,26.783976124612927,75.94472398848191,47.24277040687276
2026-08-05,AFL,29.726689914534518,26.569701730350587,85.34218699059608,47.20705800782903
2026-08-05,PSX,29.688201551699578,26.518383913237344,18.006034770722934,47.19850503831016
2026-08-05,EOG,29.688201551699578,26.518383913237344,67.36121447473984,47.19850503831016
2026-08-05,HII,29.688201551699578,26.518383913237344,65.80730326966584,47.19850503831016
2026-08-05,UHS,29.65035466157856,26.467921393075983,45.828444918714474,47.19009461828326
2026-08-05,ACN,29.613133339889288,26.418292964156954,45.01449143034238,47.181823213463424
2026-08-05,NTRS,29.613133339889288,26.418292964156954,76.90666902019439,47.181823213463424
2026-08-05,SBUX,29.435888950892775,26.181967112161594,75.13077050010982,47.1424355714642
2026-08-05,RMD,29.435888950892775,26.181967112161594,46.64239840708657,47.1424355714642
2026-08-05,UNH,29.368868416303464,26.092606399375853,73.42886775169544,47.12754211933324
2026-08-05,PTC,29.368868416303464,26.092606399375853,25.701595024422723,47.12754211933324
2026-08-05,BNY,29.336137457550542,26.048965121038627,60.92358233943329,47.12026857294371
2026-08-05,GL,29.303910052009208,26.005995246983517,56.92781066924301,47.11310692726785
2026-08-05,HCA,29.303910052009208,26.005995246983517,48.19630961216056,47.11310692726785
2026-08-05,PSKY,29.27217466792652,25.96368140153993,20.37389946416902,47.10605461969392
2026-08-05,FDX,29.27217466792652,25.96368140153993,30.067345552963946,47.10605461969392
2026-08-05,TFC,29.2409201229966,25.922008674966705,66.10328635634662,47.09910916526505
2026-08-05,L,29.2409201229966,25.922008674966705,52.71005168404217,47.09910916526505
2026-08-05,MPWR,29.149934669978386,25.800694737609085,75.42675358679057,47.078890175705446
2026-08-05,LOW,29.12049819988426,25.76144611081692,32.73119333309079,47.07234873790675
2026-08-05,DE,29.12049819988426,25.76144611081692,27.625485087847668,47.07234873790675
2026-08-05,AZO,29.12049819988426,25.76144611081692,43.60857176860877,47.07234873790675
2026-08-05,AKAM,29.09149145928056,25.722770456678646,25.18362462273139,47.06590279555038
2026-08-05,BALL,29.09149145928056,25.722770456678646,58.185738787636254,47.06590279555038
2026-08-05,LRCX,29.06290510622184,25.684655319267023,64.6233709229428,47.05955027264844
2026-08-05,OTIS,28.952585940896633,25.537563098833417,49.084258872202845,47.03503490257617
2026-08-05,FFIV,28.89972467417831,25.467081409875647,47.82633075380961,47.02328795441654
2026-08-05,GS,28.87384088150933,25.43256968631701,76.31470284683286,47.017536000490104
2026-08-05,BRO,28.72573759100606,25.23509863231265,42.720622508566485,46.984624158156045
2026-08-05,T,28.633372098004024,25.111944641643262,41.8326732485242,46.96409849304448
2026-08-05,SYK,28.633372098004024,25.111944641643262,69.06311722315422,46.96409849304448
2026-08-05,MPC,28.588954297229158,25.05272090727678,35.17305379820707,46.954227870650065
2026-08-05,AOS,28.588954297229158,25.05272090727678,24.295675362689106,46.954227870650065
2026-08-05,KVUE,28.5456539254046,24.994987078177374,69.72907916818593,46.94460556580016
2026-08-05,DLTR,28.5456539254046,24.994987078177374,45.38447028869333,46.94460556580016
2026-08-05,AXP,28.503429339215437,24.938687629925155,47.30836035211828,46.93522232442479
2026-08-05,TRMB,28.503429339215437,24.938687629925155,71.87495654662145,46.93522232442479
2026-08-05,VRTX,28.482708014511502,24.911059196986564,44.05254639862991,46.930617585601695
2026-08-05,BBY,28.442023462348885,24.85681312743641,66.99123561638889,46.921576574010004
2026-08-05,MTB,28.42205104583269,24.830183238748155,60.553603481082334,46.91713825922863
2026-08-05,SLB,28.40231926084079,24.803874192092287,20.817874094190163,46.912753418119316
2026-08-05,V,28.40231926084079,24.803874192092287,46.19842377706542,46.912753418119316
2026-08-05,SYY,28.382823784651187,24.77788022383948,40.72273667347135,46.908421090077184
2026-08-05,MCK,28.382823784651187,24.77788022383948,66.54726098636775,46.908421090077184
2026-08-05,MDT,28.344524979355633,24.72681515011208,55.29990369249883,46.899910244455945
2026-08-05,KEY,28.344524979355633,24.72681515011208,60.33161616607176,46.899910244455945
2026-08-05,DOV,28.344524979355633,24.72681515011208,50.12019967558551,46.899910244455945
2026-08-05,VTR,28.28874677745717,24.65244421424746,28.143455489539,46.88751508847851
2026-08-05,FE,28.28874677745717,24.65244421424746,44.27453371364048,46.88751508847851
2026-08-05,HRL,28.217333776541714,24.557226879693523,29.253392064591853,46.87164553271952
2026-08-05,TSCO,28.19998485541536,24.534094984858378,24.295675362689106,46.86779021691366
2026-08-05,ULTA,28.182830865987057,24.511222998953976,52.414068597361414,46.86397821926293
2026-08-05,MAS,28.165868541245096,24.4886065659647,59.73964999271024,46.860208813764714
2026-08-05,RF,28.149094686778056,24.46624142667531,44.496521028651046,46.856481290549816
2026-08-05,DPZ,28.116099962057163,24.422248460380786,42.27664787854534,46.84914912950073
2026-08-05,STE,28.067945498950998,24.35804250957257,71.20899460158974,46.83844813769936
2026-08-05,ZTS,28.067945498950998,24.35804250957257,41.314702846832866,46.83844813769936
2026-08-05,GEHC,28.021327880412052,24.29588568485397,53.671996715754645,46.82808866691293
2026-08-05,PNC,27.903991017422868,24.139436534201728,60.18362462273139,46.80201380847089
2026-08-05,MS,27.862421927770924,24.084011081332463,73.650855066706,46.79277623299268
2026-08-05,HBAN,27.84884269181795,24.065905433395173,31.473265214697562,46.78975862500313
2026-08-05,CMG,27.84884269181795,24.065905433395173,32.213222931399464,46.78975862500313
2026-08-05,FITB,27.782933717314513,23.978026800723924,28.957408977911093,46.77511218622459
2026-08-05,CSX,27.757461649873576,23.944064044136,58.70370918932758,46.76945172679327
2026-08-05,MCO,27.757461649873576,23.944064044136,72.02294808996183,46.76945172679327
2026-08-05,USB,27.70796616337696,23.878070062140512,57.88975570095549,46.75845272979402
2026-08-05,ABT,27.683915539656773,23.84600256384693,18.893984030765214,46.75310814674509
2026-08-05,AEP,27.62571964969164,23.768408043893423,19.485950204126738,46.74017572675284
2026-08-05,CINF,27.61439935328746,23.753314315354523,74.98277895676944,46.73766010532969
2026-08-05,KMB,27.592066098843027,23.723536642761935,54.48595020412674,46.73269715989759
2026-08-05,CL,27.476116077384724,23.568936614150868,29.105400521251475,46.70693048846241
2026-08-05,TRV,27.436632325855783,23.516291612112276,72.1709396333022,46.69815632145598
2026-08-05,AAPL,27.34354055395827,23.392169249582263,61.885527371145756,46.67746926103431
2026-08-05,ICE,27.334645955509764,23.380309784984256,50.49017853393646,46.67549268360131
2026-08-05,PM,27.317071086286205,23.356876626019513,27.77347663118805,46.67158715710718
2026-08-05,EXE,27.257721576740252,23.27774394662491,19.189967117445978,46.65839837720809
2026-08-05,MCD,27.22524239459313,23.23443837042874,42.42463942188572,46.65118078117539
2026-08-05,AWK,27.22524239459313,23.23443837042874,44.644512571991434,46.65118078117539
2026-08-05,ES,27.178355154200283,23.17192204990495,15.934153163957603,46.640761394421425
2026-08-05,GD,27.178355154200283,23.17192204990495,49.38024195888361,46.640761394421425
2026-08-05,ERIE,27.17074548971705,23.16177583059397,38.576859295035824,46.6390703578696
2026-08-05,CB,27.097670733307666,23.064342822048122,32.73119333309079,46.622831523111955
2026-08-05,MNST,27.049580339036837,23.00022229635369,62.25550622949672,46.61214476882955
2026-08-05,WST,26.991126242051386,22.922283500373084,54.855929062477685,46.599154969499445
2026-08-05,O,26.930249954761805,22.841115117320307,54.48595020412674,46.58562690565732
2026-08-05,TDG,26.918553723826818,22.82552014274033,48.04831806882019,46.58302774322732
2026-08-05,AON,26.907009886780244,22.81012836001156,31.25127789968699,46.58046244610586
2026-08-05,CDNS,26.884367634052225,22.77993868970754,78.23859291025781,46.57543083438853
2026-08-05,ALL,26.856870911000406,22.743276392305106,82.8263307538096,46.56932045148812
2026-08-05,BXP,26.830230783682282,22.707756222547616,22.075802212583397,46.563400423195205
2026-08-05,UNP,26.819805668843244,22.69385606942889,42.12865633520496,46.56108373100875
2026-08-05,CTAS,26.80950886310991,22.680126995117785,52.71005168404217,46.5587955519569
2026-08-05,EIX,26.70857933523537,22.545554291285065,71.72696500328107,46.53636676798478
2026-08-05,IDXX,26.65622163921107,22.475744029919333,53.9679798024354,46.52473172442382
2026-08-05,WELL,26.62322389271852,22.431747034595936,65.14134132463413,46.517398891869924
2026-08-05,CASY,26.60332296070314,22.405212458575424,73.94683815338678,46.512976462533175
2026-08-05,CEG,26.59163781452512,22.389632263671402,84.60222927389417,46.5103797633825
2026-08-05,NOC,26.587784312985526,22.384494261618606,28.80941743457071,46.50952342970704
2026-08-05,CF,26.587784312985526,22.384494261618606,77.94260982357704,46.50952342970704
2026-08-05,EXPD,26.546713573778554,22.329733276009307,70.69102419989841,46.50039659877215
2026-08-05,VLO,26.471215891412783,22.229069699521617,83.56628847051151,46.483619336024205
2026-08-05,JNJ,26.42424280083705,22.1664389120873,32.43521024641003,46.47318087145182
2026-08-05,DOC,26.397624716177468,22.130948132541192,82.97432229714998,46.46726574152746
2026-08-05,NSC,26.363812554582857,22.085865250415047,29.845358237953377,46.459751927839775
2026-08-05,SPG,26.326604411692728,22.036254393228205,53.524005172414256,46.45148345164197
2026-08-05,CME,26.296475994471045,21.99608317026597,37.98489312167431,46.44478824781493
2026-08-05,WRB,26.249541249275374,21.933503510005067,51.674110880659505,46.43435830443811
2026-08-05,PG,26.116868437227637,21.756606427274757,24.517662677699676,46.40487545731639
2026-08-05,KR,26.047531718037426,27.08082413502114,44.23225041554323,34.58391174194079
2026-08-05,TROW,25.992355004670287,21.590588517198285,61.66354005613519,46.37720580563698
2026-08-05,ESS,25.91645164733115,21.489384040746103,16.97009396734027,46.36033839289495
2026-08-05,MAA,25.915356516591245,21.48792386642623,49.60222927389418,46.360095030508305
2026-08-05,AVB,25.90034543582165,21.46790909206677,19.92992483414788,46.35675923478173
2026-08-05,CSGP,25.878216683285494,26.85507075535189,79.75022081723455,34.546286178662584
2026-08-05,SBAC,25.866219998066768,21.422408508393595,26.589544284465003,46.34917580416953
2026-08-05,SWKS,25.769935280346807,21.294028884766973,17.11808551068065,46.32777920023177
2026-08-05,LEN,25.624852251272777,21.10058484600161,20.521891007509403,46.2955385271042
2026-08-05,MRK,25.594712043087647,21.06039790175476,35.17305379820707,46.28884070306306
2026-08-05,OMC,25.484992765309904,20.914105531384447,72.46692271998296,46.26445864133468
2026-08-05,EQR,25.48226019738088,20.910462107479084,20.07791637748826,46.26385140401712
2026-08-05,FOXA,25.355566845037906,20.74153763768844,18.524005172414263,46.235697325718675
2026-08-05,INCY,25.336407399954773,20.715991710910927,66.84324407304851,46.23143967125576
2026-08-05,NRG,25.256469670425922,26.0260747382058,10.786161620617225,34.4081201758049
2026-08-05,PGR,25.235758498056285,20.58179317504628,40.35275781512039,46.209073248611645
2026-08-05,PLD,25.187079390622912,20.51688769846845,74.68679587008867,46.19825566918201
2026-08-05,CMCSA,25.184373981192167,20.51328048589412,17.41406859736141,46.19765446708629
2026-08-05,COR,24.711245366841375,25.29910900009307,73.38658445359818,34.28695921945278
2026-08-05,GDDY,24.34442166259148,24.810010727759874,57.699480859517855,34.205442840730576
2026-08-05,HAL,23.23775943247048,23.33446108759854,48.00603477072293,33.95951790070369
2026-08-05,ORCL,23.152244623779314,23.22044134267699,53.185738787636254,33.94051460988343
2026-08-05,CI,22.908063784504535,22.894866890310613,41.19842377706542,33.886252201155706
2026-08-05,TTD,22.680918817737293,22.59200693462096,18.18573878763625,33.83577554187409
2026-08-05,SMCI,22.33562518693728,22.13161542688761,77.67833921046922,33.75904362391854
2026-08-05,APTV,22.085559904842114,21.798195050760718,30.173053798207075,33.70347356123072
2026-08-05,TSN,21.593243880717253,21.1417736852609,75.16248297368276,33.59407000031408
2026-08-05,VRT,21.137395710231267,20.533976124612927,66.4309819166003,33.49277040687276
2026-08-05,PNR,21.0556574175924,20.42499173442777,21.293561197784243,33.4746063418419
2026-08-05,LVS,21.015836198101674,20.371896775106798,18.48172187431701,33.46575718195507
2026-08-05,MGM,20.938201551699578,20.268383913237344,78.86227155719227,33.44850503831016
2026-08-05,OXY,20.90035466157856,20.217921393075983,77.38235612378845,33.44009461828326
2026-08-05,CTVA,20.863133339889288,20.168292964156954,22.181510457826526,33.431823213463424
2026-08-05,TXN,20.82652220380148,20.11947811603988,65.83901574323878,33.423687405443914
2026-08-05,TRGP,20.7202034646025,19.977719797107902,74.12654217030008,33.40006101895525
2026-08-05,DHR,20.652114823225716,19.88693494193886,67.76290580666372,33.38493020976041
2026-08-05,TKO,20.553910052009208,19.755995246983517,45.86015739228741,33.36310692726785
2026-08-05,AMAT,20.52217466792652,19.71368140153993,59.17939629292166,33.35605461969392
2026-08-05,ELV,20.460135571223525,19.630962605935935,20.40561193774196,33.342268153759925
2026-08-05,PODD,20.07312977750481,19.11495488097765,74.71850834366161,33.25626686626688
2026-08-05,TYL,20.023780045419876,19.049155238197734,47.414068597361414,33.24530025913689
2026-08-05,CMI,19.999598676698255,19.016913413235578,17.88975570095549,33.2399266216432
2026-08-05,CARR,19.999598676698255,19.016913413235578,20.8495865677631,33.2399266216432
2026-08-05,PEP,19.975737591006062,18.98509863231265,73.83055908361933,33.234624158156045
2026-08-05,VST,19.929610894635715,24.34026303715219,25.173053798207075,21.418818225629295
2026-08-05,MO,19.861020832870516,18.83214295479859,26.62125675803794,33.209131545237035
2026-08-05,HLT,19.7956539254046,18.744987078177374,45.12019967558551,33.19460556580016
2026-08-05,XYL,19.77440968047818,18.71666141827548,51.48383603922187,33.18988462248318
2026-08-05,NFLX,19.753429339215437,18.688687629925155,42.45635189545866,33.18522232442479
2026-08-05,AMT,19.7327080145115,18.661059196986567,73.9785506269597,33.180617585601695
2026-08-05,UPS,19.71224093919043,18.63376976322514,13.154026314063312,33.176069346641455
2026-08-05,STZ,19.65231926084079,18.553874192092287,58.143455489538994,33.162753418119316
2026-08-05,GEV,19.61356039746384,18.50219570758969,58.809417434570705,33.15414033736888
2026-08-05,IBKR,19.594524979355633,18.47681515011208,61.251277899687,33.149910244455945
2026-08-05,EFX,19.53874677745717,18.402444214247463,32.392926948312784,33.13751508847851
2026-08-05,ISRG,19.5205839332937,18.37822708869617,55.775590796092914,33.13347890088663
2026-08-05,KLAC,19.48488097105237,18.33062313904106,46.45212356564893,33.125544909277444
2026-08-05,VRSK,19.271327880412052,18.04588568485397,25.881299041336042,33.07808866691293
2026-08-05,CAT,19.168131613731823,17.908290662613666,57.84747240285824,33.05515616320621
2026-08-05,YUM,19.139993980467306,17.87077381826098,73.68256754027894,33.0489033558141
2026-08-05,ETR,19.09884269181795,17.815905433395173,26.769248301378322,33.03975862500313
2026-08-05,BLDR,19.07208756355418,17.780231929043477,30.173053798207075,33.033813040944516
2026-08-05,LIN,19.05890769741439,17.762658774190427,42.60434343879904,33.030884181802335
2026-08-05,HUM,19.020135858187636,17.710962988554748,56.145569654443854,33.02226821752973
2026-08-05,JKHY,18.99490930894715,17.677327589567433,43.78827578552209,33.016662317698504
2026-08-05,ROK,18.97016326540648,17.644332864846543,62.36121447473984,33.01116319691169
2026-08-05,SNPS,18.97016326540648,17.644332864846543,10.490178533936463,33.01116319691169
2026-08-05,OKE,18.922058806934903,17.58019358688444,49.70793751913731,33.00047331725134
2026-08-05,GWW,18.898674695177885,17.549014771208416,50.00392060581807,32.995276847972
2026-08-05,MKC,18.85318196866878,17.488357802529606,19.813645764380436,32.9851673531922
2026-08-05,MAR,18.85318196866878,17.488357802529606,34.83478741342906,32.9851673531922
2026-08-05,MSCI,18.80931398239214,17.429867154160757,51.63182758256226,32.97541891179739
2026-08-05,WMB,18.79859069685785,17.415569440115036,65.54303265655803,32.97303595945644
2026-08-05,IBM,18.77742756064921,17.387351925170183,26.917239844718704,32.968333040298965
2026-08-05,EQT,18.73620067193108,17.332382740212672,11.822102423999887,32.95917150947271
2026-08-05,VMC,18.73620067193108,17.332382740212672,33.132884665014686,32.95917150947271
2026-08-05,WM,18.73620067193108,17.332382740212672,39.27453371364048,32.95917150947271
2026-08-05,EVRG,18.706205467639357,17.29238913449038,50.66988255084978,32.952505908519
2026-08-05,LNT,18.706205467639357,17.29238913449038,25.73330749799566,32.952505908519
2026-08-05,ADM,18.6484646993778,17.21540144347497,32.54091849165316,32.93967462668309
2026-08-05,SO,18.639120757625932,17.202942854472475,57.99546394619862,32.93759819518268
2026-08-05,AEE,18.6025077613737,17.154125526136177,43.492292698841325,32.929461973793295
2026-08-05,DUK,18.55838910088977,17.09530064549093,41.64239840708657,32.91965782701909
2026-08-05,JBHT,18.532754938474206,17.061121762270176,64.50709185317535,32.913961346482296
2026-08-05,NI,18.524344780201382,17.049908217906413,36.314702846832866,32.91209242242167
2026-08-05,REG,18.46727815069498,16.973819378564542,39.79250411533181,32.89941094919803
2026-08-05,EXC,18.443747430086823,16.942445084420335,28.101172191441748,32.89418190017399
2026-08-05,DVN,18.247443199259855,16.680706109984378,11.674110880659509,32.850558737768
2026-08-05,D,18.228620808120034,16.655609588464614,12.858043227382552,32.84637598418137
2026-08-05,ED,18.222431463285766,16.64735712868559,43.93626732886247,32.8450005742182
2026-08-05,ODFL,18.204111830582335,16.622930951747684,58.58743011956014,32.840929544728546
2026-08-05,KIM,18.00029459156334,16.35117463305569,57.551489316177474,32.79563682494655
2026-08-05,KMI,17.940727854114705,16.27175231645751,52.59377261427473,32.782399772180185
2026-08-05,CPRT,17.940727854114705,16.27175231645751,32.83690157833392,32.782399772180185
2026-08-05,PNW,17.90622163921107,16.225744029919333,30.173053798207075,32.77473172442382
2026-08-05,FRT,17.90201649463716,16.22013717048745,14.041975574105596,32.773797247851846
2026-08-05,WMT,17.67122943276238,15.912421087987742,51.2618487242113,32.722511234101894
2026-08-05,COST,17.56638770455406,15.772632117043319,64.35910030983497,32.69921307227782
2026-08-05,NXPI,17.473003663143977,21.064786728496543,64.24282124006753,20.87290550752002
2026-08-05,UBER,17.07383487618479,15.115895012550958,11.230136250638367,32.58975688819576
2026-08-05,UDR,17.058084640393915,15.09489469816312,70.72273667347133,32.58625683579779
2026-08-05,CPT,16.985946155855544,14.99871005211196,11.526119337319127,32.57022606145593
2026-08-05,FANG,16.49175853269099,14.33979322122589,75.01449143034237,32.46040658964158
2026-08-05,QCOM,16.09116209542988,19.22233130487774,12.297789527593967,20.565829603583555
2026-08-05,FICO,14.66545254143914,17.321385232890094,57.7311933330908,20.24900525825228
2026-08-05,SRE,14.48775943247048,17.08446108759854,39.60222927389418,20.209517900703688
2026-08-05,TMUS,14.402244623779314,16.97044134267699,30.944723988481915,20.19051460988343
2026-08-05,META,14.158063784504535,16.644866890310613,15.18362462273139,20.1362522011557
2026-08-05,TXT,12.387395710231269,14.283976124612927,30.72273667347135,19.74277040687275
2026-08-05,DECK,12.076522203801483,13.86947811603988,27.688910034993548,19.67368740544391
2026-08-05,LII,11.970203464602497,13.727719797107898,27.244935404972402,19.650061018955245
2026-08-05,PPL,11.59149145928056,13.22277045667865,33.09060136691743,19.56590279555037
2026-08-05,BG,11.59149145928056,13.22277045667865,54.03140474958128,19.56590279555037
2026-08-05,LHX,11.067167084823762,12.523671290736253,18.587430119560143,19.449386267893306
2026-08-05,NKE,11.024409680478179,12.466661418275475,73.27030538383075,19.439884622483177
2026-08-05,NEE,10.491067321009579,11.755538272317342,61.578973459940684,19.32136409815682
2026-08-05,CRH,10.403991017422868,11.639436534201728,39.82421658890475,19.302013808470885
2026-08-05,SPGI,10.403991017422868,11.639436534201728,44.263962889116165,19.302013808470885
2026-08-05,DTE,10.389993980467306,11.620773818260979,48.5557176459872,19.298903355814094
2026-08-05,CNP,10.36242192777092,11.584011081332465,49.07368804767853,19.292776232992676
2026-08-05,ATO,10.244909308947147,11.427327589567433,41.008148935627794,19.266662317698504
2026-08-05,XEL,10.195884128347712,11.361960682101518,49.591658449369866,19.25576783312085
2026-08-05,CHRW,10.12571964969164,11.268408043893421,49.443666906029485,19.240175726752835
2026-08-05,WEC,9.99637295860392,11.095945789109798,46.92781066924301,19.21143201762223
2026-08-05,HOOD,9.956205467639359,11.042389134490382,59.951066483196506,19.202505908518994
2026-08-05,MLM,9.611860522370431,10.58326254079848,12.075802212583397,19.125984809570344
2026-08-05,CMS,9.59065240238633,10.554985047486344,9.337958660786356,19.12127189401832
2026-08-05,ROL,9.576766133349121,10.536470022103398,28.42886775169545,19.118186056454498
2026-08-05,RSG,9.430249954761802,10.341115117320307,33.312588681928005,19.085626905657314
2026-08-05,PEG,9.06508809919327,9.85423264322893,9.63394174746712,19.004479826642086
2026-08-05,TSLA,8.791603531516413,9.48958655299312,21.25127789968699,18.94370547826945
2026-08-05,NVR,8.734006509668356,9.412790523862379,12.445781070934348,18.930906140080992
2026-08-05,TPL,8.383892050858057,8.945971245448646,45.29990369249883,18.85310292701204
2026-08-05,CVNA,,,73.42886775169544,
2026-08-05,FOX,,,18.524005172414263,
2026-08-05,SNDK,,,30.173053798207075,
2026-08-05,VICI,,,14.781933290807498,
